-- phpMyAdmin SQL Dump
-- version 4.8.5
-- https://www.phpmyadmin.net/
--
-- Máy chủ: 127.0.0.1
-- Thời gian đã tạo: Th4 28, 2021 lúc 08:27 AM
-- Phiên bản máy phục vụ: 10.4.17-MariaDB
-- Phiên bản PHP: 7.2.18

SET SQL_MODE = "NO_AUTO_VALUE_ON_ZERO";
SET AUTOCOMMIT = 0;
START TRANSACTION;
SET time_zone = "+00:00";


/*!40101 SET @OLD_CHARACTER_SET_CLIENT=@@CHARACTER_SET_CLIENT */;
/*!40101 SET @OLD_CHARACTER_SET_RESULTS=@@CHARACTER_SET_RESULTS */;
/*!40101 SET @OLD_COLLATION_CONNECTION=@@COLLATION_CONNECTION */;
/*!40101 SET NAMES utf8mb4 */;

--
-- Cơ sở dữ liệu: `coniu`
--

-- --------------------------------------------------------

--
-- Cấu trúc bảng cho bảng `ads_campaigns`
--

CREATE TABLE `ads_campaigns` (
  `campaign_id` int(10) NOT NULL,
  `campaign_user_id` int(10) UNSIGNED NOT NULL,
  `campaign_title` varchar(255) NOT NULL,
  `campaign_start_date` datetime NOT NULL,
  `campaign_end_date` datetime NOT NULL,
  `campaign_budget` double NOT NULL,
  `campaign_spend` double NOT NULL DEFAULT 0,
  `campaign_bidding` enum('click','view') NOT NULL,
  `audience_countries` text NOT NULL,
  `audience_gender` varchar(32) NOT NULL,
  `audience_relationship` varchar(64) NOT NULL,
  `ads_title` varchar(255) DEFAULT NULL,
  `ads_description` text DEFAULT NULL,
  `ads_type` varchar(32) NOT NULL,
  `ads_url` varchar(255) DEFAULT NULL,
  `ads_page` int(10) UNSIGNED DEFAULT NULL,
  `ads_group` int(10) UNSIGNED DEFAULT NULL,
  `ads_event` int(10) UNSIGNED DEFAULT NULL,
  `ads_placement` enum('newsfeed','sidebar') NOT NULL,
  `ads_image` varchar(255) NOT NULL,
  `campaign_created_date` datetime NOT NULL,
  `campaign_is_active` enum('0','1') NOT NULL DEFAULT '1',
  `campaign_views` int(10) UNSIGNED NOT NULL DEFAULT 0,
  `campaign_clicks` int(10) UNSIGNED NOT NULL DEFAULT 0
) ENGINE=MyISAM DEFAULT CHARSET=utf8 ROW_FORMAT=DYNAMIC;

-- --------------------------------------------------------

--
-- Cấu trúc bảng cho bảng `ads_system`
--

CREATE TABLE `ads_system` (
  `ads_id` int(10) NOT NULL,
  `title` varchar(255) NOT NULL,
  `place` varchar(32) NOT NULL,
  `code` text NOT NULL,
  `time` datetime NOT NULL
) ENGINE=MyISAM DEFAULT CHARSET=utf8;

-- --------------------------------------------------------

--
-- Cấu trúc bảng cho bảng `ads_users_wallet_transactions`
--

CREATE TABLE `ads_users_wallet_transactions` (
  `transaction_id` int(10) NOT NULL,
  `user_id` int(10) UNSIGNED NOT NULL,
  `node_type` varchar(32) NOT NULL,
  `node_id` int(10) UNSIGNED DEFAULT NULL,
  `amount` varchar(32) NOT NULL,
  `type` enum('in','out') NOT NULL,
  `date` datetime NOT NULL
) ENGINE=MyISAM DEFAULT CHARSET=utf8 ROW_FORMAT=DYNAMIC;

-- --------------------------------------------------------

--
-- Cấu trúc bảng cho bảng `affiliates_payments`
--

CREATE TABLE `affiliates_payments` (
  `payment_id` int(10) NOT NULL,
  `user_id` int(10) UNSIGNED NOT NULL,
  `email` varchar(64) NOT NULL,
  `amount` varchar(32) NOT NULL,
  `method` varchar(64) NOT NULL,
  `time` datetime NOT NULL,
  `status` tinyint(1) NOT NULL
) ENGINE=MyISAM DEFAULT CHARSET=utf8 ROW_FORMAT=DYNAMIC;

-- --------------------------------------------------------

--
-- Cấu trúc bảng cho bảng `announcements`
--

CREATE TABLE `announcements` (
  `announcement_id` int(10) NOT NULL,
  `name` varchar(255) NOT NULL,
  `title` varchar(255) NOT NULL,
  `type` varchar(32) NOT NULL,
  `code` text NOT NULL,
  `start_date` datetime NOT NULL,
  `end_date` datetime NOT NULL
) ENGINE=MyISAM DEFAULT CHARSET=utf8 ROW_FORMAT=COMPACT;

-- --------------------------------------------------------

--
-- Cấu trúc bảng cho bảng `announcements_users`
--

CREATE TABLE `announcements_users` (
  `id` int(10) UNSIGNED NOT NULL,
  `announcement_id` int(10) UNSIGNED NOT NULL,
  `user_id` int(10) UNSIGNED NOT NULL
) ENGINE=MyISAM DEFAULT CHARSET=utf8;

-- --------------------------------------------------------

--
-- Cấu trúc bảng cho bảng `banned_ips`
--

CREATE TABLE `banned_ips` (
  `ip_id` int(10) UNSIGNED NOT NULL,
  `ip` varchar(64) NOT NULL,
  `time` datetime NOT NULL
) ENGINE=MyISAM DEFAULT CHARSET=utf8;

-- --------------------------------------------------------

--
-- Cấu trúc bảng cho bảng `ci_attendance`
--

CREATE TABLE `ci_attendance` (
  `attendance_id` int(10) NOT NULL,
  `class_id` int(10) UNSIGNED NOT NULL COMMENT 'Trạng thái ngày hôm đó bé có đi học không.\nstatus = 1: bé đi học\nstatus = 0: bé nghỉ học',
  `attendance_date` date NOT NULL COMMENT 'Ngày điểm danh. Thông thường là ngày hiện tại.',
  `checked_user_id` int(10) NOT NULL DEFAULT 0 COMMENT 'ID người điểm danh, thông thường là cô giáo phụ trách lớp.',
  `recorded_at` datetime NOT NULL COMMENT 'Thời gian điểm danh, nó là current time khi lưu vào trong hệ thống.',
  `absence_count` int(10) UNSIGNED NOT NULL DEFAULT 0 COMMENT 'Số lượng học sinh vắng trong ngày.',
  `present_count` int(10) UNSIGNED NOT NULL DEFAULT 0,
  `is_checked` tinyint(1) UNSIGNED NOT NULL DEFAULT 1 COMMENT 'Giáo viên đã điểm danh chưa? Vì khi phụ huynh xin nghỉ cho con thì hệ thống tự tạo ra bản ghi ở bảng này, lúc đó giá trị này = 0'
) ENGINE=InnoDB DEFAULT CHARSET=utf8 COMMENT='Lưu điểm danh của lớp học chính khóa. Bé nào đi, bé nào nghỉ - lý do nghỉ';

--
-- Đang đổ dữ liệu cho bảng `ci_attendance`
--

INSERT INTO `ci_attendance` (`attendance_id`, `class_id`, `attendance_date`, `checked_user_id`, `recorded_at`, `absence_count`, `present_count`, `is_checked`) VALUES
(158185, 10833, '2021-03-31', 28076, '2021-03-31 10:28:10', 2, 6, 1),
(158186, 10831, '2021-03-31', 28075, '2021-03-31 10:04:02', 0, 4, 1),
(158187, 10830, '2021-04-06', 28082, '2021-03-31 10:47:41', 0, 0, 0),
(158188, 10835, '2021-04-02', 28076, '2021-04-02 11:04:45', 0, 2, 1),
(158189, 10833, '2021-04-06', 28076, '2021-04-16 14:06:10', 5, 3, 1),
(158193, 10833, '2021-04-13', 28076, '2021-04-16 13:46:57', 2, 7, 1),
(158194, 10833, '2021-04-01', 28076, '2021-04-16 14:05:27', 2, 6, 1),
(158195, 10833, '2021-04-02', 28076, '2021-04-16 14:05:36', 2, 6, 1),
(158196, 10833, '2021-04-03', 28076, '2021-04-16 14:05:44', 2, 6, 1),
(158197, 10833, '2021-04-04', 28076, '2021-04-16 14:05:51', 2, 6, 1),
(158198, 10833, '2021-04-05', 28076, '2021-04-16 14:05:59', 2, 6, 1),
(158199, 10833, '2021-04-07', 28076, '2021-04-16 14:06:16', 2, 7, 1),
(158200, 10833, '2021-04-08', 28076, '2021-04-16 14:06:23', 2, 7, 1),
(158201, 10833, '2021-04-09', 28076, '2021-04-16 14:06:32', 2, 7, 1),
(158202, 10833, '2021-04-10', 28076, '2021-04-16 14:06:39', 2, 7, 1),
(158203, 10833, '2021-04-11', 28076, '2021-04-16 14:07:50', 2, 7, 1),
(158204, 10833, '2021-04-12', 28076, '2021-04-16 14:07:58', 2, 7, 1),
(158205, 10833, '2021-04-14', 28076, '2021-04-16 14:08:09', 2, 7, 1),
(158206, 10833, '2021-04-15', 28076, '2021-04-16 14:08:16', 2, 7, 1),
(158207, 10833, '2021-04-16', 28076, '2021-04-16 14:08:24', 2, 7, 1),
(158208, 10833, '2021-03-01', 28076, '2021-04-16 14:08:43', 1, 5, 1),
(158209, 10833, '2021-03-02', 28076, '2021-04-16 14:08:51', 1, 5, 1),
(158210, 10833, '2021-03-03', 28076, '2021-04-16 14:08:56', 1, 5, 1),
(158211, 10833, '2021-03-04', 28076, '2021-04-16 14:09:01', 1, 5, 1),
(158212, 10833, '2021-03-05', 28076, '2021-04-16 14:09:08', 1, 5, 1),
(158213, 10833, '2021-03-06', 28076, '2021-04-16 14:09:14', 1, 5, 1),
(158214, 10833, '2021-03-07', 28076, '2021-04-16 14:09:20', 1, 5, 1),
(158215, 10833, '2021-03-08', 28076, '2021-04-16 14:09:27', 1, 5, 1),
(158216, 10833, '2021-03-09', 28076, '2021-04-16 14:09:33', 1, 5, 1),
(158217, 10833, '2021-03-10', 28076, '2021-04-16 14:09:40', 1, 5, 1),
(158218, 10833, '2021-03-11', 28076, '2021-04-16 14:09:46', 1, 5, 1),
(158219, 10833, '2021-03-12', 28076, '2021-04-16 14:09:52', 1, 5, 1),
(158220, 10833, '2021-03-13', 28076, '2021-04-16 14:10:08', 1, 5, 1),
(158221, 10833, '2021-03-14', 28076, '2021-04-16 14:10:14', 1, 5, 1),
(158222, 10833, '2021-01-01', 28076, '2021-04-16 14:44:09', 2, 4, 1),
(158223, 10833, '2021-01-02', 28076, '2021-04-16 14:44:15', 2, 4, 1),
(158224, 10833, '2021-01-03', 28076, '2021-04-16 14:44:21', 2, 4, 1),
(158225, 10833, '2021-01-04', 28076, '2021-04-16 14:44:41', 1, 5, 1),
(158226, 10833, '2021-01-05', 28076, '2021-04-16 14:44:47', 1, 5, 1),
(158227, 10833, '2021-01-06', 28076, '2021-04-16 14:44:53', 1, 5, 1),
(158228, 10833, '2021-01-07', 28076, '2021-04-16 14:44:58', 1, 5, 1),
(158229, 10833, '2021-01-08', 28076, '2021-04-16 14:45:04', 1, 5, 1),
(158230, 10833, '2021-01-09', 28076, '2021-04-16 14:45:10', 1, 5, 1),
(158231, 10833, '2021-01-10', 28076, '2021-04-16 14:45:15', 1, 5, 1),
(158232, 10833, '2021-01-11', 28076, '2021-04-16 14:45:21', 1, 5, 1),
(158233, 10833, '2021-01-12', 28076, '2021-04-16 14:45:27', 1, 5, 1),
(158234, 10833, '2021-01-13', 28076, '2021-04-16 14:45:34', 1, 5, 1),
(158235, 10833, '2021-01-14', 28076, '2021-04-16 14:45:39', 1, 5, 1),
(158236, 10833, '2021-01-15', 28076, '2021-04-16 14:45:44', 1, 5, 1),
(158237, 10833, '2021-01-16', 28076, '2021-04-16 14:45:49', 1, 5, 1),
(158238, 10833, '2021-01-17', 28076, '2021-04-16 14:45:55', 1, 5, 1),
(158239, 10833, '2021-01-18', 28076, '2021-04-16 14:46:00', 1, 5, 1),
(158240, 10833, '2021-01-19', 28076, '2021-04-16 14:46:06', 1, 5, 1),
(158241, 10833, '2021-01-20', 28076, '2021-04-16 14:46:11', 1, 5, 1),
(158242, 10833, '2021-01-21', 28076, '2021-04-16 14:46:17', 1, 5, 1),
(158243, 10833, '2021-01-22', 28076, '2021-04-16 14:46:22', 1, 5, 1),
(158244, 10833, '2021-01-23', 28076, '2021-04-16 14:46:27', 1, 5, 1),
(158245, 10833, '2021-01-24', 28076, '2021-04-16 14:46:32', 1, 5, 1),
(158246, 10833, '2021-01-25', 28076, '2021-04-16 14:46:47', 1, 5, 1),
(158247, 10833, '2021-01-26', 28076, '2021-04-16 14:46:53', 1, 5, 1),
(158248, 10833, '2021-01-27', 28076, '2021-04-16 14:46:58', 1, 5, 1),
(158249, 10833, '2021-01-28', 28076, '2021-04-16 14:47:03', 1, 5, 1),
(158250, 10833, '2021-01-29', 28076, '2021-04-16 14:47:08', 1, 5, 1),
(158251, 10833, '2021-01-30', 28076, '2021-04-16 14:47:13', 1, 5, 1),
(158252, 10833, '2021-01-31', 28076, '2021-04-16 14:47:18', 1, 5, 1),
(158253, 10833, '2021-02-01', 28076, '2021-04-16 14:47:31', 1, 7, 1),
(158254, 10833, '2021-02-02', 28076, '2021-04-16 14:47:48', 2, 6, 1),
(158255, 10833, '2021-02-03', 28076, '2021-04-16 14:47:55', 1, 7, 1),
(158256, 10833, '2021-02-04', 28076, '2021-04-16 14:48:00', 1, 7, 1),
(158257, 10833, '2021-02-05', 28076, '2021-04-16 14:48:07', 1, 7, 1),
(158258, 10833, '2021-02-06', 28076, '2021-04-16 14:48:18', 1, 7, 1),
(158259, 10833, '2021-02-07', 28076, '2021-04-16 14:48:24', 1, 7, 1),
(158260, 10833, '2021-02-08', 28076, '2021-04-16 14:48:31', 1, 7, 1),
(158261, 10833, '2021-02-09', 28076, '2021-04-16 14:48:39', 1, 7, 1);

-- --------------------------------------------------------

--
-- Cấu trúc bảng cho bảng `ci_attendance_back`
--

CREATE TABLE `ci_attendance_back` (
  `attendance_back_id` int(10) UNSIGNED NOT NULL,
  `class_id` int(11) UNSIGNED NOT NULL,
  `attendance_back_date` date NOT NULL,
  `came_back_count` int(2) DEFAULT NULL,
  `not_came_back_count` int(2) DEFAULT NULL,
  `recorded_at` datetime NOT NULL,
  `created_user_id` int(11) DEFAULT NULL
) ENGINE=InnoDB DEFAULT CHARSET=utf8;

-- --------------------------------------------------------

--
-- Cấu trúc bảng cho bảng `ci_attendance_back_detail`
--

CREATE TABLE `ci_attendance_back_detail` (
  `attendance_back_detail_id` int(11) UNSIGNED NOT NULL,
  `attendance_back_id` int(11) UNSIGNED NOT NULL,
  `child_id` int(11) NOT NULL,
  `came_back_time` time DEFAULT NULL,
  `came_back_note` varchar(300) DEFAULT NULL COMMENT 'Ghi chú',
  `status` tinyint(1) DEFAULT 0,
  `recorded_at` datetime DEFAULT NULL,
  `recorded_user_id` int(11) NOT NULL
) ENGINE=InnoDB DEFAULT CHARSET=utf8;

-- --------------------------------------------------------

--
-- Cấu trúc bảng cho bảng `ci_attendance_detail`
--

CREATE TABLE `ci_attendance_detail` (
  `attendance_detail_id` int(10) UNSIGNED NOT NULL,
  `attendance_id` int(10) UNSIGNED NOT NULL COMMENT 'ID lớp học',
  `child_id` int(10) UNSIGNED NOT NULL COMMENT 'ID trẻ',
  `start_date` date DEFAULT NULL COMMENT 'Ngày bắt đầu xin nghỉ',
  `end_date` date DEFAULT NULL COMMENT 'Ngày kết thúc xin nghỉ',
  `status` tinyint(1) NOT NULL DEFAULT 1 COMMENT 'Trạng thái điểm danh=0: vắng mặt có lý do =1: có mặt=2: nghỉ không xin phép hoặc xin phép muộn(Ghi đi, tính tiền ăn),3: ghi đi nhưng không tính tiền ăn, 4 : Nghỉ không lý do',
  `feedback` tinyint(1) NOT NULL DEFAULT 0 COMMENT 'Trangj th',
  `reason` varchar(512) DEFAULT NULL COMMENT 'Lý do nếu là nghỉ học.',
  `resign_time` datetime DEFAULT NULL COMMENT 'Thời điểm xin nghỉ học',
  `recorded_user_id` int(10) UNSIGNED NOT NULL,
  `is_parent` tinyint(1) NOT NULL DEFAULT 0
) ENGINE=InnoDB DEFAULT CHARSET=utf8 COMMENT='Lưu điểm danh chi tiết lớp học chính khóa. Bé nào đi, bé nào nghỉ - lý do nghỉ';

--
-- Đang đổ dữ liệu cho bảng `ci_attendance_detail`
--

INSERT INTO `ci_attendance_detail` (`attendance_detail_id`, `attendance_id`, `child_id`, `start_date`, `end_date`, `status`, `feedback`, `reason`, `resign_time`, `recorded_user_id`, `is_parent`) VALUES
(2845133, 158185, 25918, NULL, NULL, 0, 0, 'Th&iacute;ch th&igrave; nghỉ', NULL, 28075, 0),
(2845134, 158185, 25895, NULL, NULL, 1, 0, '', NULL, 28075, 0),
(2845135, 158185, 25896, NULL, NULL, 4, 0, 'Kh&ocirc;ng l&yacute; do', NULL, 28075, 0),
(2845136, 158185, 25897, NULL, NULL, 1, 0, '', NULL, 28075, 0),
(2845137, 158185, 25898, NULL, NULL, 1, 0, '', NULL, 28075, 0),
(2845138, 158185, 25899, NULL, NULL, 1, 0, '', NULL, 28075, 0),
(2845139, 158185, 25900, NULL, NULL, 1, 0, '', NULL, 28075, 0),
(2845140, 158185, 25901, NULL, NULL, 1, 0, '', NULL, 28075, 0),
(2845141, 158186, 25902, NULL, NULL, 1, 0, '', NULL, 28075, 0),
(2845142, 158186, 25903, NULL, NULL, 1, 0, '', NULL, 28075, 0),
(2845143, 158186, 25904, NULL, NULL, 1, 0, '', NULL, 28075, 0),
(2845144, 158186, 25905, NULL, NULL, 1, 0, '', NULL, 28075, 0),
(2845145, 158187, 25894, '2021-04-06', '2021-04-06', 0, 0, 'Cả nh&agrave; đi du lịch', '2021-03-31 10:47:41', 28082, 1),
(2845146, 158188, 25908, NULL, NULL, 1, 0, '', NULL, 28076, 0),
(2845147, 158188, 25909, NULL, NULL, 1, 0, '', NULL, 28076, 0),
(2845148, 158189, 25894, NULL, NULL, 1, 0, '', NULL, 28076, 0),
(2845149, 158189, 25906, NULL, NULL, 1, 0, '', NULL, 28076, 0),
(2845150, 158189, 25907, NULL, NULL, 1, 0, '', NULL, 28076, 0),
(2845151, 158189, 25918, NULL, NULL, 1, 0, '', NULL, 28076, 0),
(2845152, 158190, 25918, NULL, NULL, 1, 0, '', NULL, 28076, 0),
(2845153, 158190, 25894, NULL, NULL, 1, 0, '', NULL, 28076, 0),
(2845154, 158190, 25906, NULL, NULL, 1, 0, '', NULL, 28076, 0),
(2845155, 158190, 25907, NULL, NULL, 1, 0, '', NULL, 28076, 0),
(2845156, 158190, 25896, NULL, NULL, 1, 0, '', NULL, 28076, 0),
(2845157, 158190, 25919, NULL, NULL, 1, 0, '', NULL, 28076, 0),
(2845158, 158190, 25944, NULL, NULL, 1, 0, '', NULL, 28076, 0),
(2845160, 158190, 25920, NULL, NULL, 1, 0, '', NULL, 28076, 0),
(2845161, 158191, 25894, NULL, NULL, 1, 0, '', NULL, 28076, 0),
(2845162, 158191, 25918, NULL, NULL, 1, 0, '', NULL, 28076, 0),
(2845163, 158191, 25906, NULL, NULL, 1, 0, '', NULL, 28076, 0),
(2845164, 158191, 25907, NULL, NULL, 1, 0, '', NULL, 28076, 0),
(2845165, 158191, 25896, NULL, NULL, 1, 0, '', NULL, 28076, 0),
(2845166, 158191, 25919, NULL, NULL, 0, 0, '', NULL, 28076, 0),
(2845167, 158191, 25944, NULL, NULL, 1, 0, '', NULL, 28076, 0),
(2845169, 158191, 25920, NULL, NULL, 1, 0, '', NULL, 28076, 0),
(2845170, 158192, 25894, NULL, NULL, 1, 0, '', NULL, 28076, 0),
(2845171, 158192, 25918, NULL, NULL, 1, 0, '', NULL, 28076, 0),
(2845172, 158192, 25906, NULL, NULL, 1, 0, '', NULL, 28076, 0),
(2845173, 158192, 25907, NULL, NULL, 1, 0, '', NULL, 28076, 0),
(2845174, 158192, 25896, NULL, NULL, 1, 0, '', NULL, 28076, 0),
(2845175, 158192, 25919, NULL, NULL, 1, 0, '', NULL, 28076, 0),
(2845176, 158192, 25944, NULL, NULL, 1, 0, '', NULL, 28076, 0),
(2845178, 158192, 25920, NULL, NULL, 1, 0, '', NULL, 28076, 0),
(2845179, 158193, 25894, NULL, NULL, 1, 0, '', NULL, 28076, 0),
(2845180, 158193, 25918, NULL, NULL, 1, 0, '', NULL, 28076, 0),
(2845181, 158193, 25906, NULL, NULL, 1, 0, '', NULL, 28076, 0),
(2845182, 158193, 25907, NULL, NULL, 1, 0, '', NULL, 28076, 0),
(2845183, 158193, 25896, NULL, NULL, 1, 0, '', NULL, 28076, 0),
(2845184, 158193, 25919, NULL, NULL, 1, 0, '', NULL, 28076, 0),
(2845185, 158193, 25944, NULL, NULL, 0, 0, '', NULL, 28076, 0),
(2845186, 158193, 25923, NULL, NULL, 4, 0, '', NULL, 28076, 0),
(2845187, 158193, 25920, NULL, NULL, 1, 0, '', NULL, 28076, 0),
(2845188, 158194, 25894, NULL, NULL, 1, 0, '', NULL, 28076, 0),
(2845189, 158194, 25906, NULL, NULL, 1, 0, '', NULL, 28076, 0),
(2845190, 158194, 25907, NULL, NULL, 1, 0, '', NULL, 28076, 0),
(2845191, 158194, 25896, NULL, NULL, 1, 0, '', NULL, 28076, 0),
(2845192, 158194, 25919, NULL, NULL, 1, 0, '', NULL, 28076, 0),
(2845193, 158194, 25944, NULL, NULL, 0, 0, '', NULL, 28076, 0),
(2845194, 158194, 25923, NULL, NULL, 4, 0, '', NULL, 28076, 0),
(2845195, 158194, 25920, NULL, NULL, 1, 0, '', NULL, 28076, 0),
(2845196, 158195, 25894, NULL, NULL, 1, 0, '', NULL, 28076, 0),
(2845197, 158195, 25906, NULL, NULL, 1, 0, '', NULL, 28076, 0),
(2845198, 158195, 25907, NULL, NULL, 1, 0, '', NULL, 28076, 0),
(2845199, 158195, 25896, NULL, NULL, 1, 0, '', NULL, 28076, 0),
(2845200, 158195, 25919, NULL, NULL, 1, 0, '', NULL, 28076, 0),
(2845201, 158195, 25944, NULL, NULL, 0, 0, '', NULL, 28076, 0),
(2845202, 158195, 25923, NULL, NULL, 4, 0, '', NULL, 28076, 0),
(2845203, 158195, 25920, NULL, NULL, 1, 0, '', NULL, 28076, 0),
(2845204, 158196, 25894, NULL, NULL, 1, 0, '', NULL, 28076, 0),
(2845205, 158196, 25906, NULL, NULL, 1, 0, '', NULL, 28076, 0),
(2845206, 158196, 25907, NULL, NULL, 1, 0, '', NULL, 28076, 0),
(2845207, 158196, 25896, NULL, NULL, 1, 0, '', NULL, 28076, 0),
(2845208, 158196, 25919, NULL, NULL, 1, 0, '', NULL, 28076, 0),
(2845209, 158196, 25944, NULL, NULL, 0, 0, '', NULL, 28076, 0),
(2845210, 158196, 25923, NULL, NULL, 4, 0, '', NULL, 28076, 0),
(2845211, 158196, 25920, NULL, NULL, 1, 0, '', NULL, 28076, 0),
(2845212, 158197, 25894, NULL, NULL, 1, 0, '', NULL, 28076, 0),
(2845213, 158197, 25906, NULL, NULL, 1, 0, '', NULL, 28076, 0),
(2845214, 158197, 25907, NULL, NULL, 1, 0, '', NULL, 28076, 0),
(2845215, 158197, 25896, NULL, NULL, 1, 0, '', NULL, 28076, 0),
(2845216, 158197, 25919, NULL, NULL, 1, 0, '', NULL, 28076, 0),
(2845217, 158197, 25944, NULL, NULL, 0, 0, '', NULL, 28076, 0),
(2845218, 158197, 25923, NULL, NULL, 4, 0, '', NULL, 28076, 0),
(2845219, 158197, 25920, NULL, NULL, 1, 0, '', NULL, 28076, 0),
(2845220, 158198, 25894, NULL, NULL, 1, 0, '', NULL, 28076, 0),
(2845221, 158198, 25906, NULL, NULL, 1, 0, '', NULL, 28076, 0),
(2845222, 158198, 25907, NULL, NULL, 1, 0, '', NULL, 28076, 0),
(2845223, 158198, 25896, NULL, NULL, 1, 0, '', NULL, 28076, 0),
(2845224, 158198, 25919, NULL, NULL, 1, 0, '', NULL, 28076, 0),
(2845225, 158198, 25944, NULL, NULL, 0, 0, '', NULL, 28076, 0),
(2845226, 158198, 25923, NULL, NULL, 4, 0, '', NULL, 28076, 0),
(2845227, 158198, 25920, NULL, NULL, 1, 0, '', NULL, 28076, 0),
(2845228, 158189, 25896, NULL, NULL, 0, 0, '', NULL, 28076, 0),
(2845229, 158189, 25919, NULL, NULL, 0, 0, '', NULL, 28076, 0),
(2845230, 158189, 25944, NULL, NULL, 0, 0, '', NULL, 28076, 0),
(2845231, 158189, 25923, NULL, NULL, 4, 0, '', NULL, 28076, 0),
(2845232, 158189, 25920, NULL, NULL, 0, 0, '', NULL, 28076, 0),
(2845233, 158199, 25894, NULL, NULL, 1, 0, '', NULL, 28076, 0),
(2845234, 158199, 25918, NULL, NULL, 1, 0, '', NULL, 28076, 0),
(2845235, 158199, 25906, NULL, NULL, 1, 0, '', NULL, 28076, 0),
(2845236, 158199, 25907, NULL, NULL, 1, 0, '', NULL, 28076, 0),
(2845237, 158199, 25896, NULL, NULL, 1, 0, '', NULL, 28076, 0),
(2845238, 158199, 25919, NULL, NULL, 1, 0, '', NULL, 28076, 0),
(2845239, 158199, 25944, NULL, NULL, 0, 0, '', NULL, 28076, 0),
(2845240, 158199, 25923, NULL, NULL, 4, 0, '', NULL, 28076, 0),
(2845241, 158199, 25920, NULL, NULL, 1, 0, '', NULL, 28076, 0),
(2845242, 158200, 25894, NULL, NULL, 1, 0, '', NULL, 28076, 0),
(2845243, 158200, 25918, NULL, NULL, 1, 0, '', NULL, 28076, 0),
(2845244, 158200, 25906, NULL, NULL, 1, 0, '', NULL, 28076, 0),
(2845245, 158200, 25907, NULL, NULL, 1, 0, '', NULL, 28076, 0),
(2845246, 158200, 25896, NULL, NULL, 1, 0, '', NULL, 28076, 0),
(2845247, 158200, 25919, NULL, NULL, 1, 0, '', NULL, 28076, 0),
(2845248, 158200, 25944, NULL, NULL, 0, 0, '', NULL, 28076, 0),
(2845249, 158200, 25923, NULL, NULL, 4, 0, '', NULL, 28076, 0),
(2845250, 158200, 25920, NULL, NULL, 1, 0, '', NULL, 28076, 0),
(2845251, 158201, 25894, NULL, NULL, 1, 0, '', NULL, 28076, 0),
(2845252, 158201, 25918, NULL, NULL, 1, 0, '', NULL, 28076, 0),
(2845253, 158201, 25906, NULL, NULL, 1, 0, '', NULL, 28076, 0),
(2845254, 158201, 25907, NULL, NULL, 1, 0, '', NULL, 28076, 0),
(2845255, 158201, 25896, NULL, NULL, 1, 0, '', NULL, 28076, 0),
(2845256, 158201, 25919, NULL, NULL, 1, 0, '', NULL, 28076, 0),
(2845257, 158201, 25944, NULL, NULL, 0, 0, '', NULL, 28076, 0),
(2845258, 158201, 25923, NULL, NULL, 4, 0, '', NULL, 28076, 0),
(2845259, 158201, 25920, NULL, NULL, 1, 0, '', NULL, 28076, 0),
(2845260, 158202, 25894, NULL, NULL, 1, 0, '', NULL, 28076, 0),
(2845261, 158202, 25918, NULL, NULL, 1, 0, '', NULL, 28076, 0),
(2845262, 158202, 25906, NULL, NULL, 1, 0, '', NULL, 28076, 0),
(2845263, 158202, 25907, NULL, NULL, 1, 0, '', NULL, 28076, 0),
(2845264, 158202, 25896, NULL, NULL, 1, 0, '', NULL, 28076, 0),
(2845265, 158202, 25919, NULL, NULL, 1, 0, '', NULL, 28076, 0),
(2845266, 158202, 25944, NULL, NULL, 0, 0, '', NULL, 28076, 0),
(2845267, 158202, 25923, NULL, NULL, 4, 0, '', NULL, 28076, 0),
(2845268, 158202, 25920, NULL, NULL, 1, 0, '', NULL, 28076, 0),
(2845269, 158203, 25894, NULL, NULL, 1, 0, '', NULL, 28076, 0),
(2845270, 158203, 25918, NULL, NULL, 1, 0, '', NULL, 28076, 0),
(2845271, 158203, 25906, NULL, NULL, 1, 0, '', NULL, 28076, 0),
(2845272, 158203, 25907, NULL, NULL, 1, 0, '', NULL, 28076, 0),
(2845273, 158203, 25896, NULL, NULL, 1, 0, '', NULL, 28076, 0),
(2845274, 158203, 25919, NULL, NULL, 1, 0, '', NULL, 28076, 0),
(2845275, 158203, 25944, NULL, NULL, 0, 0, '', NULL, 28076, 0),
(2845276, 158203, 25923, NULL, NULL, 4, 0, '', NULL, 28076, 0),
(2845277, 158203, 25920, NULL, NULL, 1, 0, '', NULL, 28076, 0),
(2845278, 158204, 25894, NULL, NULL, 1, 0, '', NULL, 28076, 0),
(2845279, 158204, 25918, NULL, NULL, 1, 0, '', NULL, 28076, 0),
(2845280, 158204, 25906, NULL, NULL, 1, 0, '', NULL, 28076, 0),
(2845281, 158204, 25907, NULL, NULL, 1, 0, '', NULL, 28076, 0),
(2845282, 158204, 25896, NULL, NULL, 1, 0, '', NULL, 28076, 0),
(2845283, 158204, 25919, NULL, NULL, 1, 0, '', NULL, 28076, 0),
(2845284, 158204, 25944, NULL, NULL, 0, 0, '', NULL, 28076, 0),
(2845285, 158204, 25923, NULL, NULL, 4, 0, '', NULL, 28076, 0),
(2845286, 158204, 25920, NULL, NULL, 1, 0, '', NULL, 28076, 0),
(2845287, 158205, 25894, NULL, NULL, 1, 0, '', NULL, 28076, 0),
(2845288, 158205, 25918, NULL, NULL, 1, 0, '', NULL, 28076, 0),
(2845289, 158205, 25906, NULL, NULL, 1, 0, '', NULL, 28076, 0),
(2845290, 158205, 25907, NULL, NULL, 1, 0, '', NULL, 28076, 0),
(2845291, 158205, 25896, NULL, NULL, 1, 0, '', NULL, 28076, 0),
(2845292, 158205, 25919, NULL, NULL, 1, 0, '', NULL, 28076, 0),
(2845293, 158205, 25944, NULL, NULL, 0, 0, '', NULL, 28076, 0),
(2845294, 158205, 25923, NULL, NULL, 4, 0, '', NULL, 28076, 0),
(2845295, 158205, 25920, NULL, NULL, 1, 0, '', NULL, 28076, 0),
(2845296, 158206, 25894, NULL, NULL, 1, 0, '', NULL, 28076, 0),
(2845297, 158206, 25918, NULL, NULL, 1, 0, '', NULL, 28076, 0),
(2845298, 158206, 25906, NULL, NULL, 1, 0, '', NULL, 28076, 0),
(2845299, 158206, 25907, NULL, NULL, 1, 0, '', NULL, 28076, 0),
(2845300, 158206, 25896, NULL, NULL, 1, 0, '', NULL, 28076, 0),
(2845301, 158206, 25919, NULL, NULL, 1, 0, '', NULL, 28076, 0),
(2845302, 158206, 25944, NULL, NULL, 0, 0, '', NULL, 28076, 0),
(2845303, 158206, 25923, NULL, NULL, 4, 0, '', NULL, 28076, 0),
(2845304, 158206, 25920, NULL, NULL, 1, 0, '', NULL, 28076, 0),
(2845305, 158207, 25894, NULL, NULL, 1, 0, '', NULL, 28076, 0),
(2845306, 158207, 25918, NULL, NULL, 1, 0, '', NULL, 28076, 0),
(2845307, 158207, 25906, NULL, NULL, 1, 0, '', NULL, 28076, 0),
(2845308, 158207, 25907, NULL, NULL, 1, 0, '', NULL, 28076, 0),
(2845309, 158207, 25896, NULL, NULL, 1, 0, '', NULL, 28076, 0),
(2845310, 158207, 25919, NULL, NULL, 1, 0, '', NULL, 28076, 0),
(2845311, 158207, 25944, NULL, NULL, 0, 0, '', NULL, 28076, 0),
(2845312, 158207, 25923, NULL, NULL, 4, 0, '', NULL, 28076, 0),
(2845313, 158207, 25920, NULL, NULL, 1, 0, '', NULL, 28076, 0),
(2845314, 158208, 25894, NULL, NULL, 1, 0, '', NULL, 28076, 0),
(2845315, 158208, 25906, NULL, NULL, 1, 0, '', NULL, 28076, 0),
(2845316, 158208, 25907, NULL, NULL, 1, 0, '', NULL, 28076, 0),
(2845317, 158208, 25896, NULL, NULL, 1, 0, '', NULL, 28076, 0),
(2845318, 158208, 25923, NULL, NULL, 4, 0, '', NULL, 28076, 0),
(2845319, 158208, 25920, NULL, NULL, 1, 0, '', NULL, 28076, 0),
(2845320, 158209, 25894, NULL, NULL, 1, 0, '', NULL, 28076, 0),
(2845321, 158209, 25906, NULL, NULL, 1, 0, '', NULL, 28076, 0),
(2845322, 158209, 25907, NULL, NULL, 1, 0, '', NULL, 28076, 0),
(2845323, 158209, 25896, NULL, NULL, 1, 0, '', NULL, 28076, 0),
(2845324, 158209, 25923, NULL, NULL, 4, 0, '', NULL, 28076, 0),
(2845325, 158209, 25920, NULL, NULL, 1, 0, '', NULL, 28076, 0),
(2845326, 158210, 25894, NULL, NULL, 1, 0, '', NULL, 28076, 0),
(2845327, 158210, 25906, NULL, NULL, 1, 0, '', NULL, 28076, 0),
(2845328, 158210, 25907, NULL, NULL, 1, 0, '', NULL, 28076, 0),
(2845329, 158210, 25896, NULL, NULL, 1, 0, '', NULL, 28076, 0),
(2845330, 158210, 25923, NULL, NULL, 4, 0, '', NULL, 28076, 0),
(2845331, 158210, 25920, NULL, NULL, 1, 0, '', NULL, 28076, 0),
(2845332, 158211, 25894, NULL, NULL, 1, 0, '', NULL, 28076, 0),
(2845333, 158211, 25906, NULL, NULL, 1, 0, '', NULL, 28076, 0),
(2845334, 158211, 25907, NULL, NULL, 1, 0, '', NULL, 28076, 0),
(2845335, 158211, 25896, NULL, NULL, 1, 0, '', NULL, 28076, 0),
(2845336, 158211, 25923, NULL, NULL, 4, 0, '', NULL, 28076, 0),
(2845337, 158211, 25920, NULL, NULL, 1, 0, '', NULL, 28076, 0),
(2845338, 158212, 25894, NULL, NULL, 1, 0, '', NULL, 28076, 0),
(2845339, 158212, 25906, NULL, NULL, 1, 0, '', NULL, 28076, 0),
(2845340, 158212, 25907, NULL, NULL, 1, 0, '', NULL, 28076, 0),
(2845341, 158212, 25896, NULL, NULL, 1, 0, '', NULL, 28076, 0),
(2845342, 158212, 25923, NULL, NULL, 4, 0, '', NULL, 28076, 0),
(2845343, 158212, 25920, NULL, NULL, 1, 0, '', NULL, 28076, 0),
(2845344, 158213, 25894, NULL, NULL, 1, 0, '', NULL, 28076, 0),
(2845345, 158213, 25906, NULL, NULL, 1, 0, '', NULL, 28076, 0),
(2845346, 158213, 25907, NULL, NULL, 1, 0, '', NULL, 28076, 0),
(2845347, 158213, 25896, NULL, NULL, 1, 0, '', NULL, 28076, 0),
(2845348, 158213, 25923, NULL, NULL, 4, 0, '', NULL, 28076, 0),
(2845349, 158213, 25920, NULL, NULL, 1, 0, '', NULL, 28076, 0),
(2845350, 158214, 25894, NULL, NULL, 1, 0, '', NULL, 28076, 0),
(2845351, 158214, 25906, NULL, NULL, 1, 0, '', NULL, 28076, 0),
(2845352, 158214, 25907, NULL, NULL, 1, 0, '', NULL, 28076, 0),
(2845353, 158214, 25896, NULL, NULL, 1, 0, '', NULL, 28076, 0),
(2845354, 158214, 25923, NULL, NULL, 4, 0, '', NULL, 28076, 0),
(2845355, 158214, 25920, NULL, NULL, 1, 0, '', NULL, 28076, 0),
(2845356, 158215, 25894, NULL, NULL, 1, 0, '', NULL, 28076, 0),
(2845357, 158215, 25906, NULL, NULL, 1, 0, '', NULL, 28076, 0),
(2845358, 158215, 25907, NULL, NULL, 1, 0, '', NULL, 28076, 0),
(2845359, 158215, 25896, NULL, NULL, 1, 0, '', NULL, 28076, 0),
(2845360, 158215, 25923, NULL, NULL, 4, 0, '', NULL, 28076, 0),
(2845361, 158215, 25920, NULL, NULL, 1, 0, '', NULL, 28076, 0),
(2845362, 158216, 25894, NULL, NULL, 1, 0, '', NULL, 28076, 0),
(2845363, 158216, 25906, NULL, NULL, 1, 0, '', NULL, 28076, 0),
(2845364, 158216, 25907, NULL, NULL, 1, 0, '', NULL, 28076, 0),
(2845365, 158216, 25896, NULL, NULL, 1, 0, '', NULL, 28076, 0),
(2845366, 158216, 25923, NULL, NULL, 4, 0, '', NULL, 28076, 0),
(2845367, 158216, 25920, NULL, NULL, 1, 0, '', NULL, 28076, 0),
(2845368, 158217, 25894, NULL, NULL, 1, 0, '', NULL, 28076, 0),
(2845369, 158217, 25906, NULL, NULL, 1, 0, '', NULL, 28076, 0),
(2845370, 158217, 25907, NULL, NULL, 1, 0, '', NULL, 28076, 0),
(2845371, 158217, 25896, NULL, NULL, 1, 0, '', NULL, 28076, 0),
(2845372, 158217, 25923, NULL, NULL, 4, 0, '', NULL, 28076, 0),
(2845373, 158217, 25920, NULL, NULL, 1, 0, '', NULL, 28076, 0),
(2845374, 158218, 25894, NULL, NULL, 1, 0, '', NULL, 28076, 0),
(2845375, 158218, 25906, NULL, NULL, 1, 0, '', NULL, 28076, 0),
(2845376, 158218, 25907, NULL, NULL, 1, 0, '', NULL, 28076, 0),
(2845377, 158218, 25896, NULL, NULL, 1, 0, '', NULL, 28076, 0),
(2845378, 158218, 25923, NULL, NULL, 4, 0, '', NULL, 28076, 0),
(2845379, 158218, 25920, NULL, NULL, 1, 0, '', NULL, 28076, 0),
(2845380, 158219, 25894, NULL, NULL, 1, 0, '', NULL, 28076, 0),
(2845381, 158219, 25906, NULL, NULL, 1, 0, '', NULL, 28076, 0),
(2845382, 158219, 25907, NULL, NULL, 1, 0, '', NULL, 28076, 0),
(2845383, 158219, 25896, NULL, NULL, 1, 0, '', NULL, 28076, 0),
(2845384, 158219, 25923, NULL, NULL, 4, 0, '', NULL, 28076, 0),
(2845385, 158219, 25920, NULL, NULL, 1, 0, '', NULL, 28076, 0),
(2845386, 158220, 25894, NULL, NULL, 1, 0, '', NULL, 28076, 0),
(2845387, 158220, 25906, NULL, NULL, 1, 0, '', NULL, 28076, 0),
(2845388, 158220, 25907, NULL, NULL, 1, 0, '', NULL, 28076, 0),
(2845389, 158220, 25896, NULL, NULL, 1, 0, '', NULL, 28076, 0),
(2845390, 158220, 25923, NULL, NULL, 4, 0, '', NULL, 28076, 0),
(2845391, 158220, 25920, NULL, NULL, 1, 0, '', NULL, 28076, 0),
(2845392, 158221, 25894, NULL, NULL, 1, 0, '', NULL, 28076, 0),
(2845393, 158221, 25906, NULL, NULL, 1, 0, '', NULL, 28076, 0),
(2845394, 158221, 25907, NULL, NULL, 1, 0, '', NULL, 28076, 0),
(2845395, 158221, 25896, NULL, NULL, 1, 0, '', NULL, 28076, 0),
(2845396, 158221, 25923, NULL, NULL, 4, 0, '', NULL, 28076, 0),
(2845397, 158221, 25920, NULL, NULL, 1, 0, '', NULL, 28076, 0),
(2845398, 158222, 25894, NULL, NULL, 1, 0, '', NULL, 28076, 0),
(2845399, 158222, 25906, NULL, NULL, 1, 0, '', NULL, 28076, 0),
(2845400, 158222, 25907, NULL, NULL, 1, 0, '', NULL, 28076, 0),
(2845401, 158222, 25896, NULL, NULL, 1, 0, '', NULL, 28076, 0),
(2845402, 158222, 25923, NULL, NULL, 0, 0, '', NULL, 28076, 0),
(2845403, 158223, 25894, NULL, NULL, 1, 0, '', NULL, 28076, 0),
(2845404, 158223, 25906, NULL, NULL, 1, 0, '', NULL, 28076, 0),
(2845405, 158223, 25907, NULL, NULL, 1, 0, '', NULL, 28076, 0),
(2845406, 158223, 25896, NULL, NULL, 1, 0, '', NULL, 28076, 0),
(2845407, 158223, 25923, NULL, NULL, 0, 0, '', NULL, 28076, 0),
(2845408, 158222, 25944, NULL, NULL, 0, 0, '', NULL, 28076, 0),
(2845409, 158223, 25944, NULL, NULL, 0, 0, '', NULL, 28076, 0),
(2845410, 158224, 25894, NULL, NULL, 1, 0, '', NULL, 28076, 0),
(2845411, 158224, 25906, NULL, NULL, 1, 0, '', NULL, 28076, 0),
(2845412, 158224, 25907, NULL, NULL, 1, 0, '', NULL, 28076, 0),
(2845413, 158224, 25896, NULL, NULL, 1, 0, '', NULL, 28076, 0),
(2845414, 158224, 25944, NULL, NULL, 0, 0, '', NULL, 28076, 0),
(2845415, 158224, 25923, NULL, NULL, 0, 0, '', NULL, 28076, 0),
(2845416, 158225, 25894, NULL, NULL, 1, 0, '', NULL, 28076, 0),
(2845417, 158225, 25906, NULL, NULL, 1, 0, '', NULL, 28076, 0),
(2845418, 158225, 25907, NULL, NULL, 1, 0, '', NULL, 28076, 0),
(2845419, 158225, 25896, NULL, NULL, 1, 0, '', NULL, 28076, 0),
(2845420, 158225, 25944, NULL, NULL, 0, 0, '', NULL, 28076, 0),
(2845421, 158225, 25923, NULL, NULL, 1, 0, '', NULL, 28076, 0),
(2845422, 158226, 25894, NULL, NULL, 1, 0, '', NULL, 28076, 0),
(2845423, 158226, 25906, NULL, NULL, 1, 0, '', NULL, 28076, 0),
(2845424, 158226, 25907, NULL, NULL, 1, 0, '', NULL, 28076, 0),
(2845425, 158226, 25896, NULL, NULL, 1, 0, '', NULL, 28076, 0),
(2845426, 158226, 25944, NULL, NULL, 0, 0, '', NULL, 28076, 0),
(2845427, 158226, 25923, NULL, NULL, 1, 0, '', NULL, 28076, 0),
(2845428, 158227, 25894, NULL, NULL, 1, 0, '', NULL, 28076, 0),
(2845429, 158227, 25906, NULL, NULL, 1, 0, '', NULL, 28076, 0),
(2845430, 158227, 25907, NULL, NULL, 1, 0, '', NULL, 28076, 0),
(2845431, 158227, 25896, NULL, NULL, 1, 0, '', NULL, 28076, 0),
(2845432, 158227, 25944, NULL, NULL, 0, 0, '', NULL, 28076, 0),
(2845433, 158227, 25923, NULL, NULL, 1, 0, '', NULL, 28076, 0),
(2845434, 158228, 25894, NULL, NULL, 1, 0, '', NULL, 28076, 0),
(2845435, 158228, 25906, NULL, NULL, 1, 0, '', NULL, 28076, 0),
(2845436, 158228, 25907, NULL, NULL, 1, 0, '', NULL, 28076, 0),
(2845437, 158228, 25896, NULL, NULL, 1, 0, '', NULL, 28076, 0),
(2845438, 158228, 25944, NULL, NULL, 0, 0, '', NULL, 28076, 0),
(2845439, 158228, 25923, NULL, NULL, 1, 0, '', NULL, 28076, 0),
(2845440, 158229, 25894, NULL, NULL, 1, 0, '', NULL, 28076, 0),
(2845441, 158229, 25906, NULL, NULL, 1, 0, '', NULL, 28076, 0),
(2845442, 158229, 25907, NULL, NULL, 1, 0, '', NULL, 28076, 0),
(2845443, 158229, 25896, NULL, NULL, 1, 0, '', NULL, 28076, 0),
(2845444, 158229, 25944, NULL, NULL, 0, 0, '', NULL, 28076, 0),
(2845445, 158229, 25923, NULL, NULL, 1, 0, '', NULL, 28076, 0),
(2845446, 158230, 25894, NULL, NULL, 1, 0, '', NULL, 28076, 0),
(2845447, 158230, 25906, NULL, NULL, 1, 0, '', NULL, 28076, 0),
(2845448, 158230, 25907, NULL, NULL, 1, 0, '', NULL, 28076, 0),
(2845449, 158230, 25896, NULL, NULL, 1, 0, '', NULL, 28076, 0),
(2845450, 158230, 25944, NULL, NULL, 0, 0, '', NULL, 28076, 0),
(2845451, 158230, 25923, NULL, NULL, 1, 0, '', NULL, 28076, 0),
(2845452, 158231, 25894, NULL, NULL, 1, 0, '', NULL, 28076, 0),
(2845453, 158231, 25906, NULL, NULL, 1, 0, '', NULL, 28076, 0),
(2845454, 158231, 25907, NULL, NULL, 1, 0, '', NULL, 28076, 0),
(2845455, 158231, 25896, NULL, NULL, 1, 0, '', NULL, 28076, 0),
(2845456, 158231, 25944, NULL, NULL, 0, 0, '', NULL, 28076, 0),
(2845457, 158231, 25923, NULL, NULL, 1, 0, '', NULL, 28076, 0),
(2845458, 158232, 25894, NULL, NULL, 1, 0, '', NULL, 28076, 0),
(2845459, 158232, 25906, NULL, NULL, 1, 0, '', NULL, 28076, 0),
(2845460, 158232, 25907, NULL, NULL, 1, 0, '', NULL, 28076, 0),
(2845461, 158232, 25896, NULL, NULL, 1, 0, '', NULL, 28076, 0),
(2845462, 158232, 25944, NULL, NULL, 0, 0, '', NULL, 28076, 0),
(2845463, 158232, 25923, NULL, NULL, 1, 0, '', NULL, 28076, 0),
(2845464, 158233, 25894, NULL, NULL, 1, 0, '', NULL, 28076, 0),
(2845465, 158233, 25906, NULL, NULL, 1, 0, '', NULL, 28076, 0),
(2845466, 158233, 25907, NULL, NULL, 1, 0, '', NULL, 28076, 0),
(2845467, 158233, 25896, NULL, NULL, 1, 0, '', NULL, 28076, 0),
(2845468, 158233, 25944, NULL, NULL, 0, 0, '', NULL, 28076, 0),
(2845469, 158233, 25923, NULL, NULL, 1, 0, '', NULL, 28076, 0),
(2845470, 158234, 25894, NULL, NULL, 1, 0, '', NULL, 28076, 0),
(2845471, 158234, 25906, NULL, NULL, 1, 0, '', NULL, 28076, 0),
(2845472, 158234, 25907, NULL, NULL, 1, 0, '', NULL, 28076, 0),
(2845473, 158234, 25896, NULL, NULL, 1, 0, '', NULL, 28076, 0),
(2845474, 158234, 25944, NULL, NULL, 0, 0, '', NULL, 28076, 0),
(2845475, 158234, 25923, NULL, NULL, 1, 0, '', NULL, 28076, 0),
(2845476, 158235, 25894, NULL, NULL, 1, 0, '', NULL, 28076, 0),
(2845477, 158235, 25906, NULL, NULL, 1, 0, '', NULL, 28076, 0),
(2845478, 158235, 25907, NULL, NULL, 1, 0, '', NULL, 28076, 0),
(2845479, 158235, 25896, NULL, NULL, 1, 0, '', NULL, 28076, 0),
(2845480, 158235, 25944, NULL, NULL, 0, 0, '', NULL, 28076, 0),
(2845481, 158235, 25923, NULL, NULL, 1, 0, '', NULL, 28076, 0),
(2845482, 158236, 25894, NULL, NULL, 1, 0, '', NULL, 28076, 0),
(2845483, 158236, 25906, NULL, NULL, 1, 0, '', NULL, 28076, 0),
(2845484, 158236, 25907, NULL, NULL, 1, 0, '', NULL, 28076, 0),
(2845485, 158236, 25896, NULL, NULL, 1, 0, '', NULL, 28076, 0),
(2845486, 158236, 25944, NULL, NULL, 0, 0, '', NULL, 28076, 0),
(2845487, 158236, 25923, NULL, NULL, 1, 0, '', NULL, 28076, 0),
(2845488, 158237, 25894, NULL, NULL, 1, 0, '', NULL, 28076, 0),
(2845489, 158237, 25906, NULL, NULL, 1, 0, '', NULL, 28076, 0),
(2845490, 158237, 25907, NULL, NULL, 1, 0, '', NULL, 28076, 0),
(2845491, 158237, 25896, NULL, NULL, 1, 0, '', NULL, 28076, 0),
(2845492, 158237, 25944, NULL, NULL, 0, 0, '', NULL, 28076, 0),
(2845493, 158237, 25923, NULL, NULL, 1, 0, '', NULL, 28076, 0),
(2845494, 158238, 25894, NULL, NULL, 1, 0, '', NULL, 28076, 0),
(2845495, 158238, 25906, NULL, NULL, 1, 0, '', NULL, 28076, 0),
(2845496, 158238, 25907, NULL, NULL, 1, 0, '', NULL, 28076, 0),
(2845497, 158238, 25896, NULL, NULL, 1, 0, '', NULL, 28076, 0),
(2845498, 158238, 25944, NULL, NULL, 0, 0, '', NULL, 28076, 0),
(2845499, 158238, 25923, NULL, NULL, 1, 0, '', NULL, 28076, 0),
(2845500, 158239, 25894, NULL, NULL, 1, 0, '', NULL, 28076, 0),
(2845501, 158239, 25906, NULL, NULL, 1, 0, '', NULL, 28076, 0),
(2845502, 158239, 25907, NULL, NULL, 1, 0, '', NULL, 28076, 0),
(2845503, 158239, 25896, NULL, NULL, 1, 0, '', NULL, 28076, 0),
(2845504, 158239, 25944, NULL, NULL, 0, 0, '', NULL, 28076, 0),
(2845505, 158239, 25923, NULL, NULL, 1, 0, '', NULL, 28076, 0),
(2845506, 158240, 25894, NULL, NULL, 1, 0, '', NULL, 28076, 0),
(2845507, 158240, 25906, NULL, NULL, 1, 0, '', NULL, 28076, 0),
(2845508, 158240, 25907, NULL, NULL, 1, 0, '', NULL, 28076, 0),
(2845509, 158240, 25896, NULL, NULL, 1, 0, '', NULL, 28076, 0),
(2845510, 158240, 25944, NULL, NULL, 0, 0, '', NULL, 28076, 0),
(2845511, 158240, 25923, NULL, NULL, 1, 0, '', NULL, 28076, 0),
(2845512, 158241, 25894, NULL, NULL, 1, 0, '', NULL, 28076, 0),
(2845513, 158241, 25906, NULL, NULL, 1, 0, '', NULL, 28076, 0),
(2845514, 158241, 25907, NULL, NULL, 1, 0, '', NULL, 28076, 0),
(2845515, 158241, 25896, NULL, NULL, 1, 0, '', NULL, 28076, 0),
(2845516, 158241, 25944, NULL, NULL, 0, 0, '', NULL, 28076, 0),
(2845517, 158241, 25923, NULL, NULL, 1, 0, '', NULL, 28076, 0),
(2845518, 158242, 25894, NULL, NULL, 1, 0, '', NULL, 28076, 0),
(2845519, 158242, 25906, NULL, NULL, 1, 0, '', NULL, 28076, 0),
(2845520, 158242, 25907, NULL, NULL, 1, 0, '', NULL, 28076, 0),
(2845521, 158242, 25896, NULL, NULL, 1, 0, '', NULL, 28076, 0),
(2845522, 158242, 25944, NULL, NULL, 0, 0, '', NULL, 28076, 0),
(2845523, 158242, 25923, NULL, NULL, 1, 0, '', NULL, 28076, 0),
(2845524, 158243, 25894, NULL, NULL, 1, 0, '', NULL, 28076, 0),
(2845525, 158243, 25906, NULL, NULL, 1, 0, '', NULL, 28076, 0),
(2845526, 158243, 25907, NULL, NULL, 1, 0, '', NULL, 28076, 0),
(2845527, 158243, 25896, NULL, NULL, 1, 0, '', NULL, 28076, 0),
(2845528, 158243, 25944, NULL, NULL, 0, 0, '', NULL, 28076, 0),
(2845529, 158243, 25923, NULL, NULL, 1, 0, '', NULL, 28076, 0),
(2845530, 158244, 25894, NULL, NULL, 1, 0, '', NULL, 28076, 0),
(2845531, 158244, 25906, NULL, NULL, 1, 0, '', NULL, 28076, 0),
(2845532, 158244, 25907, NULL, NULL, 1, 0, '', NULL, 28076, 0),
(2845533, 158244, 25896, NULL, NULL, 1, 0, '', NULL, 28076, 0),
(2845534, 158244, 25944, NULL, NULL, 0, 0, '', NULL, 28076, 0),
(2845535, 158244, 25923, NULL, NULL, 1, 0, '', NULL, 28076, 0),
(2845536, 158245, 25894, NULL, NULL, 1, 0, '', NULL, 28076, 0),
(2845537, 158245, 25906, NULL, NULL, 1, 0, '', NULL, 28076, 0),
(2845538, 158245, 25907, NULL, NULL, 1, 0, '', NULL, 28076, 0),
(2845539, 158245, 25896, NULL, NULL, 1, 0, '', NULL, 28076, 0),
(2845540, 158245, 25944, NULL, NULL, 0, 0, '', NULL, 28076, 0),
(2845541, 158245, 25923, NULL, NULL, 1, 0, '', NULL, 28076, 0),
(2845542, 158246, 25894, NULL, NULL, 1, 0, '', NULL, 28076, 0),
(2845543, 158246, 25906, NULL, NULL, 1, 0, '', NULL, 28076, 0),
(2845544, 158246, 25907, NULL, NULL, 1, 0, '', NULL, 28076, 0),
(2845545, 158246, 25896, NULL, NULL, 1, 0, '', NULL, 28076, 0),
(2845546, 158246, 25944, NULL, NULL, 0, 0, '', NULL, 28076, 0),
(2845547, 158246, 25923, NULL, NULL, 1, 0, '', NULL, 28076, 0),
(2845548, 158247, 25894, NULL, NULL, 1, 0, '', NULL, 28076, 0),
(2845549, 158247, 25906, NULL, NULL, 1, 0, '', NULL, 28076, 0),
(2845550, 158247, 25907, NULL, NULL, 1, 0, '', NULL, 28076, 0),
(2845551, 158247, 25896, NULL, NULL, 1, 0, '', NULL, 28076, 0),
(2845552, 158247, 25944, NULL, NULL, 0, 0, '', NULL, 28076, 0),
(2845553, 158247, 25923, NULL, NULL, 1, 0, '', NULL, 28076, 0),
(2845554, 158248, 25894, NULL, NULL, 1, 0, '', NULL, 28076, 0),
(2845555, 158248, 25906, NULL, NULL, 1, 0, '', NULL, 28076, 0),
(2845556, 158248, 25907, NULL, NULL, 1, 0, '', NULL, 28076, 0),
(2845557, 158248, 25896, NULL, NULL, 1, 0, '', NULL, 28076, 0),
(2845558, 158248, 25944, NULL, NULL, 0, 0, '', NULL, 28076, 0),
(2845559, 158248, 25923, NULL, NULL, 1, 0, '', NULL, 28076, 0),
(2845560, 158249, 25894, NULL, NULL, 1, 0, '', NULL, 28076, 0),
(2845561, 158249, 25906, NULL, NULL, 1, 0, '', NULL, 28076, 0),
(2845562, 158249, 25907, NULL, NULL, 1, 0, '', NULL, 28076, 0),
(2845563, 158249, 25896, NULL, NULL, 1, 0, '', NULL, 28076, 0),
(2845564, 158249, 25944, NULL, NULL, 0, 0, '', NULL, 28076, 0),
(2845565, 158249, 25923, NULL, NULL, 1, 0, '', NULL, 28076, 0),
(2845566, 158250, 25894, NULL, NULL, 1, 0, '', NULL, 28076, 0),
(2845567, 158250, 25906, NULL, NULL, 1, 0, '', NULL, 28076, 0),
(2845568, 158250, 25907, NULL, NULL, 1, 0, '', NULL, 28076, 0),
(2845569, 158250, 25896, NULL, NULL, 1, 0, '', NULL, 28076, 0),
(2845570, 158250, 25944, NULL, NULL, 0, 0, '', NULL, 28076, 0),
(2845571, 158250, 25923, NULL, NULL, 1, 0, '', NULL, 28076, 0),
(2845572, 158251, 25894, NULL, NULL, 1, 0, '', NULL, 28076, 0),
(2845573, 158251, 25906, NULL, NULL, 1, 0, '', NULL, 28076, 0),
(2845574, 158251, 25907, NULL, NULL, 1, 0, '', NULL, 28076, 0),
(2845575, 158251, 25896, NULL, NULL, 1, 0, '', NULL, 28076, 0),
(2845576, 158251, 25944, NULL, NULL, 0, 0, '', NULL, 28076, 0),
(2845577, 158251, 25923, NULL, NULL, 1, 0, '', NULL, 28076, 0),
(2845578, 158252, 25894, NULL, NULL, 1, 0, '', NULL, 28076, 0),
(2845579, 158252, 25906, NULL, NULL, 1, 0, '', NULL, 28076, 0),
(2845580, 158252, 25907, NULL, NULL, 1, 0, '', NULL, 28076, 0),
(2845581, 158252, 25896, NULL, NULL, 1, 0, '', NULL, 28076, 0),
(2845582, 158252, 25944, NULL, NULL, 0, 0, '', NULL, 28076, 0),
(2845583, 158252, 25923, NULL, NULL, 1, 0, '', NULL, 28076, 0),
(2845584, 158253, 25894, NULL, NULL, 1, 0, '', NULL, 28076, 0),
(2845585, 158253, 25906, NULL, NULL, 1, 0, '', NULL, 28076, 0),
(2845586, 158253, 25907, NULL, NULL, 1, 0, '', NULL, 28076, 0),
(2845587, 158253, 25896, NULL, NULL, 1, 0, '', NULL, 28076, 0),
(2845588, 158253, 25945, NULL, NULL, 1, 0, '', NULL, 28076, 0),
(2845589, 158253, 25944, NULL, NULL, 1, 0, '', NULL, 28076, 0),
(2845590, 158253, 25923, NULL, NULL, 0, 0, '', NULL, 28076, 0),
(2845591, 158253, 25920, NULL, NULL, 1, 0, '', NULL, 28076, 0),
(2845592, 158254, 25894, NULL, NULL, 1, 0, '', NULL, 28076, 0),
(2845593, 158254, 25906, NULL, NULL, 1, 0, '', NULL, 28076, 0),
(2845594, 158254, 25907, NULL, NULL, 1, 0, '', NULL, 28076, 0),
(2845595, 158254, 25896, NULL, NULL, 1, 0, '', NULL, 28076, 0),
(2845596, 158254, 25945, NULL, NULL, 1, 0, '', NULL, 28076, 0),
(2845597, 158254, 25944, NULL, NULL, 0, 0, '', NULL, 28076, 0),
(2845598, 158254, 25923, NULL, NULL, 0, 0, '', NULL, 28076, 0),
(2845599, 158254, 25920, NULL, NULL, 1, 0, '', NULL, 28076, 0),
(2845600, 158255, 25894, NULL, NULL, 1, 0, '', NULL, 28076, 0),
(2845601, 158255, 25906, NULL, NULL, 1, 0, '', NULL, 28076, 0),
(2845602, 158255, 25907, NULL, NULL, 1, 0, '', NULL, 28076, 0),
(2845603, 158255, 25896, NULL, NULL, 1, 0, '', NULL, 28076, 0),
(2845604, 158255, 25945, NULL, NULL, 1, 0, '', NULL, 28076, 0),
(2845605, 158255, 25944, NULL, NULL, 0, 0, '', NULL, 28076, 0),
(2845606, 158255, 25923, NULL, NULL, 1, 0, '', NULL, 28076, 0),
(2845607, 158255, 25920, NULL, NULL, 1, 0, '', NULL, 28076, 0),
(2845608, 158256, 25894, NULL, NULL, 1, 0, '', NULL, 28076, 0),
(2845609, 158256, 25906, NULL, NULL, 1, 0, '', NULL, 28076, 0),
(2845610, 158256, 25907, NULL, NULL, 1, 0, '', NULL, 28076, 0),
(2845611, 158256, 25896, NULL, NULL, 1, 0, '', NULL, 28076, 0),
(2845612, 158256, 25945, NULL, NULL, 1, 0, '', NULL, 28076, 0),
(2845613, 158256, 25944, NULL, NULL, 0, 0, '', NULL, 28076, 0),
(2845614, 158256, 25923, NULL, NULL, 1, 0, '', NULL, 28076, 0),
(2845615, 158256, 25920, NULL, NULL, 1, 0, '', NULL, 28076, 0),
(2845616, 158257, 25894, NULL, NULL, 1, 0, '', NULL, 28076, 0),
(2845617, 158257, 25906, NULL, NULL, 1, 0, '', NULL, 28076, 0),
(2845618, 158257, 25907, NULL, NULL, 1, 0, '', NULL, 28076, 0),
(2845619, 158257, 25896, NULL, NULL, 1, 0, '', NULL, 28076, 0),
(2845620, 158257, 25945, NULL, NULL, 1, 0, '', NULL, 28076, 0),
(2845621, 158257, 25944, NULL, NULL, 0, 0, '', NULL, 28076, 0),
(2845622, 158257, 25923, NULL, NULL, 1, 0, '', NULL, 28076, 0),
(2845623, 158257, 25920, NULL, NULL, 1, 0, '', NULL, 28076, 0),
(2845624, 158258, 25894, NULL, NULL, 1, 0, '', NULL, 28076, 0),
(2845625, 158258, 25906, NULL, NULL, 1, 0, '', NULL, 28076, 0),
(2845626, 158258, 25907, NULL, NULL, 1, 0, '', NULL, 28076, 0),
(2845627, 158258, 25896, NULL, NULL, 1, 0, '', NULL, 28076, 0),
(2845628, 158258, 25945, NULL, NULL, 1, 0, '', NULL, 28076, 0),
(2845629, 158258, 25944, NULL, NULL, 0, 0, '', NULL, 28076, 0),
(2845630, 158258, 25923, NULL, NULL, 1, 0, '', NULL, 28076, 0),
(2845631, 158258, 25920, NULL, NULL, 1, 0, '', NULL, 28076, 0),
(2845632, 158259, 25894, NULL, NULL, 1, 0, '', NULL, 28076, 0),
(2845633, 158259, 25906, NULL, NULL, 1, 0, '', NULL, 28076, 0),
(2845634, 158259, 25907, NULL, NULL, 1, 0, '', NULL, 28076, 0),
(2845635, 158259, 25896, NULL, NULL, 1, 0, '', NULL, 28076, 0),
(2845636, 158259, 25945, NULL, NULL, 1, 0, '', NULL, 28076, 0),
(2845637, 158259, 25944, NULL, NULL, 0, 0, '', NULL, 28076, 0),
(2845638, 158259, 25923, NULL, NULL, 1, 0, '', NULL, 28076, 0),
(2845639, 158259, 25920, NULL, NULL, 1, 0, '', NULL, 28076, 0),
(2845640, 158260, 25894, NULL, NULL, 1, 0, '', NULL, 28076, 0),
(2845641, 158260, 25906, NULL, NULL, 1, 0, '', NULL, 28076, 0),
(2845642, 158260, 25907, NULL, NULL, 1, 0, '', NULL, 28076, 0),
(2845643, 158260, 25896, NULL, NULL, 1, 0, '', NULL, 28076, 0),
(2845644, 158260, 25945, NULL, NULL, 1, 0, '', NULL, 28076, 0),
(2845645, 158260, 25944, NULL, NULL, 0, 0, '', NULL, 28076, 0),
(2845646, 158260, 25923, NULL, NULL, 1, 0, '', NULL, 28076, 0),
(2845647, 158260, 25920, NULL, NULL, 1, 0, '', NULL, 28076, 0),
(2845648, 158261, 25894, NULL, NULL, 1, 0, '', NULL, 28076, 0),
(2845649, 158261, 25906, NULL, NULL, 1, 0, '', NULL, 28076, 0),
(2845650, 158261, 25907, NULL, NULL, 1, 0, '', NULL, 28076, 0),
(2845651, 158261, 25896, NULL, NULL, 1, 0, '', NULL, 28076, 0),
(2845652, 158261, 25945, NULL, NULL, 1, 0, '', NULL, 28076, 0),
(2845653, 158261, 25944, NULL, NULL, 0, 0, '', NULL, 28076, 0),
(2845654, 158261, 25923, NULL, NULL, 1, 0, '', NULL, 28076, 0),
(2845655, 158261, 25920, NULL, NULL, 1, 0, '', NULL, 28076, 0);

-- --------------------------------------------------------

--
-- Cấu trúc bảng cho bảng `ci_background_email`
--

CREATE TABLE `ci_background_email` (
  `email_id` int(10) UNSIGNED NOT NULL,
  `action` varchar(50) NOT NULL COMMENT 'Email được gửi từ hành động tương ứng',
  `receivers` text NOT NULL COMMENT 'Danh sách tài khoản email nhận mail, cách nhau dấu ","',
  `subject` varchar(250) NOT NULL COMMENT 'Tiêu đề email',
  `content` text NOT NULL COMMENT 'Nội dung email cần gửi',
  `file_attachment` varchar(255) DEFAULT NULL COMMENT 'source file',
  `file_attachment_name` varchar(255) DEFAULT NULL COMMENT 'Tên file',
  `is_sent` tinyint(1) NOT NULL DEFAULT 0 COMMENT 'Đã gửi rồi hay chưa?\n0: chưa gửi\n1: gửi rồi',
  `retry_count` tinyint(1) NOT NULL DEFAULT 0 COMMENT 'Số lần thử gửi lại với mail bị lỗi',
  `delete_after_sending` tinyint(1) NOT NULL DEFAULT 1 COMMENT 'Có xóa luôn email sau khi gửi thành công không?\n1: xóa luôn\n0: không xóa',
  `sent_at` datetime DEFAULT NULL COMMENT 'Thời gian email được gửi (thông thường những email được gửi sẽ được xóa luôn), có những email cần giữ lại.',
  `school_id` int(10) UNSIGNED DEFAULT NULL,
  `user_id` int(10) UNSIGNED DEFAULT NULL
) ENGINE=MyISAM DEFAULT CHARSET=utf8 COMMENT='Bảng lưu các email cần được gửi của hệ thố';

--
-- Đang đổ dữ liệu cho bảng `ci_background_email`
--

INSERT INTO `ci_background_email` (`email_id`, `action`, `receivers`, `subject`, `content`, `file_attachment`, `file_attachment_name`, `is_sent`, `retry_count`, `delete_after_sending`, `sent_at`, `school_id`, `user_id`) VALUES
(10147, 'create_parent_account', 'phuhuynha@gmail.com', '[Mầm non Hoa Hồng]Sử dụng ứng dụng Coniu để kết nối phụ huynh', 'K&iacute;nh gửi &ocirc;ng/b&agrave; Mẹ Nguyễn Văn A,\nPhụ huynh b&eacute; Nguyễn Văn A\n\nNhằm tạo điều kiện thuận lợi cho phụ huynh theo d&otilde;i th&ocirc;ng tin của b&eacute;, nh&agrave; trường đ&atilde; đưa v&agrave;o sử dụng &quot;Ứng dụng tương t&aacute;c mầm non - Coniu&quot; l&agrave;m c&ocirc;ng cụ quản l&yacute; v&agrave; l&agrave; k&ecirc;nh tương t&aacute;c/trao đổi giữa nh&agrave; trường, gi&aacute;o vi&ecirc;n v&agrave; phụ huynh.\nHiện tại, nh&agrave; trường đ&atilde; tạo sẵn t&agrave;i khoản cho &ocirc;ng/b&agrave; l&agrave;:\n    - T&agrave;i khoản: phuhuynha@gmail.com\n    - Mật khẩu: 0987654321\n&Ocirc;ng/b&agrave; c&oacute; thể thay đổi th&ocirc;ng tin t&agrave;i khoản sau khi truy cập.\n\nĐể sử dụng Coniu với t&agrave;i khoản được cấp, &ocirc;ng/b&agrave; c&oacute; thể &aacute;p dụng 01 trong 02 c&aacute;ch sau:\n    1 - Truy cập địa chỉ website Coniu tại địa chỉ: https://coniu.vn hoặc;\n    2 - Tải ứng dụng &#039;Coniu&#039; về điện thoại (chỉ &aacute;p dụng với điện thoại iPhone v&agrave; điện thoại sử dụng hệ điều h&agrave;nh Android).\n\nTr&acirc;n trọng c&aacute;m ơn sự hợp t&aacute;c của &ocirc;ng/b&agrave;!\nTh&acirc;n &aacute;i,\nBan Gi&aacute;m hiệu nh&agrave; trường.\n\n', '', '', 0, 0, 1, NULL, 684, 28075),
(10148, 'create_parent_account', 'phuhuynhb@gmail.com', '[Mầm non Hoa Hồng]Sử dụng ứng dụng Coniu để kết nối phụ huynh', 'K&iacute;nh gửi &ocirc;ng/b&agrave; Mẹ Ng&ocirc; Thị B,\nPhụ huynh b&eacute; Ng&ocirc; Thị B\n\nNhằm tạo điều kiện thuận lợi cho phụ huynh theo d&otilde;i th&ocirc;ng tin của b&eacute;, nh&agrave; trường đ&atilde; đưa v&agrave;o sử dụng &quot;Ứng dụng tương t&aacute;c mầm non - Coniu&quot; l&agrave;m c&ocirc;ng cụ quản l&yacute; v&agrave; l&agrave; k&ecirc;nh tương t&aacute;c/trao đổi giữa nh&agrave; trường, gi&aacute;o vi&ecirc;n v&agrave; phụ huynh.\nHiện tại, nh&agrave; trường đ&atilde; tạo sẵn t&agrave;i khoản cho &ocirc;ng/b&agrave; l&agrave;:\n    - T&agrave;i khoản: phuhuynhb@gmail.com\n    - Mật khẩu: 01237859498\n&Ocirc;ng/b&agrave; c&oacute; thể thay đổi th&ocirc;ng tin t&agrave;i khoản sau khi truy cập.\n\nĐể sử dụng Coniu với t&agrave;i khoản được cấp, &ocirc;ng/b&agrave; c&oacute; thể &aacute;p dụng 01 trong 02 c&aacute;ch sau:\n    1 - Truy cập địa chỉ website Coniu tại địa chỉ: https://coniu.vn hoặc;\n    2 - Tải ứng dụng &#039;Coniu&#039; về điện thoại (chỉ &aacute;p dụng với điện thoại iPhone v&agrave; điện thoại sử dụng hệ điều h&agrave;nh Android).\n\nTr&acirc;n trọng c&aacute;m ơn sự hợp t&aacute;c của &ocirc;ng/b&agrave;!\nTh&acirc;n &aacute;i,\nBan Gi&aacute;m hiệu nh&agrave; trường.\n\n', '', '', 0, 0, 1, NULL, 684, 28075),
(10149, 'create_parent_account', 'phuhuynhc@gmail.com', '[Mầm non Hoa Hồng]Sử dụng ứng dụng Coniu để kết nối phụ huynh', 'K&iacute;nh gửi &ocirc;ng/b&agrave; Mẹ Nguyễn Văn C,\nPhụ huynh b&eacute; Nguyễn Văn C\n\nNhằm tạo điều kiện thuận lợi cho phụ huynh theo d&otilde;i th&ocirc;ng tin của b&eacute;, nh&agrave; trường đ&atilde; đưa v&agrave;o sử dụng &quot;Ứng dụng tương t&aacute;c mầm non - Coniu&quot; l&agrave;m c&ocirc;ng cụ quản l&yacute; v&agrave; l&agrave; k&ecirc;nh tương t&aacute;c/trao đổi giữa nh&agrave; trường, gi&aacute;o vi&ecirc;n v&agrave; phụ huynh.\nHiện tại, nh&agrave; trường đ&atilde; tạo sẵn t&agrave;i khoản cho &ocirc;ng/b&agrave; l&agrave;:\n    - T&agrave;i khoản: phuhuynhc@gmail.com\n    - Mật khẩu: 0987654321\n&Ocirc;ng/b&agrave; c&oacute; thể thay đổi th&ocirc;ng tin t&agrave;i khoản sau khi truy cập.\n\nĐể sử dụng Coniu với t&agrave;i khoản được cấp, &ocirc;ng/b&agrave; c&oacute; thể &aacute;p dụng 01 trong 02 c&aacute;ch sau:\n    1 - Truy cập địa chỉ website Coniu tại địa chỉ: https://coniu.vn hoặc;\n    2 - Tải ứng dụng &#039;Coniu&#039; về điện thoại (chỉ &aacute;p dụng với điện thoại iPhone v&agrave; điện thoại sử dụng hệ điều h&agrave;nh Android).\n\nTr&acirc;n trọng c&aacute;m ơn sự hợp t&aacute;c của &ocirc;ng/b&agrave;!\nTh&acirc;n &aacute;i,\nBan Gi&aacute;m hiệu nh&agrave; trường.\n\n', '', '', 0, 0, 1, NULL, 684, 28075),
(10150, 'create_parent_account', 'phuhuynhd@gmail.com', '[Mầm non Hoa Hồng]Sử dụng ứng dụng Coniu để kết nối phụ huynh', 'K&iacute;nh gửi &ocirc;ng/b&agrave; Mẹ Ng&ocirc; Thị D,\nPhụ huynh b&eacute; Ng&ocirc; Thị D\n\nNhằm tạo điều kiện thuận lợi cho phụ huynh theo d&otilde;i th&ocirc;ng tin của b&eacute;, nh&agrave; trường đ&atilde; đưa v&agrave;o sử dụng &quot;Ứng dụng tương t&aacute;c mầm non - Coniu&quot; l&agrave;m c&ocirc;ng cụ quản l&yacute; v&agrave; l&agrave; k&ecirc;nh tương t&aacute;c/trao đổi giữa nh&agrave; trường, gi&aacute;o vi&ecirc;n v&agrave; phụ huynh.\nHiện tại, nh&agrave; trường đ&atilde; tạo sẵn t&agrave;i khoản cho &ocirc;ng/b&agrave; l&agrave;:\n    - T&agrave;i khoản: phuhuynhd@gmail.com\n    - Mật khẩu: 01237859498\n&Ocirc;ng/b&agrave; c&oacute; thể thay đổi th&ocirc;ng tin t&agrave;i khoản sau khi truy cập.\n\nĐể sử dụng Coniu với t&agrave;i khoản được cấp, &ocirc;ng/b&agrave; c&oacute; thể &aacute;p dụng 01 trong 02 c&aacute;ch sau:\n    1 - Truy cập địa chỉ website Coniu tại địa chỉ: https://coniu.vn hoặc;\n    2 - Tải ứng dụng &#039;Coniu&#039; về điện thoại (chỉ &aacute;p dụng với điện thoại iPhone v&agrave; điện thoại sử dụng hệ điều h&agrave;nh Android).\n\nTr&acirc;n trọng c&aacute;m ơn sự hợp t&aacute;c của &ocirc;ng/b&agrave;!\nTh&acirc;n &aacute;i,\nBan Gi&aacute;m hiệu nh&agrave; trường.\n\n', '', '', 0, 0, 1, NULL, 684, 28075),
(10151, 'create_parent_account', 'phuhuynhe@gmail.com', '[Mầm non Hoa Hồng]Sử dụng ứng dụng Coniu để kết nối phụ huynh', 'K&iacute;nh gửi &ocirc;ng/b&agrave; Mẹ Nguyễn Văn E,\nPhụ huynh b&eacute; Nguyễn Văn E\n\nNhằm tạo điều kiện thuận lợi cho phụ huynh theo d&otilde;i th&ocirc;ng tin của b&eacute;, nh&agrave; trường đ&atilde; đưa v&agrave;o sử dụng &quot;Ứng dụng tương t&aacute;c mầm non - Coniu&quot; l&agrave;m c&ocirc;ng cụ quản l&yacute; v&agrave; l&agrave; k&ecirc;nh tương t&aacute;c/trao đổi giữa nh&agrave; trường, gi&aacute;o vi&ecirc;n v&agrave; phụ huynh.\nHiện tại, nh&agrave; trường đ&atilde; tạo sẵn t&agrave;i khoản cho &ocirc;ng/b&agrave; l&agrave;:\n    - T&agrave;i khoản: phuhuynhe@gmail.com\n    - Mật khẩu: 0987654321\n&Ocirc;ng/b&agrave; c&oacute; thể thay đổi th&ocirc;ng tin t&agrave;i khoản sau khi truy cập.\n\nĐể sử dụng Coniu với t&agrave;i khoản được cấp, &ocirc;ng/b&agrave; c&oacute; thể &aacute;p dụng 01 trong 02 c&aacute;ch sau:\n    1 - Truy cập địa chỉ website Coniu tại địa chỉ: https://coniu.vn hoặc;\n    2 - Tải ứng dụng &#039;Coniu&#039; về điện thoại (chỉ &aacute;p dụng với điện thoại iPhone v&agrave; điện thoại sử dụng hệ điều h&agrave;nh Android).\n\nTr&acirc;n trọng c&aacute;m ơn sự hợp t&aacute;c của &ocirc;ng/b&agrave;!\nTh&acirc;n &aacute;i,\nBan Gi&aacute;m hiệu nh&agrave; trường.\n\n', '', '', 0, 0, 1, NULL, 684, 28075),
(10152, 'create_parent_account', 'phuhuynhf@gmail.com', '[Mầm non Hoa Hồng]Sử dụng ứng dụng Coniu để kết nối phụ huynh', 'K&iacute;nh gửi &ocirc;ng/b&agrave; Mẹ Ng&ocirc; Thị F,\nPhụ huynh b&eacute; Ng&ocirc; Thị F\n\nNhằm tạo điều kiện thuận lợi cho phụ huynh theo d&otilde;i th&ocirc;ng tin của b&eacute;, nh&agrave; trường đ&atilde; đưa v&agrave;o sử dụng &quot;Ứng dụng tương t&aacute;c mầm non - Coniu&quot; l&agrave;m c&ocirc;ng cụ quản l&yacute; v&agrave; l&agrave; k&ecirc;nh tương t&aacute;c/trao đổi giữa nh&agrave; trường, gi&aacute;o vi&ecirc;n v&agrave; phụ huynh.\nHiện tại, nh&agrave; trường đ&atilde; tạo sẵn t&agrave;i khoản cho &ocirc;ng/b&agrave; l&agrave;:\n    - T&agrave;i khoản: phuhuynhf@gmail.com\n    - Mật khẩu: 01237859498\n&Ocirc;ng/b&agrave; c&oacute; thể thay đổi th&ocirc;ng tin t&agrave;i khoản sau khi truy cập.\n\nĐể sử dụng Coniu với t&agrave;i khoản được cấp, &ocirc;ng/b&agrave; c&oacute; thể &aacute;p dụng 01 trong 02 c&aacute;ch sau:\n    1 - Truy cập địa chỉ website Coniu tại địa chỉ: https://coniu.vn hoặc;\n    2 - Tải ứng dụng &#039;Coniu&#039; về điện thoại (chỉ &aacute;p dụng với điện thoại iPhone v&agrave; điện thoại sử dụng hệ điều h&agrave;nh Android).\n\nTr&acirc;n trọng c&aacute;m ơn sự hợp t&aacute;c của &ocirc;ng/b&agrave;!\nTh&acirc;n &aacute;i,\nBan Gi&aacute;m hiệu nh&agrave; trường.\n\n', '', '', 0, 0, 1, NULL, 684, 28075),
(10153, 'create_parent_account', 'phuhuynhg@gmail.com', '[Mầm non Hoa Hồng]Sử dụng ứng dụng Coniu để kết nối phụ huynh', 'K&iacute;nh gửi &ocirc;ng/b&agrave; Mẹ Nguyễn Văn G,\nPhụ huynh b&eacute; Nguyễn Văn G\n\nNhằm tạo điều kiện thuận lợi cho phụ huynh theo d&otilde;i th&ocirc;ng tin của b&eacute;, nh&agrave; trường đ&atilde; đưa v&agrave;o sử dụng &quot;Ứng dụng tương t&aacute;c mầm non - Coniu&quot; l&agrave;m c&ocirc;ng cụ quản l&yacute; v&agrave; l&agrave; k&ecirc;nh tương t&aacute;c/trao đổi giữa nh&agrave; trường, gi&aacute;o vi&ecirc;n v&agrave; phụ huynh.\nHiện tại, nh&agrave; trường đ&atilde; tạo sẵn t&agrave;i khoản cho &ocirc;ng/b&agrave; l&agrave;:\n    - T&agrave;i khoản: phuhuynhg@gmail.com\n    - Mật khẩu: 0987654321\n&Ocirc;ng/b&agrave; c&oacute; thể thay đổi th&ocirc;ng tin t&agrave;i khoản sau khi truy cập.\n\nĐể sử dụng Coniu với t&agrave;i khoản được cấp, &ocirc;ng/b&agrave; c&oacute; thể &aacute;p dụng 01 trong 02 c&aacute;ch sau:\n    1 - Truy cập địa chỉ website Coniu tại địa chỉ: https://coniu.vn hoặc;\n    2 - Tải ứng dụng &#039;Coniu&#039; về điện thoại (chỉ &aacute;p dụng với điện thoại iPhone v&agrave; điện thoại sử dụng hệ điều h&agrave;nh Android).\n\nTr&acirc;n trọng c&aacute;m ơn sự hợp t&aacute;c của &ocirc;ng/b&agrave;!\nTh&acirc;n &aacute;i,\nBan Gi&aacute;m hiệu nh&agrave; trường.\n\n', '', '', 0, 0, 1, NULL, 684, 28075),
(10154, 'create_parent_account', 'phuhuynhh@gmail.com', '[Mầm non Hoa Hồng]Sử dụng ứng dụng Coniu để kết nối phụ huynh', 'K&iacute;nh gửi &ocirc;ng/b&agrave; Mẹ Ng&ocirc; Thị H,\nPhụ huynh b&eacute; Ng&ocirc; Thị H\n\nNhằm tạo điều kiện thuận lợi cho phụ huynh theo d&otilde;i th&ocirc;ng tin của b&eacute;, nh&agrave; trường đ&atilde; đưa v&agrave;o sử dụng &quot;Ứng dụng tương t&aacute;c mầm non - Coniu&quot; l&agrave;m c&ocirc;ng cụ quản l&yacute; v&agrave; l&agrave; k&ecirc;nh tương t&aacute;c/trao đổi giữa nh&agrave; trường, gi&aacute;o vi&ecirc;n v&agrave; phụ huynh.\nHiện tại, nh&agrave; trường đ&atilde; tạo sẵn t&agrave;i khoản cho &ocirc;ng/b&agrave; l&agrave;:\n    - T&agrave;i khoản: phuhuynhh@gmail.com\n    - Mật khẩu: 01237859498\n&Ocirc;ng/b&agrave; c&oacute; thể thay đổi th&ocirc;ng tin t&agrave;i khoản sau khi truy cập.\n\nĐể sử dụng Coniu với t&agrave;i khoản được cấp, &ocirc;ng/b&agrave; c&oacute; thể &aacute;p dụng 01 trong 02 c&aacute;ch sau:\n    1 - Truy cập địa chỉ website Coniu tại địa chỉ: https://coniu.vn hoặc;\n    2 - Tải ứng dụng &#039;Coniu&#039; về điện thoại (chỉ &aacute;p dụng với điện thoại iPhone v&agrave; điện thoại sử dụng hệ điều h&agrave;nh Android).\n\nTr&acirc;n trọng c&aacute;m ơn sự hợp t&aacute;c của &ocirc;ng/b&agrave;!\nTh&acirc;n &aacute;i,\nBan Gi&aacute;m hiệu nh&agrave; trường.\n\n', '', '', 0, 0, 1, NULL, 684, 28075),
(10155, 'create_parent_account', 'phuhuynhba@gmail.com', '[Mầm non Hoa Hồng]Sử dụng ứng dụng Coniu để kết nối phụ huynh', 'K&iacute;nh gửi &ocirc;ng/b&agrave; Mẹ Nguyễn Văn BA,\nPhụ huynh b&eacute; Nguyễn Văn BA\n\nNhằm tạo điều kiện thuận lợi cho phụ huynh theo d&otilde;i th&ocirc;ng tin của b&eacute;, nh&agrave; trường đ&atilde; đưa v&agrave;o sử dụng &quot;Ứng dụng tương t&aacute;c mầm non - Coniu&quot; l&agrave;m c&ocirc;ng cụ quản l&yacute; v&agrave; l&agrave; k&ecirc;nh tương t&aacute;c/trao đổi giữa nh&agrave; trường, gi&aacute;o vi&ecirc;n v&agrave; phụ huynh.\nHiện tại, nh&agrave; trường đ&atilde; tạo sẵn t&agrave;i khoản cho &ocirc;ng/b&agrave; l&agrave;:\n    - T&agrave;i khoản: phuhuynhba@gmail.com\n    - Mật khẩu: 0987654321\n&Ocirc;ng/b&agrave; c&oacute; thể thay đổi th&ocirc;ng tin t&agrave;i khoản sau khi truy cập.\n\nĐể sử dụng Coniu với t&agrave;i khoản được cấp, &ocirc;ng/b&agrave; c&oacute; thể &aacute;p dụng 01 trong 02 c&aacute;ch sau:\n    1 - Truy cập địa chỉ website Coniu tại địa chỉ: https://coniu.vn hoặc;\n    2 - Tải ứng dụng &#039;Coniu&#039; về điện thoại (chỉ &aacute;p dụng với điện thoại iPhone v&agrave; điện thoại sử dụng hệ điều h&agrave;nh Android).\n\nTr&acirc;n trọng c&aacute;m ơn sự hợp t&aacute;c của &ocirc;ng/b&agrave;!\nTh&acirc;n &aacute;i,\nBan Gi&aacute;m hiệu nh&agrave; trường.\n\n', '', '', 0, 0, 1, NULL, 684, 28075),
(10156, 'create_parent_account', 'phuhuynhbb@gmail.com', '[Mầm non Hoa Hồng]Sử dụng ứng dụng Coniu để kết nối phụ huynh', 'K&iacute;nh gửi &ocirc;ng/b&agrave; Mẹ Ng&ocirc; Thị BB,\nPhụ huynh b&eacute; Ng&ocirc; Thị BB\n\nNhằm tạo điều kiện thuận lợi cho phụ huynh theo d&otilde;i th&ocirc;ng tin của b&eacute;, nh&agrave; trường đ&atilde; đưa v&agrave;o sử dụng &quot;Ứng dụng tương t&aacute;c mầm non - Coniu&quot; l&agrave;m c&ocirc;ng cụ quản l&yacute; v&agrave; l&agrave; k&ecirc;nh tương t&aacute;c/trao đổi giữa nh&agrave; trường, gi&aacute;o vi&ecirc;n v&agrave; phụ huynh.\nHiện tại, nh&agrave; trường đ&atilde; tạo sẵn t&agrave;i khoản cho &ocirc;ng/b&agrave; l&agrave;:\n    - T&agrave;i khoản: phuhuynhbb@gmail.com\n    - Mật khẩu: 01237859498\n&Ocirc;ng/b&agrave; c&oacute; thể thay đổi th&ocirc;ng tin t&agrave;i khoản sau khi truy cập.\n\nĐể sử dụng Coniu với t&agrave;i khoản được cấp, &ocirc;ng/b&agrave; c&oacute; thể &aacute;p dụng 01 trong 02 c&aacute;ch sau:\n    1 - Truy cập địa chỉ website Coniu tại địa chỉ: https://coniu.vn hoặc;\n    2 - Tải ứng dụng &#039;Coniu&#039; về điện thoại (chỉ &aacute;p dụng với điện thoại iPhone v&agrave; điện thoại sử dụng hệ điều h&agrave;nh Android).\n\nTr&acirc;n trọng c&aacute;m ơn sự hợp t&aacute;c của &ocirc;ng/b&agrave;!\nTh&acirc;n &aacute;i,\nBan Gi&aacute;m hiệu nh&agrave; trường.\n\n', '', '', 0, 0, 1, NULL, 684, 28075),
(10157, 'create_parent_account', 'phuhuynhbc@gmail.com', '[Mầm non Hoa Hồng]Sử dụng ứng dụng Coniu để kết nối phụ huynh', 'K&iacute;nh gửi &ocirc;ng/b&agrave; Mẹ Nguyễn Văn BC,\nPhụ huynh b&eacute; Nguyễn Văn BC\n\nNhằm tạo điều kiện thuận lợi cho phụ huynh theo d&otilde;i th&ocirc;ng tin của b&eacute;, nh&agrave; trường đ&atilde; đưa v&agrave;o sử dụng &quot;Ứng dụng tương t&aacute;c mầm non - Coniu&quot; l&agrave;m c&ocirc;ng cụ quản l&yacute; v&agrave; l&agrave; k&ecirc;nh tương t&aacute;c/trao đổi giữa nh&agrave; trường, gi&aacute;o vi&ecirc;n v&agrave; phụ huynh.\nHiện tại, nh&agrave; trường đ&atilde; tạo sẵn t&agrave;i khoản cho &ocirc;ng/b&agrave; l&agrave;:\n    - T&agrave;i khoản: phuhuynhbc@gmail.com\n    - Mật khẩu: 0987654321\n&Ocirc;ng/b&agrave; c&oacute; thể thay đổi th&ocirc;ng tin t&agrave;i khoản sau khi truy cập.\n\nĐể sử dụng Coniu với t&agrave;i khoản được cấp, &ocirc;ng/b&agrave; c&oacute; thể &aacute;p dụng 01 trong 02 c&aacute;ch sau:\n    1 - Truy cập địa chỉ website Coniu tại địa chỉ: https://coniu.vn hoặc;\n    2 - Tải ứng dụng &#039;Coniu&#039; về điện thoại (chỉ &aacute;p dụng với điện thoại iPhone v&agrave; điện thoại sử dụng hệ điều h&agrave;nh Android).\n\nTr&acirc;n trọng c&aacute;m ơn sự hợp t&aacute;c của &ocirc;ng/b&agrave;!\nTh&acirc;n &aacute;i,\nBan Gi&aacute;m hiệu nh&agrave; trường.\n\n', '', '', 0, 0, 1, NULL, 684, 28075),
(10158, 'create_parent_account', 'phuhuynhbd@gmail.com', '[Mầm non Hoa Hồng]Sử dụng ứng dụng Coniu để kết nối phụ huynh', 'K&iacute;nh gửi &ocirc;ng/b&agrave; Mẹ Ng&ocirc; Thị BD,\nPhụ huynh b&eacute; Ng&ocirc; Thị BD\n\nNhằm tạo điều kiện thuận lợi cho phụ huynh theo d&otilde;i th&ocirc;ng tin của b&eacute;, nh&agrave; trường đ&atilde; đưa v&agrave;o sử dụng &quot;Ứng dụng tương t&aacute;c mầm non - Coniu&quot; l&agrave;m c&ocirc;ng cụ quản l&yacute; v&agrave; l&agrave; k&ecirc;nh tương t&aacute;c/trao đổi giữa nh&agrave; trường, gi&aacute;o vi&ecirc;n v&agrave; phụ huynh.\nHiện tại, nh&agrave; trường đ&atilde; tạo sẵn t&agrave;i khoản cho &ocirc;ng/b&agrave; l&agrave;:\n    - T&agrave;i khoản: phuhuynhbd@gmail.com\n    - Mật khẩu: 01237859498\n&Ocirc;ng/b&agrave; c&oacute; thể thay đổi th&ocirc;ng tin t&agrave;i khoản sau khi truy cập.\n\nĐể sử dụng Coniu với t&agrave;i khoản được cấp, &ocirc;ng/b&agrave; c&oacute; thể &aacute;p dụng 01 trong 02 c&aacute;ch sau:\n    1 - Truy cập địa chỉ website Coniu tại địa chỉ: https://coniu.vn hoặc;\n    2 - Tải ứng dụng &#039;Coniu&#039; về điện thoại (chỉ &aacute;p dụng với điện thoại iPhone v&agrave; điện thoại sử dụng hệ điều h&agrave;nh Android).\n\nTr&acirc;n trọng c&aacute;m ơn sự hợp t&aacute;c của &ocirc;ng/b&agrave;!\nTh&acirc;n &aacute;i,\nBan Gi&aacute;m hiệu nh&agrave; trường.\n\n', '', '', 0, 0, 1, NULL, 684, 28075),
(10159, 'create_report', 'pottl1618557896@gmail.com', 'Nhận x&amp;eacute;t th&amp;aacute;ng 4', 'K&iacute;nh gửi &ocirc;ng/b&agrave;, &lt;br/&gt;\nPhụ huynh b&eacute; Triệu Tử Long&lt;br/&gt;&lt;br/&gt; &lt;b&gt;Nhận x&amp;eacute;t th&amp;aacute;ng 4&lt;/b&gt;&lt;br/&gt;&lt;br/&gt;\n\n\n\nTh&acirc;n &aacute;i,&lt;br/&gt;\nLớp 7A.\n\n', 'content/uploads/reports/688/2021/04/coniu_025dedcef7450e7add49bfb0f7f06b7f.jpg', 'image.jpg', 0, 0, 1, NULL, 688, 28077);

-- --------------------------------------------------------

--
-- Cấu trúc bảng cho bảng `ci_background_firebase`
--

CREATE TABLE `ci_background_firebase` (
  `firebase_id` int(10) UNSIGNED NOT NULL COMMENT 'Id auto increment ',
  `user_id` int(10) UNSIGNED NOT NULL COMMENT 'ID của user thực hiện thao tác',
  `action` varchar(50) NOT NULL COMMENT 'action để thực hiện chạy background',
  `user_one_id` int(10) DEFAULT 0 COMMENT 'ID user1',
  `user_two_id` int(10) DEFAULT 0 COMMENT 'ID user2',
  `user_name` varchar(64) DEFAULT NULL,
  `user_email` varchar(100) DEFAULT NULL,
  `user_fullname` varchar(255) DEFAULT NULL,
  `user_picture` varchar(255) DEFAULT NULL,
  `is_online` tinyint(1) DEFAULT 0 COMMENT 'Trạng thái online của user',
  `count_chat` int(10) DEFAULT 0 COMMENT 'Số lượng tin nhắn',
  `last_login` datetime DEFAULT NULL COMMENT 'Thời gian đăng nhập lần cuối ',
  `provider` varchar(50) DEFAULT NULL COMMENT 'Đăng ký, đăng nhập thông qua - Coniu, facebook, google',
  `is_completed` tinyint(1) NOT NULL DEFAULT 0 COMMENT 'Trạng thái đã hoàn thành hay chưa.',
  `retry_count` tinyint(1) NOT NULL DEFAULT 0 COMMENT 'Số lần thử lại',
  `delete_after_sending` tinyint(1) NOT NULL DEFAULT 1 COMMENT 'Xóa sau khi hoàn thành?',
  `completed_at` datetime DEFAULT NULL COMMENT 'Hoàn thành lúc'
) ENGINE=MyISAM DEFAULT CHARSET=utf8 COMMENT='Lưu các tác vụ chạy ngầm với Firebase';

-- --------------------------------------------------------

--
-- Cấu trúc bảng cho bảng `ci_background_notifications`
--

CREATE TABLE `ci_background_notifications` (
  `send_notification_id` int(10) UNSIGNED NOT NULL,
  `type` enum('notification','chat') NOT NULL DEFAULT 'notification',
  `count_notifications` int(10) UNSIGNED NOT NULL DEFAULT 1,
  `message` varchar(255) DEFAULT NULL,
  `notification_id` int(10) UNSIGNED NOT NULL DEFAULT 0,
  `to_user_id` int(10) UNSIGNED NOT NULL DEFAULT 0,
  `from_user_id` int(10) UNSIGNED NOT NULL,
  `action` varchar(50) NOT NULL,
  `node_type` varchar(50) NOT NULL,
  `node_url` varchar(255) NOT NULL,
  `time` datetime NOT NULL,
  `extra1` varchar(255) DEFAULT NULL COMMENT 'Trường dự phòng',
  `extra2` varchar(255) DEFAULT NULL COMMENT 'Trường dự phòng',
  `extra3` varchar(255) DEFAULT NULL COMMENT 'Trường dự phòng',
  `user_name` varchar(64) NOT NULL,
  `user_fullname` varchar(255) NOT NULL,
  `user_picture` varchar(255) DEFAULT NULL,
  `device_token` text NOT NULL
) ENGINE=MyISAM DEFAULT CHARSET=utf8 COMMENT='Bảng lưu các notification cần được gửi của hệ thống';

--
-- Đang đổ dữ liệu cho bảng `ci_background_notifications`
--

INSERT INTO `ci_background_notifications` (`send_notification_id`, `type`, `count_notifications`, `message`, `notification_id`, `to_user_id`, `from_user_id`, `action`, `node_type`, `node_url`, `time`, `extra1`, `extra2`, `extra3`, `user_name`, `user_fullname`, `user_picture`, `device_token`) VALUES
(6886644, 'notification', 2, 'Trung học cơ sở T&acirc;y Tựu added contact book template Title của xem điểm', 0, 28077, 28076, 'notification_new_report_template', 'class', '284', '2021-04-20 13:05:50', 'Trung học cơ sở T&acirc;y Tựu', '1617245782', 'Title của xem điểm', 'htt1617156449', 'H&agrave; Thị Thịnh', 'http://localhost:8888/content/themes/coniu/images/small/blank_profile_female.jpg', 'fMyQ04AD-h8:APA91bEUGmkfL5R0a9HfjJip3NS8hQdBP23et7ft8dM9g5PHPG6wEWRNUIEE2P8jo6cJLvKdCu526miQ_Xyjv0fN97qzgDuIGjs_2QMGv34niBet8jFGOtGh-yg7Nhr794mheoSRmStp'),
(6886645, 'notification', 2, 'Trung học cơ sở T&acirc;y Tựu added contact book template Title của xem điểm', 0, 28077, 28076, 'notification_new_report_template', 'class', '284', '2021-04-20 13:05:50', 'Trung học cơ sở T&acirc;y Tựu', '1617245782', 'Title của xem điểm', 'htt1617156449', 'H&agrave; Thị Thịnh', 'http://localhost:8888/content/themes/coniu/images/small/blank_profile_female.jpg', 'fbtM3dPoQCM:APA91bFNnXaQH59XM1D3GVYEPgmPiT3UEe-Egds1FeoZebwSNYCgJUqWLuyyTRzsLHfaWKq1BW3g9vgVhZlmFrBQpbiyVHzB_rUt1dk-5TlpUrb7lrRFe6ZMV3DzgDXVBY3MlUf1Spfc'),
(6886646, 'notification', 3, 'Trung học cơ sở T&acirc;y Tựu added contact book template Title của xem điểm', 0, 28077, 28076, 'notification_new_report_template', 'class', '284', '2021-04-20 13:05:50', 'Trung học cơ sở T&acirc;y Tựu', '1617245919', 'Title của xem điểm', 'htt1617156449', 'H&agrave; Thị Thịnh', 'http://localhost:8888/content/themes/coniu/images/small/blank_profile_female.jpg', 'fMyQ04AD-h8:APA91bEUGmkfL5R0a9HfjJip3NS8hQdBP23et7ft8dM9g5PHPG6wEWRNUIEE2P8jo6cJLvKdCu526miQ_Xyjv0fN97qzgDuIGjs_2QMGv34niBet8jFGOtGh-yg7Nhr794mheoSRmStp'),
(6886647, 'notification', 3, 'Trung học cơ sở T&acirc;y Tựu added contact book template Title của xem điểm', 0, 28077, 28076, 'notification_new_report_template', 'class', '284', '2021-04-20 13:05:50', 'Trung học cơ sở T&acirc;y Tựu', '1617245919', 'Title của xem điểm', 'htt1617156449', 'H&agrave; Thị Thịnh', 'http://localhost:8888/content/themes/coniu/images/small/blank_profile_female.jpg', 'fbtM3dPoQCM:APA91bFNnXaQH59XM1D3GVYEPgmPiT3UEe-Egds1FeoZebwSNYCgJUqWLuyyTRzsLHfaWKq1BW3g9vgVhZlmFrBQpbiyVHzB_rUt1dk-5TlpUrb7lrRFe6ZMV3DzgDXVBY3MlUf1Spfc'),
(6886648, 'notification', 2, '', 0, 28102, 28076, 'notification_new_point', 'child', '28076', '2021-04-22 08:40:52', 'L&yacute;', '25945', 'Triệu Tử  Long', 'htt1617156449', 'H&agrave; Thị Thịnh', 'http://localhost:8888/content/themes/coniu/images/small/blank_profile_female.jpg', 'fbtM3dPoQCM:APA91bFNnXaQH59XM1D3GVYEPgmPiT3UEe-Egds1FeoZebwSNYCgJUqWLuyyTRzsLHfaWKq1BW3g9vgVhZlmFrBQpbiyVHzB_rUt1dk-5TlpUrb7lrRFe6ZMV3DzgDXVBY3MlUf1Spfc'),
(6886649, 'notification', 2, 'Point: Created L&yacute; score for Triệu Tử  Long', 0, 28102, 28076, 'notification_new_point', 'child', '28076', '2021-04-22 09:59:57', 'L&yacute;', '25945', 'Triệu Tử  Long', 'htt1617156449', 'H&agrave; Thị Thịnh', 'http://localhost:8888/content/themes/coniu/images/small/blank_profile_female.jpg', 'fbtM3dPoQCM:APA91bFNnXaQH59XM1D3GVYEPgmPiT3UEe-Egds1FeoZebwSNYCgJUqWLuyyTRzsLHfaWKq1BW3g9vgVhZlmFrBQpbiyVHzB_rUt1dk-5TlpUrb7lrRFe6ZMV3DzgDXVBY3MlUf1Spfc'),
(6886650, 'notification', 3, 'Point: Created L&yacute; score for Triệu Tử  Long', 0, 28102, 28076, 'notification_new_point', 'child', '28076', '2021-04-22 10:00:28', 'L&yacute;', '25945', 'Triệu Tử  Long', 'htt1617156449', 'H&agrave; Thị Thịnh', 'http://localhost:8888/content/themes/coniu/images/small/blank_profile_female.jpg', 'fbtM3dPoQCM:APA91bFNnXaQH59XM1D3GVYEPgmPiT3UEe-Egds1FeoZebwSNYCgJUqWLuyyTRzsLHfaWKq1BW3g9vgVhZlmFrBQpbiyVHzB_rUt1dk-5TlpUrb7lrRFe6ZMV3DzgDXVBY3MlUf1Spfc'),
(6886651, 'notification', 4, 'Point: Created L&yacute; score for Triệu Tử  Long', 0, 28102, 28076, 'notification_new_point', 'child', '28076', '2021-04-22 10:02:10', 'L&yacute;', '25945', 'Triệu Tử  Long', 'htt1617156449', 'H&agrave; Thị Thịnh', 'http://localhost:8888/content/themes/coniu/images/small/blank_profile_female.jpg', 'fbtM3dPoQCM:APA91bFNnXaQH59XM1D3GVYEPgmPiT3UEe-Egds1FeoZebwSNYCgJUqWLuyyTRzsLHfaWKq1BW3g9vgVhZlmFrBQpbiyVHzB_rUt1dk-5TlpUrb7lrRFe6ZMV3DzgDXVBY3MlUf1Spfc'),
(6886652, 'notification', 5, 'Point: Created L&yacute; score for Triệu Tử  Long', 0, 28102, 28076, 'notification_new_point', 'child', '28076', '2021-04-22 10:09:41', 'L&yacute;', '25945', 'Triệu Tử  Long', 'htt1617156449', 'H&agrave; Thị Thịnh', 'http://localhost:8888/content/themes/coniu/images/small/blank_profile_female.jpg', 'fbtM3dPoQCM:APA91bFNnXaQH59XM1D3GVYEPgmPiT3UEe-Egds1FeoZebwSNYCgJUqWLuyyTRzsLHfaWKq1BW3g9vgVhZlmFrBQpbiyVHzB_rUt1dk-5TlpUrb7lrRFe6ZMV3DzgDXVBY3MlUf1Spfc'),
(6886653, 'notification', 6, 'Point: Created L&yacute; score for Triệu Tử  Long', 0, 28102, 28076, 'notification_new_point', 'child', '28076', '2021-04-22 10:11:02', 'L&yacute;', '25945', 'Triệu Tử  Long', 'htt1617156449', 'H&agrave; Thị Thịnh', 'http://localhost:8888/content/themes/coniu/images/small/blank_profile_female.jpg', 'fbtM3dPoQCM:APA91bFNnXaQH59XM1D3GVYEPgmPiT3UEe-Egds1FeoZebwSNYCgJUqWLuyyTRzsLHfaWKq1BW3g9vgVhZlmFrBQpbiyVHzB_rUt1dk-5TlpUrb7lrRFe6ZMV3DzgDXVBY3MlUf1Spfc'),
(6886654, 'notification', 7, 'Point: Created To&aacute;n score for Triệu Tử  Long', 0, 28102, 28077, 'notification_new_point', 'child', '28077', '2021-04-22 10:28:26', 'To&aacute;n', '25945', 'Triệu Tử  Long', 'gv11617156510', 'Gi&aacute;o  Vi&ecirc;n 1', 'http://localhost:8888/content/themes/coniu/images/small/blank_profile_female.jpg', 'fbtM3dPoQCM:APA91bFNnXaQH59XM1D3GVYEPgmPiT3UEe-Egds1FeoZebwSNYCgJUqWLuyyTRzsLHfaWKq1BW3g9vgVhZlmFrBQpbiyVHzB_rUt1dk-5TlpUrb7lrRFe6ZMV3DzgDXVBY3MlUf1Spfc'),
(6886655, 'notification', 0, 'H&agrave; Thị Thịnh đ&atilde; đăng trong Lớp nh&agrave; trẻ A ( đ&atilde; l&ecirc;n lớp )', 0, 0, 28076, 'post_in_group', 'user', '58622', '2021-04-28 13:22:08', 'H&agrave; Thị Thịnh', 'Lớp nh&agrave; trẻ A ( đ&atilde; l&ecirc;n lớp )', '', 'htt1617156449', 'H&agrave; Thị Thịnh', 'http://localhost:8888/content/themes/coniu/images/small/blank_profile_female.jpg', 'fMyQ04AD-h8:APA91bEUGmkfL5R0a9HfjJip3NS8hQdBP23et7ft8dM9g5PHPG6wEWRNUIEE2P8jo6cJLvKdCu526miQ_Xyjv0fN97qzgDuIGjs_2QMGv34niBet8jFGOtGh-yg7Nhr794mheoSRmStp;fvJf1zfZFLE:APA91bGPY7MH59dZD_f1D2IMd4bCk-7VcJKrknY7OjlglVZbKUOXr9NtcCjZkttlgv_uHCdFlDe026ywbpdhayMgVk9Mwa-rrF7cG_wuKXk5ield_KfHsgur-w5XDtpuBxBSj7537BAf;c_Ty5nJF2Cs:APA91bHDk4psDW52y7S1zBkKvNUYYM5NyOcDguufcYSDaYTCEZjJUrrOd8E4_6AW_DqUiUO07ENx10n1yIG_mOq8SK98je-Q0M0xGGuoBnLzyDNgdPMfYGRKdqAFiioA7bIHsy6H3g3V');

-- --------------------------------------------------------

--
-- Cấu trúc bảng cho bảng `ci_child`
--

CREATE TABLE `ci_child` (
  `child_id` int(10) UNSIGNED NOT NULL,
  `child_parent_id` int(10) UNSIGNED NOT NULL COMMENT 'ID trong bảng quản lý trẻ của phụ huynh',
  `child_code` varchar(30) DEFAULT NULL,
  `first_name` varchar(50) NOT NULL COMMENT 'Tên của trẻ (chỉ tên)',
  `last_name` varchar(50) NOT NULL COMMENT 'Họ và tên đệm',
  `child_name` varchar(100) NOT NULL,
  `child_nickname` varchar(45) DEFAULT NULL COMMENT 'Tên thường gọi của trẻ',
  `birthday` date DEFAULT NULL,
  `gender` enum('male','female') DEFAULT NULL COMMENT 'Giới tính của trẻ\nmale: nam\nfemale: nữ',
  `child_picture` varchar(255) DEFAULT NULL COMMENT 'Lưu avatar của trẻ',
  `parent_name` varchar(100) DEFAULT NULL COMMENT 'Tên phụ huynh',
  `parent_phone` varchar(50) DEFAULT NULL COMMENT 'Số điện thoại bố mẹ, dùng liên hệ khi cần thiết. Có thể lấy từ thông tin cha mẹ khi được quản lý.',
  `parent_job` varchar(500) DEFAULT NULL COMMENT 'lưu nghề nghiệp của mẹ (mặc định là mẹ)',
  `parent_name_dad` varchar(100) DEFAULT NULL COMMENT 'Lưu tên của bố',
  `parent_phone_dad` varchar(50) DEFAULT NULL COMMENT 'Lưu số điện thoại của bố',
  `parent_job_dad` varchar(500) DEFAULT NULL COMMENT 'Lưu nghề nghiệp của bố',
  `parent_email` varchar(100) DEFAULT NULL,
  `parent_img1` varchar(300) DEFAULT NULL COMMENT 'Ảnh cha mẹ, những người có thể đón trẻ về (có thể cỏ cả ảnh bà giúp việc). \n- Trường này chỉ có thể sử dụng khi trẻ bắt đầu đi học. Bình thường ẩn đi.',
  `parent_img2` varchar(300) DEFAULT NULL,
  `parent_img3` varchar(300) DEFAULT NULL,
  `parent_img4` varchar(300) DEFAULT NULL,
  `address` varchar(250) DEFAULT NULL COMMENT 'Địa chỉ nhà của bé. Có thể lấy từ thông tin địa chỉ của cha/mẹ',
  `blood_type` varchar(300) DEFAULT NULL COMMENT 'Nhóm máu của trẻ',
  `hobby` varchar(500) DEFAULT NULL COMMENT 'Sở thich của trẻ',
  `allergy` varchar(500) DEFAULT NULL COMMENT 'Dị ứng',
  `description` varchar(300) DEFAULT NULL COMMENT 'Mô tả về trẻ',
  `created_user_id` int(10) UNSIGNED NOT NULL,
  `name_for_sort` varchar(50) DEFAULT NULL COMMENT 'Tên của trẻ được chuyển thành dạng ký tự tiếng Anh, dùng để sắp xếp khi lấy ra'
) ENGINE=InnoDB DEFAULT CHARSET=utf8 COMMENT='Quản lý danh sách trẻ';

--
-- Đang đổ dữ liệu cho bảng `ci_child`
--

INSERT INTO `ci_child` (`child_id`, `child_parent_id`, `child_code`, `first_name`, `last_name`, `child_name`, `child_nickname`, `birthday`, `gender`, `child_picture`, `parent_name`, `parent_phone`, `parent_job`, `parent_name_dad`, `parent_phone_dad`, `parent_job_dad`, `parent_email`, `parent_img1`, `parent_img2`, `parent_img3`, `parent_img4`, `address`, `blood_type`, `hobby`, `allergy`, `description`, `created_user_id`, `name_for_sort`) VALUES
(25894, 24048, 'NVA1617159176', 'A', 'Nguyễn Văn', 'Nguyễn Văn A', NULL, '2019-03-14', 'male', NULL, 'Mẹ Nguyễn Văn A', '0987654321', 'Nh&acirc;n vi&ecirc;n', 'Bố Nguyễn Văn A', '01234567890', 'Nh&acirc;n vi&ecirc;n', 'phuhuynha@gmail.com', '', '', '', '', '100-Trần Ph&uacute;-H&agrave; Đ&ocirc;ng', NULL, NULL, NULL, 'Con l&agrave; dị nh&acirc;n A', 28075, 'ANguyezzzzzzzzzzzn Vazn'),
(25895, 24049, 'NTB1617159176', 'B', 'Ng&ocirc; Thị', 'Ng&ocirc; Thị B', NULL, '2019-01-19', 'female', NULL, 'Mẹ Ng&ocirc; Thị B', '01237859498', 'C&ocirc;ng nh&acirc;n', 'Bố Ng&ocirc; Thị B', '01253646854', 'C&ocirc;ng nh&acirc;n', 'phuhuynhb@gmail.com', '', '', '', '', '101-Trần Ph&uacute;-H&agrave; Đ&ocirc;ng', NULL, NULL, NULL, 'Con l&agrave; dị nh&acirc;n B', 28075, 'BNgoz Thị'),
(25896, 24050, 'NVC1617159176', 'C', 'Nguyễn Văn', 'Nguyễn Văn C', NULL, '2019-03-15', 'male', NULL, 'Mẹ Nguyễn Văn C', '0987654321', 'Nh&acirc;n vi&ecirc;n', 'Bố Nguyễn Văn C', '01234567890', 'Nh&acirc;n vi&ecirc;n', 'phuhuynhc@gmail.com', '', '', '', '', '102-Trần Ph&uacute;-H&agrave; Đ&ocirc;ng', NULL, NULL, NULL, 'Con l&agrave; dị nh&acirc;n C', 28075, 'CNguyezzzzzzzzzzzn Vazn'),
(25897, 24051, 'NTD1617159176', 'D', 'Ng&ocirc; Thị', 'Ng&ocirc; Thị D', NULL, '2019-01-20', 'female', NULL, 'Mẹ Ng&ocirc; Thị D', '01237859498', 'C&ocirc;ng nh&acirc;n', 'Bố Ng&ocirc; Thị D', '01253646854', 'C&ocirc;ng nh&acirc;n', 'phuhuynhd@gmail.com', '', '', '', '', '103-Trần Ph&uacute;-H&agrave; Đ&ocirc;ng', NULL, NULL, NULL, 'Con l&agrave; dị nh&acirc;n D', 28075, 'DNgoz Thị'),
(25898, 24052, 'NVE1617159176', 'E', 'Nguyễn Văn', 'Nguyễn Văn E', NULL, '2019-03-14', 'male', NULL, 'Mẹ Nguyễn Văn E', '0987654321', 'Nh&acirc;n vi&ecirc;n', 'Bố Nguyễn Văn E', '01234567890', 'Nh&acirc;n vi&ecirc;n', 'phuhuynhe@gmail.com', '', '', '', '', '104-Trần Ph&uacute;-H&agrave; Đ&ocirc;ng', NULL, NULL, NULL, 'Con l&agrave; dị nh&acirc;n E', 28075, 'ENguyezzzzzzzzzzzn Vazn'),
(25899, 24053, 'NTF1617159176', 'F', 'Ng&ocirc; Thị', 'Ng&ocirc; Thị F', NULL, '2019-01-19', 'female', NULL, 'Mẹ Ng&ocirc; Thị F', '01237859498', 'C&ocirc;ng nh&acirc;n', 'Bố Ng&ocirc; Thị F', '01253646854', 'C&ocirc;ng nh&acirc;n', 'phuhuynhf@gmail.com', '', '', '', '', '105-Trần Ph&uacute;-H&agrave; Đ&ocirc;ng', NULL, NULL, NULL, 'Con l&agrave; dị nh&acirc;n F', 28075, 'FNgoz Thị'),
(25900, 24054, 'NVG1617159176', 'G', 'Nguyễn Văn', 'Nguyễn Văn G', NULL, '2019-03-15', 'male', NULL, 'Mẹ Nguyễn Văn G', '0987654321', 'Nh&acirc;n vi&ecirc;n', 'Bố Nguyễn Văn G', '01234567890', 'Nh&acirc;n vi&ecirc;n', 'phuhuynhg@gmail.com', '', '', '', '', '106-Trần Ph&uacute;-H&agrave; Đ&ocirc;ng', NULL, NULL, NULL, 'Con l&agrave; dị nh&acirc;n G', 28075, 'GNguyezzzzzzzzzzzn Vazn'),
(25901, 24055, 'NTH1617159176', 'H', 'Ng&ocirc; Thị', 'Ng&ocirc; Thị H', NULL, '2019-01-20', 'female', NULL, 'Mẹ Ng&ocirc; Thị H', '01237859498', 'C&ocirc;ng nh&acirc;n', 'Bố Ng&ocirc; Thị H', '01253646854', 'C&ocirc;ng nh&acirc;n', 'phuhuynhh@gmail.com', '', '', '', '', '107-Trần Ph&uacute;-H&agrave; Đ&ocirc;ng', NULL, NULL, NULL, 'Con l&agrave; dị nh&acirc;n H', 28075, 'HNgoz Thị'),
(25902, 24056, 'NVB1617159780', 'BA', 'Nguyễn Văn', 'Nguyễn Văn BA', NULL, '2019-03-14', 'male', NULL, 'Mẹ Nguyễn Văn BA', '0987654321', 'Nh&acirc;n vi&ecirc;n', 'Bố Nguyễn Văn BA', '01234567890', 'Nh&acirc;n vi&ecirc;n', 'phuhuynhba@gmail.com', '', '', '', '', '100-Trần Ph&uacute;-H&agrave; Đ&ocirc;ng', NULL, NULL, NULL, 'Con l&agrave; dị nh&acirc;n BA', 28075, 'BANguyezzzzzzzzzzzn Vazn'),
(25903, 24057, 'NTB1617159780', 'BB', 'Ng&ocirc; Thị', 'Ng&ocirc; Thị BB', NULL, '2019-01-19', 'female', NULL, 'Mẹ Ng&ocirc; Thị BB', '01237859498', 'C&ocirc;ng nh&acirc;n', 'Bố Ng&ocirc; Thị BB', '01253646854', 'C&ocirc;ng nh&acirc;n', 'phuhuynhbb@gmail.com', '', '', '', '', '101-Trần Ph&uacute;-H&agrave; Đ&ocirc;ng', NULL, NULL, NULL, 'Con l&agrave; dị nh&acirc;n BB', 28075, 'BBNgoz Thị'),
(25904, 24058, 'NVB1617159790', 'BC', 'Nguyễn Văn', 'Nguyễn Văn BC', NULL, '2019-03-15', 'male', NULL, 'Mẹ Nguyễn Văn BC', '0987654321', 'Nh&acirc;n vi&ecirc;n', 'Bố Nguyễn Văn BC', '01234567890', 'Nh&acirc;n vi&ecirc;n', 'phuhuynhbc@gmail.com', '', '', '', '', '102-Trần Ph&uacute;-H&agrave; Đ&ocirc;ng', NULL, NULL, NULL, 'Con l&agrave; dị nh&acirc;n BC', 28075, 'BCNguyezzzzzzzzzzzn Vazn'),
(25905, 24059, 'NTB1617159790', 'BD', 'Ng&ocirc; Thị', 'Ng&ocirc; Thị BD', NULL, '2019-01-20', 'female', NULL, 'Mẹ Ng&ocirc; Thị BD', '01237859498', 'C&ocirc;ng nh&acirc;n', 'Bố Ng&ocirc; Thị BD', '01253646854', 'C&ocirc;ng nh&acirc;n', 'phuhuynhbd@gmail.com', '', '', '', '', '103-Trần Ph&uacute;-H&agrave; Đ&ocirc;ng', NULL, NULL, NULL, 'Con l&agrave; dị nh&acirc;n BD', 28075, 'BDNgoz Thị'),
(25906, 24060, 'NVB1617245938', 'BA', 'Nguyễn Văn', 'Nguyễn Văn BA', NULL, '2019-03-14', 'male', NULL, 'Mẹ Nguyễn Văn BA', '0987654321', 'Nh&acirc;n vi&ecirc;n', 'Bố Nguyễn Văn BA', '01234567890', 'Nh&acirc;n vi&ecirc;n', 'phuhuynhba@gmail.com', '', '', '', '', '100-Trần Ph&uacute;-H&agrave; Đ&ocirc;ng', NULL, NULL, NULL, 'Con l&agrave; dị nh&acirc;n BA', 28076, 'BANguyezzzzzzzzzzzn Vazn'),
(25907, 24061, 'NTB1617245938', 'BB', 'Ng&ocirc; Thị', 'Ng&ocirc; Thị BB', NULL, '2019-01-19', 'female', NULL, 'Mẹ Ng&ocirc; Thị BB', '01237859498', 'C&ocirc;ng nh&acirc;n', 'Bố Ng&ocirc; Thị BB', '01253646854', 'C&ocirc;ng nh&acirc;n', 'phuhuynhbb@gmail.com', '', '', '', '', '101-Trần Ph&uacute;-H&agrave; Đ&ocirc;ng', NULL, NULL, NULL, 'Con l&agrave; dị nh&acirc;n BB', 28076, 'BBNgoz Thị'),
(25908, 24062, 'NVB1617246159', 'BA8', 'Nguyễn Văn', 'Nguyễn Văn BA8', NULL, '2019-03-14', 'male', NULL, 'Mẹ Nguyễn Văn BA', '0987654321', 'Nh&acirc;n vi&ecirc;n', 'Bố Nguyễn Văn BA', '01234567890', 'Nh&acirc;n vi&ecirc;n', 'phuhuynhba@gmail.com', '', '', '', '', '100-Trần Ph&uacute;-H&agrave; Đ&ocirc;ng', NULL, NULL, NULL, 'Con l&agrave; dị nh&acirc;n BA', 28076, 'BA8Nguyezzzzzzzzzzzn Vazn'),
(25909, 24063, 'NTB1617246159', 'BB8', 'Ng&ocirc; Thị', 'Ng&ocirc; Thị BB8', NULL, '2019-01-19', 'female', NULL, 'Mẹ Ng&ocirc; Thị BB', '01237859498', 'C&ocirc;ng nh&acirc;n', 'Bố Ng&ocirc; Thị BB', '01253646854', 'C&ocirc;ng nh&acirc;n', 'phuhuynhbb@gmail.com', '', '', '', '', '101-Trần Ph&uacute;-H&agrave; Đ&ocirc;ng', NULL, NULL, NULL, 'Con l&agrave; dị nh&acirc;n BB', 28076, 'BB8Ngoz Thị'),
(25910, 24064, 'NVB1617246170', 'BA9', 'Nguyễn Văn', 'Nguyễn Văn BA9', NULL, '2019-03-14', 'male', NULL, 'Mẹ Nguyễn Văn BA', '0987654321', 'Nh&acirc;n vi&ecirc;n', 'Bố Nguyễn Văn BA', '01234567890', 'Nh&acirc;n vi&ecirc;n', 'phuhuynhba@gmail.com', '', '', '', '', '100-Trần Ph&uacute;-H&agrave; Đ&ocirc;ng', NULL, NULL, NULL, 'Con l&agrave; dị nh&acirc;n BA', 28076, 'BA9Nguyezzzzzzzzzzzn Vazn'),
(25911, 24065, 'NTB1617246170', 'BB9', 'Ng&ocirc; Thị', 'Ng&ocirc; Thị BB9', NULL, '2019-01-19', 'female', NULL, 'Mẹ Ng&ocirc; Thị BB', '01237859498', 'C&ocirc;ng nh&acirc;n', 'Bố Ng&ocirc; Thị BB', '01253646854', 'C&ocirc;ng nh&acirc;n', 'phuhuynhbb@gmail.com', '', '', '', '', '101-Trần Ph&uacute;-H&agrave; Đ&ocirc;ng', NULL, NULL, NULL, 'Con l&agrave; dị nh&acirc;n BB', 28076, 'BB9Ngoz Thị'),
(25912, 24066, 'NVB1617246183', 'BA10', 'Nguyễn Văn', 'Nguyễn Văn BA10', NULL, '2019-03-14', 'male', NULL, 'Mẹ Nguyễn Văn BA', '0987654321', 'Nh&acirc;n vi&ecirc;n', 'Bố Nguyễn Văn BA', '01234567890', 'Nh&acirc;n vi&ecirc;n', 'phuhuynhba@gmail.com', '', '', '', '', '100-Trần Ph&uacute;-H&agrave; Đ&ocirc;ng', NULL, NULL, NULL, 'Con l&agrave; dị nh&acirc;n BA', 28076, 'BA10Nguyezzzzzzzzzzzn Vazn'),
(25913, 24067, 'NTB1617246183', 'BB10', 'Ng&ocirc; Thị', 'Ng&ocirc; Thị BB10', NULL, '2019-01-19', 'female', NULL, 'Mẹ Ng&ocirc; Thị BB', '01237859498', 'C&ocirc;ng nh&acirc;n', 'Bố Ng&ocirc; Thị BB', '01253646854', 'C&ocirc;ng nh&acirc;n', 'phuhuynhbb@gmail.com', '', '', '', '', '101-Trần Ph&uacute;-H&agrave; Đ&ocirc;ng', NULL, NULL, NULL, 'Con l&agrave; dị nh&acirc;n BB', 28076, 'BB10Ngoz Thị'),
(25914, 24068, 'NVB1617246195', 'BA11', 'Nguyễn Văn', 'Nguyễn Văn BA11', NULL, '2019-03-14', 'male', NULL, 'Mẹ Nguyễn Văn BA', '0987654321', 'Nh&acirc;n vi&ecirc;n', 'Bố Nguyễn Văn BA', '01234567890', 'Nh&acirc;n vi&ecirc;n', 'phuhuynhba@gmail.com', '', '', '', '', '100-Trần Ph&uacute;-H&agrave; Đ&ocirc;ng', NULL, NULL, NULL, 'Con l&agrave; dị nh&acirc;n BA', 28076, 'BA11Nguyezzzzzzzzzzzn Vazn'),
(25915, 24069, 'NTB1617246195', 'BB11', 'Ng&ocirc; Thị', 'Ng&ocirc; Thị BB11', NULL, '2019-01-19', 'female', NULL, 'Mẹ Ng&ocirc; Thị BB', '01237859498', 'C&ocirc;ng nh&acirc;n', 'Bố Ng&ocirc; Thị BB', '01253646854', 'C&ocirc;ng nh&acirc;n', 'phuhuynhbb@gmail.com', '', '', '', '', '101-Trần Ph&uacute;-H&agrave; Đ&ocirc;ng', NULL, NULL, NULL, 'Con l&agrave; dị nh&acirc;n BB', 28076, 'BB11Ngoz Thị'),
(25916, 24070, 'NVB1617246207', 'BA12', 'Nguyễn Văn', 'Nguyễn Văn BA12', NULL, '2019-03-14', 'male', NULL, 'Mẹ Nguyễn Văn BA', '0987654321', 'Nh&acirc;n vi&ecirc;n', 'Bố Nguyễn Văn BA', '01234567890', 'Nh&acirc;n vi&ecirc;n', 'phuhuynhba@gmail.com', '', '', '', '', '100-Trần Ph&uacute;-H&agrave; Đ&ocirc;ng', NULL, NULL, NULL, 'Con l&agrave; dị nh&acirc;n BA', 28076, 'BA12Nguyezzzzzzzzzzzn Vazn'),
(25917, 24071, 'NTB1617246207', 'BB12', 'Ng&ocirc; Thị', 'Ng&ocirc; Thị BB12', NULL, '2019-01-19', 'female', NULL, 'Mẹ Ng&ocirc; Thị BB', '01237859498', 'C&ocirc;ng nh&acirc;n', 'Bố Ng&ocirc; Thị BB', '01253646854', 'C&ocirc;ng nh&acirc;n', 'phuhuynhbb@gmail.com', '', '', '', '', '101-Trần Ph&uacute;-H&agrave; Đ&ocirc;ng', NULL, NULL, NULL, 'Con l&agrave; dị nh&acirc;n BB', 28076, 'BB12Ngoz Thị'),
(25918, 24072, 'NVA1617764051', 'A', 'Nguyễn Văn', 'Nguyễn Văn A', NULL, '2021-04-07', 'male', NULL, 'Parent of Nguyễn Văn A', '', '', '', '', '', '', '', '', '', '', '', NULL, NULL, NULL, '', 28076, 'ANguyezzzzzzzzzzzn Vazn'),
(25919, 24073, 'DTH1618287562', 'Ho&agrave;ng', 'Đinh Ti&ecirc;n', 'Đinh Ti&ecirc;n Ho&agrave;ng', NULL, '2000-04-13', 'male', NULL, 'Parent of Đinh Ti&ecirc;n Ho&agrave;ng', '0968949065', '', '', '', '', '', '', '', '', '', '', NULL, NULL, NULL, 'Mo ta children', 28076, 'Ho&agrave;ngDzinh Tiezzzzzzzzzn'),
(25920, 24074, 'QVT1618287622', 'Trường', 'Quan V&acirc;n', 'Quan V&acirc;n Trường', NULL, '2000-02-13', 'male', NULL, 'Parent of Quan V&acirc;n Trường', '', '', '', '', '', 'hathithinh@gmail.com', '', '', '', '', '', NULL, NULL, NULL, '', 28076, 'TruzozzzzzzzzngQuan Vazzzzzzzn'),
(25923, 24075, 'LHT1618295550', 'Th&uacute;c', 'Lưu Ho&agrave;ng', 'Lưu Ho&agrave;ng Th&uacute;c', NULL, '2000-04-13', 'male', NULL, 'Parent of Lưu Ho&agrave;ng Th&uacute;c', '0968949065', '', '', '', '', '', '', '', '', '', '', NULL, NULL, NULL, '', 28076, 'Th&uacute;cLuzu Ho&agrave;ng'),
(25944, 24076, 'DT1618308902', 'Th&uacute;c', 'Đinh', 'Đinh Th&uacute;c', NULL, '2000-04-17', 'male', NULL, 'Parent of Đinh Th&uacute;c', '0968949065', '', '', '', '', '', '', '', '', '', '', NULL, NULL, NULL, '', 28076, 'Th&uacute;cDzinh'),
(25945, 24077, 'TTL1618557850', 'Long', 'Triệu Tử', 'Triệu Tử Long', NULL, '2021-01-16', 'male', NULL, 'Parent of Triệu Tử Long', '0968949065', '', '', '', '', '', '', '', '', '', '', NULL, NULL, NULL, '', 28076, 'LongTriezzzzzzzzzzzzu Tuzzzz'),
(25946, 24079, 'ET2CTTL1618892377', 'Long', 'Em thứ 2 của Triệu Tử', 'Em thứ 2 của Triệu Tử Long', NULL, '2000-04-20', 'male', NULL, 'Parent of Em thứ 2 của Triệu Tử Long', '', '', '', '', '', '', '', '', '', '', '', NULL, NULL, NULL, '', 28076, 'LongEm thuzzz 2 của Triezzzzzzzzzzzzu Tuzzzz');

-- --------------------------------------------------------

--
-- Cấu trúc bảng cho bảng `ci_child_based_on_month`
--

CREATE TABLE `ci_child_based_on_month` (
  `child_based_on_month_id` int(10) UNSIGNED NOT NULL,
  `month` int(2) UNSIGNED NOT NULL COMMENT 'Tuổi của trẻ (tháng)',
  `link` varchar(300) DEFAULT NULL COMMENT 'Link bài viết',
  `title` varchar(500) DEFAULT NULL
) ENGINE=InnoDB DEFAULT CHARSET=utf8 COMMENT='Lưu thông tin trẻ theo tháng tuổi';

-- --------------------------------------------------------

--
-- Cấu trúc bảng cho bảng `ci_child_development`
--

CREATE TABLE `ci_child_development` (
  `child_development_id` int(11) NOT NULL,
  `month_push` int(4) NOT NULL COMMENT 'Tháng push thông báo',
  `title` varchar(300) NOT NULL,
  `content` text DEFAULT NULL COMMENT 'Nội dung',
  `link` varchar(255) DEFAULT NULL COMMENT 'Đường dẫn thông báo',
  `image` varchar(255) DEFAULT NULL COMMENT 'Ảnh bài viết',
  `day_push` tinyint(2) NOT NULL COMMENT 'Ngày thứ bao nhiêu trong tháng',
  `time_push` time NOT NULL COMMENT 'Giờ nòa trong ngày',
  `type` tinyint(1) NOT NULL DEFAULT 1 COMMENT 'Kiểu tiêm phòng hay là thông tin, 1: tiêm phòng, 2: thông tin',
  `content_type` tinyint(1) NOT NULL DEFAULT 1 COMMENT 'Là link hay bài viết text, 1: bài viết, 2: link',
  `is_development` tinyint(1) NOT NULL DEFAULT 1 COMMENT 'Có xuất hiện trong quá trình phát triển hay không',
  `is_notice_before` tinyint(1) UNSIGNED NOT NULL DEFAULT 0 COMMENT 'Có thông báo trước hay không?',
  `notice_before_days` int(3) UNSIGNED NOT NULL DEFAULT 0 COMMENT 'Thông báo trước bn ngày',
  `is_reminder_before` tinyint(1) UNSIGNED NOT NULL DEFAULT 0 COMMENT 'Có nhắc lại hay không?',
  `reminder_before_days` int(3) UNSIGNED NOT NULL DEFAULT 0 COMMENT 'Nhắc lại trước bn ngày',
  `created_at` datetime NOT NULL,
  `updated_at` datetime DEFAULT NULL,
  `created_user_id` int(10) NOT NULL
) ENGINE=InnoDB DEFAULT CHARSET=utf8 COMMENT='Lưu thông tin quá trình phát triển của trẻ';

-- --------------------------------------------------------

--
-- Cấu trúc bảng cho bảng `ci_child_development_child`
--

CREATE TABLE `ci_child_development_child` (
  `child_development_child_id` int(10) NOT NULL,
  `child_development_id` int(10) NOT NULL COMMENT 'id của thông tin quá trình tiêm phòng của trẻ',
  `child_parent_id` int(10) NOT NULL COMMENT 'child_id của trẻ đã được tiêm phòng'
) ENGINE=InnoDB DEFAULT CHARSET=utf8 COMMENT='Lưu những trẻ đã được tiêm phòng';

-- --------------------------------------------------------

--
-- Cấu trúc bảng cho bảng `ci_child_edit_history`
--

CREATE TABLE `ci_child_edit_history` (
  `ci_child_edit_history_id` int(10) NOT NULL,
  `school_id` int(10) NOT NULL,
  `child_id` int(10) NOT NULL,
  `edit_by` tinyint(1) NOT NULL DEFAULT 2 COMMENT 'Chỉnh sửa bởi ai:\n1- Quản lý trường\n2- Giáo viên\n3- Phụ huynh',
  `last_update` date NOT NULL COMMENT 'Ngày cập nhật cuối cùng',
  `updated_user_id` int(10) NOT NULL COMMENT 'ID của user sửa cuối cùng'
) ENGINE=InnoDB DEFAULT CHARSET=utf8 COMMENT='Lưu thông tin những trẻ đã được sửa trong 1 tháng gần nhất (tạm thời chỉ lưu những trẻ được giáo viên chỉnh sửa)';

-- --------------------------------------------------------

--
-- Cấu trúc bảng cho bảng `ci_child_foetus_growth`
--

CREATE TABLE `ci_child_foetus_growth` (
  `child_foetus_growth_id` int(10) UNSIGNED NOT NULL,
  `child_parent_id` int(10) UNSIGNED NOT NULL COMMENT 'id của trẻ',
  `recorded_at` date NOT NULL COMMENT 'Ngày ghi thông tin',
  `pregnant_week` tinyint(2) NOT NULL COMMENT 'Tuần mang thai',
  `due_date_of_childbearing` date DEFAULT NULL COMMENT 'Ngày dự sinh của trẻ',
  `femur_length` double DEFAULT NULL COMMENT 'Chiều dài xương đùi',
  `from_head_to_hips_length` double DEFAULT NULL COMMENT 'Chiều dài từ đầu đến mông',
  `weight` double DEFAULT NULL,
  `fetal_heart` double DEFAULT NULL COMMENT 'Nhịp tim thai',
  `hospital` varchar(300) DEFAULT NULL COMMENT 'Bệnh viện, nơi khám thai\n',
  `hospital_address` varchar(300) DEFAULT NULL COMMENT 'địa chỉ bệnh viện',
  `doctor_name` varchar(300) DEFAULT NULL COMMENT 'Tên bác sĩ',
  `doctor_phone` varchar(300) DEFAULT NULL COMMENT 'Số điện thoại bác sĩ',
  `description` varchar(300) DEFAULT NULL,
  `created_user_id` int(10) NOT NULL,
  `updated_at` datetime DEFAULT NULL
) ENGINE=InnoDB DEFAULT CHARSET=utf8 COMMENT='Bảng lưu thông tin sức khỏe thai nhi';

-- --------------------------------------------------------

--
-- Cấu trúc bảng cho bảng `ci_child_growth`
--

CREATE TABLE `ci_child_growth` (
  `child_growth_id` int(10) UNSIGNED NOT NULL,
  `recorded_at` date NOT NULL COMMENT 'Thời điểm ghi chép chiều cao, cân nặng',
  `child_parent_id` int(10) NOT NULL,
  `weight` double UNSIGNED NOT NULL COMMENT 'Lưu cân nặng của trẻ. Đơn vị tính là Kg',
  `height` double UNSIGNED DEFAULT NULL COMMENT 'Lưu chiều cao của trẻ. Đơn vị tính là cm.',
  `source_file` tinytext DEFAULT NULL COMMENT 'Nguồn file ảnh',
  `file_name` tinytext DEFAULT NULL COMMENT 'Tên file ảnh',
  `nutriture_status` varchar(300) DEFAULT NULL COMMENT 'Tình trạng dinh dưỡng',
  `heart` varchar(300) DEFAULT NULL COMMENT 'nhịp tim',
  `blood_pressure` varchar(300) DEFAULT NULL COMMENT 'Huyết áp',
  `ear` varchar(300) DEFAULT NULL COMMENT 'tai',
  `eye` varchar(300) CHARACTER SET utf16 DEFAULT NULL COMMENT 'mắt',
  `nose` varchar(300) DEFAULT NULL COMMENT 'Mũi',
  `description` varchar(300) DEFAULT NULL COMMENT 'Mô tả việc ghi chép',
  `created_user_id` int(10) UNSIGNED DEFAULT NULL,
  `is_parent` tinyint(1) UNSIGNED NOT NULL DEFAULT 1 COMMENT 'Có phải phụ huynh tạo hay không: 1: phải, 0: trường tạo'
) ENGINE=InnoDB DEFAULT CHARSET=utf8 COMMENT='Quản lý chiều cao, cân nặng của trẻ. Để theo dõi biểu đồ tăng trưởng của trẻ.';

-- --------------------------------------------------------

--
-- Cấu trúc bảng cho bảng `ci_child_info`
--

CREATE TABLE `ci_child_info` (
  `child_info_id` int(10) NOT NULL,
  `child_id` int(10) NOT NULL,
  `picker_name` varchar(100) NOT NULL,
  `picker_relation` varchar(100) NOT NULL,
  `picker_phone` varchar(50) NOT NULL,
  `picker_source_file` tinytext NOT NULL,
  `picker_file_name` tinytext NOT NULL,
  `picker_address` varchar(300) NOT NULL,
  `status` tinyint(1) NOT NULL,
  `created_at` datetime NOT NULL,
  `updated_at` datetime NOT NULL,
  `created_user_id` int(10) NOT NULL
) ENGINE=InnoDB DEFAULT CHARSET=utf8;

-- --------------------------------------------------------

--
-- Cấu trúc bảng cho bảng `ci_child_journal`
--

CREATE TABLE `ci_child_journal` (
  `child_journal_id` int(10) UNSIGNED NOT NULL,
  `child_journal_album_id` int(10) UNSIGNED NOT NULL,
  `source_file` tinytext DEFAULT NULL,
  `file_name` tinytext DEFAULT NULL
) ENGINE=InnoDB DEFAULT CHARSET=utf8 COMMENT='Lưu ảnh trong góc nhật ký của trẻ';

-- --------------------------------------------------------

--
-- Cấu trúc bảng cho bảng `ci_child_journal_album`
--

CREATE TABLE `ci_child_journal_album` (
  `child_journal_album_id` int(10) UNSIGNED NOT NULL,
  `child_parent_id` int(10) UNSIGNED NOT NULL,
  `caption` varchar(500) DEFAULT NULL COMMENT 'Tiêu đề',
  `created_at` datetime NOT NULL COMMENT 'Ngày tạo',
  `updated_at` datetime DEFAULT NULL COMMENT 'Ngày update',
  `created_user_id` int(10) UNSIGNED NOT NULL,
  `is_parent` tinyint(1) UNSIGNED NOT NULL DEFAULT 1 COMMENT 'Có phải phụ huynh tạo hay không'
) ENGINE=InnoDB DEFAULT CHARSET=utf8 COMMENT='bảng lưu album nhật ký của trẻ';

-- --------------------------------------------------------

--
-- Cấu trúc bảng cho bảng `ci_child_medical`
--

CREATE TABLE `ci_child_medical` (
  `child_medical_id` int(10) UNSIGNED NOT NULL,
  `child_parent_id` int(10) UNSIGNED NOT NULL COMMENT 'Id của trẻ',
  `recorded_at` date NOT NULL COMMENT 'NGày ghi lại thông tin bệnh',
  `diseased_name` varchar(300) NOT NULL COMMENT 'Tên bệnh',
  `day_use` int(2) DEFAULT NULL COMMENT 'Số ngày sử dụng thuốc',
  `symptom` varchar(300) DEFAULT NULL COMMENT 'Triệu chứng bệnh',
  `medicine_list` varchar(300) NOT NULL COMMENT 'Danh sách thuốc',
  `usage_guide` varchar(300) DEFAULT NULL COMMENT 'Hướng dẫ sử dụng thuốc',
  `hospital` varchar(100) DEFAULT NULL COMMENT 'Bệnh viện',
  `hospital_address` varchar(200) DEFAULT NULL COMMENT 'Địa chỉ bệnh viện',
  `doctor_name` varchar(100) DEFAULT NULL COMMENT 'Tên bác sĩ',
  `doctor_phone` varchar(20) DEFAULT NULL COMMENT 'Số điện thoại liên hệ bác sĩ',
  `description` varchar(300) DEFAULT NULL,
  `created_at` date NOT NULL,
  `updated_at` date DEFAULT NULL,
  `created_user_id` int(10) NOT NULL
) ENGINE=InnoDB DEFAULT CHARSET=utf8 COMMENT='Bảng lưu thông tin y bạ của trẻ';

-- --------------------------------------------------------

--
-- Cấu trúc bảng cho bảng `ci_child_of_parent_birthday`
--

CREATE TABLE `ci_child_of_parent_birthday` (
  `parent_id` int(10) UNSIGNED NOT NULL,
  `child_id` int(10) UNSIGNED NOT NULL,
  `child_name` varchar(20) NOT NULL,
  `child_class_id` int(10) UNSIGNED NOT NULL,
  `child_class_name` varchar(255) NOT NULL,
  `child_class_title` varchar(255) NOT NULL,
  `child_school_id` int(10) UNSIGNED NOT NULL,
  `child_school_name` varchar(255) NOT NULL,
  `child_school_title` varchar(255) NOT NULL,
  `child_gender` enum('male','female') NOT NULL
) ENGINE=InnoDB DEFAULT CHARSET=utf8 COMMENT='Lưu danh sách những trẻ được quản lý bởi 1 phụ huynh';

-- --------------------------------------------------------

--
-- Cấu trúc bảng cho bảng `ci_child_parent`
--

CREATE TABLE `ci_child_parent` (
  `child_parent_id` int(10) UNSIGNED NOT NULL,
  `child_code` varchar(30) DEFAULT NULL,
  `first_name` varchar(50) NOT NULL COMMENT 'Tên của trẻ (chỉ tên)',
  `last_name` varchar(50) NOT NULL COMMENT 'Họ và tên đệm',
  `child_name` varchar(100) NOT NULL,
  `child_nickname` varchar(45) DEFAULT NULL COMMENT 'Tên thường gọi của trẻ',
  `child_admin` int(10) UNSIGNED NOT NULL COMMENT 'admin của trẻ',
  `is_pregnant` tinyint(1) NOT NULL DEFAULT 0,
  `foetus_begin_date` datetime DEFAULT NULL COMMENT 'Ngày bắt đầu mang thai, trường này dựa vào số tuần mang thai phụ huynh nhập vào hệ thống để tính ra, hiển thị lên màn hinh số tuần',
  `due_date_of_childbearing` date DEFAULT NULL,
  `birthday` date DEFAULT NULL,
  `gender` enum('male','female') DEFAULT NULL COMMENT 'Giới tính của trẻ\nmale: nam\nfemale: nữ',
  `child_picture` varchar(255) DEFAULT NULL COMMENT 'avatar của trẻ',
  `parent_name` varchar(100) DEFAULT NULL COMMENT 'Tên phụ huynh',
  `parent_phone` varchar(50) DEFAULT NULL COMMENT 'Số điện thoại bố mẹ, dùng liên hệ khi cần thiết. Có thể lấy từ thông tin cha mẹ khi được quản lý.',
  `parent_job` varchar(500) DEFAULT NULL COMMENT 'lưu nghề nghiệp của mẹ (mặc định là mẹ)',
  `parent_name_dad` varchar(100) DEFAULT NULL COMMENT 'Lưu tên của bố',
  `parent_phone_dad` varchar(50) DEFAULT NULL COMMENT 'Lưu số điện thoại của bố',
  `parent_job_dad` varchar(500) DEFAULT NULL COMMENT 'Lưu nghề nghiệp của bố',
  `parent_email` varchar(100) DEFAULT NULL,
  `parent_img1` varchar(300) DEFAULT NULL COMMENT 'Ảnh cha mẹ, những người có thể đón trẻ về (có thể cỏ cả ảnh bà giúp việc). \n- Trường này chỉ có thể sử dụng khi trẻ bắt đầu đi học. Bình thường ẩn đi.',
  `parent_img2` varchar(300) DEFAULT NULL,
  `parent_img3` varchar(300) DEFAULT NULL,
  `parent_img4` varchar(300) DEFAULT NULL,
  `address` varchar(250) DEFAULT NULL COMMENT 'Địa chỉ nhà của bé. Có thể lấy từ thông tin địa chỉ của cha/mẹ',
  `blood_type` varchar(300) DEFAULT NULL COMMENT 'Nhóm máu của trẻ',
  `hobby` varchar(500) DEFAULT NULL COMMENT 'Sở thich của trẻ',
  `allergy` varchar(500) DEFAULT NULL COMMENT 'Dị ứng',
  `description` varchar(300) DEFAULT NULL COMMENT 'Mô tả về trẻ',
  `created_user_id` int(10) UNSIGNED NOT NULL,
  `name_for_sort` varchar(50) DEFAULT NULL COMMENT 'Tên của trẻ được chuyển thành dạng ký tự tiếng Anh, dùng để sắp xếp khi lấy ra'
) ENGINE=InnoDB DEFAULT CHARSET=utf8 COMMENT='Lưu thông tin trẻ, phụ huynh quản lý';

--
-- Đang đổ dữ liệu cho bảng `ci_child_parent`
--

INSERT INTO `ci_child_parent` (`child_parent_id`, `child_code`, `first_name`, `last_name`, `child_name`, `child_nickname`, `child_admin`, `is_pregnant`, `foetus_begin_date`, `due_date_of_childbearing`, `birthday`, `gender`, `child_picture`, `parent_name`, `parent_phone`, `parent_job`, `parent_name_dad`, `parent_phone_dad`, `parent_job_dad`, `parent_email`, `parent_img1`, `parent_img2`, `parent_img3`, `parent_img4`, `address`, `blood_type`, `hobby`, `allergy`, `description`, `created_user_id`, `name_for_sort`) VALUES
(24048, 'NVA1617159176', 'A', 'Nguyễn Văn', 'Nguyễn Văn A', NULL, 28082, 0, NULL, NULL, '2019-03-14', 'male', NULL, 'Mẹ Nguyễn Văn A', '0987654321', 'Nh&acirc;n vi&ecirc;n', 'Bố Nguyễn Văn A', '01234567890', 'Nh&acirc;n vi&ecirc;n', 'phuhuynha@gmail.com', '', '', '', '', '100-Trần Ph&uacute;-H&agrave; Đ&ocirc;ng', NULL, NULL, NULL, 'Con l&agrave; dị nh&acirc;n A', 28075, 'ANguyezzzzzzzzzzzn Vazn'),
(24049, 'NTB1617159176', 'B', 'Ng&ocirc; Thị', 'Ng&ocirc; Thị B', NULL, 28083, 0, NULL, NULL, '2019-01-19', 'female', NULL, 'Mẹ Ng&ocirc; Thị B', '01237859498', 'C&ocirc;ng nh&acirc;n', 'Bố Ng&ocirc; Thị B', '01253646854', 'C&ocirc;ng nh&acirc;n', 'phuhuynhb@gmail.com', '', '', '', '', '101-Trần Ph&uacute;-H&agrave; Đ&ocirc;ng', NULL, NULL, NULL, 'Con l&agrave; dị nh&acirc;n B', 28075, 'BNgoz Thị'),
(24050, 'NVC1617159176', 'C', 'Nguyễn Văn', 'Nguyễn Văn C', NULL, 28084, 0, NULL, NULL, '2019-03-15', 'male', NULL, 'Mẹ Nguyễn Văn C', '0987654321', 'Nh&acirc;n vi&ecirc;n', 'Bố Nguyễn Văn C', '01234567890', 'Nh&acirc;n vi&ecirc;n', 'phuhuynhc@gmail.com', '', '', '', '', '102-Trần Ph&uacute;-H&agrave; Đ&ocirc;ng', NULL, NULL, NULL, 'Con l&agrave; dị nh&acirc;n C', 28075, 'CNguyezzzzzzzzzzzn Vazn'),
(24051, 'NTD1617159176', 'D', 'Ng&ocirc; Thị', 'Ng&ocirc; Thị D', NULL, 28085, 0, NULL, NULL, '2019-01-20', 'female', NULL, 'Mẹ Ng&ocirc; Thị D', '01237859498', 'C&ocirc;ng nh&acirc;n', 'Bố Ng&ocirc; Thị D', '01253646854', 'C&ocirc;ng nh&acirc;n', 'phuhuynhd@gmail.com', '', '', '', '', '103-Trần Ph&uacute;-H&agrave; Đ&ocirc;ng', NULL, NULL, NULL, 'Con l&agrave; dị nh&acirc;n D', 28075, 'DNgoz Thị'),
(24052, 'NVE1617159176', 'E', 'Nguyễn Văn', 'Nguyễn Văn E', NULL, 28086, 0, NULL, NULL, '2019-03-14', 'male', NULL, 'Mẹ Nguyễn Văn E', '0987654321', 'Nh&acirc;n vi&ecirc;n', 'Bố Nguyễn Văn E', '01234567890', 'Nh&acirc;n vi&ecirc;n', 'phuhuynhe@gmail.com', '', '', '', '', '104-Trần Ph&uacute;-H&agrave; Đ&ocirc;ng', NULL, NULL, NULL, 'Con l&agrave; dị nh&acirc;n E', 28075, 'ENguyezzzzzzzzzzzn Vazn'),
(24053, 'NTF1617159176', 'F', 'Ng&ocirc; Thị', 'Ng&ocirc; Thị F', NULL, 28087, 0, NULL, NULL, '2019-01-19', 'female', NULL, 'Mẹ Ng&ocirc; Thị F', '01237859498', 'C&ocirc;ng nh&acirc;n', 'Bố Ng&ocirc; Thị F', '01253646854', 'C&ocirc;ng nh&acirc;n', 'phuhuynhf@gmail.com', '', '', '', '', '105-Trần Ph&uacute;-H&agrave; Đ&ocirc;ng', NULL, NULL, NULL, 'Con l&agrave; dị nh&acirc;n F', 28075, 'FNgoz Thị'),
(24054, 'NVG1617159176', 'G', 'Nguyễn Văn', 'Nguyễn Văn G', NULL, 28088, 0, NULL, NULL, '2019-03-15', 'male', NULL, 'Mẹ Nguyễn Văn G', '0987654321', 'Nh&acirc;n vi&ecirc;n', 'Bố Nguyễn Văn G', '01234567890', 'Nh&acirc;n vi&ecirc;n', 'phuhuynhg@gmail.com', '', '', '', '', '106-Trần Ph&uacute;-H&agrave; Đ&ocirc;ng', NULL, NULL, NULL, 'Con l&agrave; dị nh&acirc;n G', 28075, 'GNguyezzzzzzzzzzzn Vazn'),
(24055, 'NTH1617159176', 'H', 'Ng&ocirc; Thị', 'Ng&ocirc; Thị H', NULL, 28089, 0, NULL, NULL, '2019-01-20', 'female', NULL, 'Mẹ Ng&ocirc; Thị H', '01237859498', 'C&ocirc;ng nh&acirc;n', 'Bố Ng&ocirc; Thị H', '01253646854', 'C&ocirc;ng nh&acirc;n', 'phuhuynhh@gmail.com', '', '', '', '', '107-Trần Ph&uacute;-H&agrave; Đ&ocirc;ng', NULL, NULL, NULL, 'Con l&agrave; dị nh&acirc;n H', 28075, 'HNgoz Thị'),
(24056, 'NVB1617159780', 'BA', 'Nguyễn Văn', 'Nguyễn Văn BA', NULL, 28090, 0, NULL, NULL, '2019-03-14', 'male', NULL, 'Mẹ Nguyễn Văn BA', '0987654321', 'Nh&acirc;n vi&ecirc;n', 'Bố Nguyễn Văn BA', '01234567890', 'Nh&acirc;n vi&ecirc;n', 'phuhuynhba@gmail.com', '', '', '', '', '100-Trần Ph&uacute;-H&agrave; Đ&ocirc;ng', NULL, NULL, NULL, 'Con l&agrave; dị nh&acirc;n BA', 28075, 'BANguyezzzzzzzzzzzn Vazn'),
(24057, 'NTB1617159780', 'BB', 'Ng&ocirc; Thị', 'Ng&ocirc; Thị BB', NULL, 28091, 0, NULL, NULL, '2019-01-19', 'female', NULL, 'Mẹ Ng&ocirc; Thị BB', '01237859498', 'C&ocirc;ng nh&acirc;n', 'Bố Ng&ocirc; Thị BB', '01253646854', 'C&ocirc;ng nh&acirc;n', 'phuhuynhbb@gmail.com', '', '', '', '', '101-Trần Ph&uacute;-H&agrave; Đ&ocirc;ng', NULL, NULL, NULL, 'Con l&agrave; dị nh&acirc;n BB', 28075, 'BBNgoz Thị'),
(24058, 'NVB1617159790', 'BC', 'Nguyễn Văn', 'Nguyễn Văn BC', NULL, 28092, 0, NULL, NULL, '2019-03-15', 'male', NULL, 'Mẹ Nguyễn Văn BC', '0987654321', 'Nh&acirc;n vi&ecirc;n', 'Bố Nguyễn Văn BC', '01234567890', 'Nh&acirc;n vi&ecirc;n', 'phuhuynhbc@gmail.com', '', '', '', '', '102-Trần Ph&uacute;-H&agrave; Đ&ocirc;ng', NULL, NULL, NULL, 'Con l&agrave; dị nh&acirc;n BC', 28075, 'BCNguyezzzzzzzzzzzn Vazn'),
(24059, 'NTB1617159790', 'BD', 'Ng&ocirc; Thị', 'Ng&ocirc; Thị BD', NULL, 28093, 0, NULL, NULL, '2019-01-20', 'female', NULL, 'Mẹ Ng&ocirc; Thị BD', '01237859498', 'C&ocirc;ng nh&acirc;n', 'Bố Ng&ocirc; Thị BD', '01253646854', 'C&ocirc;ng nh&acirc;n', 'phuhuynhbd@gmail.com', '', '', '', '', '103-Trần Ph&uacute;-H&agrave; Đ&ocirc;ng', NULL, NULL, NULL, 'Con l&agrave; dị nh&acirc;n BD', 28075, 'BDNgoz Thị'),
(24060, 'NVB1617245938', 'BA', 'Nguyễn Văn', 'Nguyễn Văn BA', NULL, 0, 0, NULL, NULL, '2019-03-14', 'male', NULL, 'Mẹ Nguyễn Văn BA', '0987654321', 'Nh&acirc;n vi&ecirc;n', 'Bố Nguyễn Văn BA', '01234567890', 'Nh&acirc;n vi&ecirc;n', 'phuhuynhba@gmail.com', '', '', '', '', '100-Trần Ph&uacute;-H&agrave; Đ&ocirc;ng', NULL, NULL, NULL, 'Con l&agrave; dị nh&acirc;n BA', 28076, 'BANguyezzzzzzzzzzzn Vazn'),
(24061, 'NTB1617245938', 'BB', 'Ng&ocirc; Thị', 'Ng&ocirc; Thị BB', NULL, 0, 0, NULL, NULL, '2019-01-19', 'female', NULL, 'Mẹ Ng&ocirc; Thị BB', '01237859498', 'C&ocirc;ng nh&acirc;n', 'Bố Ng&ocirc; Thị BB', '01253646854', 'C&ocirc;ng nh&acirc;n', 'phuhuynhbb@gmail.com', '', '', '', '', '101-Trần Ph&uacute;-H&agrave; Đ&ocirc;ng', NULL, NULL, NULL, 'Con l&agrave; dị nh&acirc;n BB', 28076, 'BBNgoz Thị'),
(24062, 'NVB1617246159', 'BA8', 'Nguyễn Văn', 'Nguyễn Văn BA8', NULL, 0, 0, NULL, NULL, '2019-03-14', 'male', NULL, 'Mẹ Nguyễn Văn BA', '0987654321', 'Nh&acirc;n vi&ecirc;n', 'Bố Nguyễn Văn BA', '01234567890', 'Nh&acirc;n vi&ecirc;n', 'phuhuynhba@gmail.com', '', '', '', '', '100-Trần Ph&uacute;-H&agrave; Đ&ocirc;ng', NULL, NULL, NULL, 'Con l&agrave; dị nh&acirc;n BA', 28076, 'BA8Nguyezzzzzzzzzzzn Vazn'),
(24063, 'NTB1617246159', 'BB8', 'Ng&ocirc; Thị', 'Ng&ocirc; Thị BB8', NULL, 0, 0, NULL, NULL, '2019-01-19', 'female', NULL, 'Mẹ Ng&ocirc; Thị BB', '01237859498', 'C&ocirc;ng nh&acirc;n', 'Bố Ng&ocirc; Thị BB', '01253646854', 'C&ocirc;ng nh&acirc;n', 'phuhuynhbb@gmail.com', '', '', '', '', '101-Trần Ph&uacute;-H&agrave; Đ&ocirc;ng', NULL, NULL, NULL, 'Con l&agrave; dị nh&acirc;n BB', 28076, 'BB8Ngoz Thị'),
(24064, 'NVB1617246170', 'BA9', 'Nguyễn Văn', 'Nguyễn Văn BA9', NULL, 0, 0, NULL, NULL, '2019-03-14', 'male', NULL, 'Mẹ Nguyễn Văn BA', '0987654321', 'Nh&acirc;n vi&ecirc;n', 'Bố Nguyễn Văn BA', '01234567890', 'Nh&acirc;n vi&ecirc;n', 'phuhuynhba@gmail.com', '', '', '', '', '100-Trần Ph&uacute;-H&agrave; Đ&ocirc;ng', NULL, NULL, NULL, 'Con l&agrave; dị nh&acirc;n BA', 28076, 'BA9Nguyezzzzzzzzzzzn Vazn'),
(24065, 'NTB1617246170', 'BB9', 'Ng&ocirc; Thị', 'Ng&ocirc; Thị BB9', NULL, 0, 0, NULL, NULL, '2019-01-19', 'female', NULL, 'Mẹ Ng&ocirc; Thị BB', '01237859498', 'C&ocirc;ng nh&acirc;n', 'Bố Ng&ocirc; Thị BB', '01253646854', 'C&ocirc;ng nh&acirc;n', 'phuhuynhbb@gmail.com', '', '', '', '', '101-Trần Ph&uacute;-H&agrave; Đ&ocirc;ng', NULL, NULL, NULL, 'Con l&agrave; dị nh&acirc;n BB', 28076, 'BB9Ngoz Thị'),
(24066, 'NVB1617246183', 'BA10', 'Nguyễn Văn', 'Nguyễn Văn BA10', NULL, 0, 0, NULL, NULL, '2019-03-14', 'male', NULL, 'Mẹ Nguyễn Văn BA', '0987654321', 'Nh&acirc;n vi&ecirc;n', 'Bố Nguyễn Văn BA', '01234567890', 'Nh&acirc;n vi&ecirc;n', 'phuhuynhba@gmail.com', '', '', '', '', '100-Trần Ph&uacute;-H&agrave; Đ&ocirc;ng', NULL, NULL, NULL, 'Con l&agrave; dị nh&acirc;n BA', 28076, 'BA10Nguyezzzzzzzzzzzn Vazn'),
(24067, 'NTB1617246183', 'BB10', 'Ng&ocirc; Thị', 'Ng&ocirc; Thị BB10', NULL, 0, 0, NULL, NULL, '2019-01-19', 'female', NULL, 'Mẹ Ng&ocirc; Thị BB', '01237859498', 'C&ocirc;ng nh&acirc;n', 'Bố Ng&ocirc; Thị BB', '01253646854', 'C&ocirc;ng nh&acirc;n', 'phuhuynhbb@gmail.com', '', '', '', '', '101-Trần Ph&uacute;-H&agrave; Đ&ocirc;ng', NULL, NULL, NULL, 'Con l&agrave; dị nh&acirc;n BB', 28076, 'BB10Ngoz Thị'),
(24068, 'NVB1617246195', 'BA11', 'Nguyễn Văn', 'Nguyễn Văn BA11', NULL, 0, 0, NULL, NULL, '2019-03-14', 'male', NULL, 'Mẹ Nguyễn Văn BA', '0987654321', 'Nh&acirc;n vi&ecirc;n', 'Bố Nguyễn Văn BA', '01234567890', 'Nh&acirc;n vi&ecirc;n', 'phuhuynhba@gmail.com', '', '', '', '', '100-Trần Ph&uacute;-H&agrave; Đ&ocirc;ng', NULL, NULL, NULL, 'Con l&agrave; dị nh&acirc;n BA', 28076, 'BA11Nguyezzzzzzzzzzzn Vazn'),
(24069, 'NTB1617246195', 'BB11', 'Ng&ocirc; Thị', 'Ng&ocirc; Thị BB11', NULL, 0, 0, NULL, NULL, '2019-01-19', 'female', NULL, 'Mẹ Ng&ocirc; Thị BB', '01237859498', 'C&ocirc;ng nh&acirc;n', 'Bố Ng&ocirc; Thị BB', '01253646854', 'C&ocirc;ng nh&acirc;n', 'phuhuynhbb@gmail.com', '', '', '', '', '101-Trần Ph&uacute;-H&agrave; Đ&ocirc;ng', NULL, NULL, NULL, 'Con l&agrave; dị nh&acirc;n BB', 28076, 'BB11Ngoz Thị'),
(24070, 'NVB1617246207', 'BA12', 'Nguyễn Văn', 'Nguyễn Văn BA12', NULL, 0, 0, NULL, NULL, '2019-03-14', 'male', NULL, 'Mẹ Nguyễn Văn BA', '0987654321', 'Nh&acirc;n vi&ecirc;n', 'Bố Nguyễn Văn BA', '01234567890', 'Nh&acirc;n vi&ecirc;n', 'phuhuynhba@gmail.com', '', '', '', '', '100-Trần Ph&uacute;-H&agrave; Đ&ocirc;ng', NULL, NULL, NULL, 'Con l&agrave; dị nh&acirc;n BA', 28076, 'BA12Nguyezzzzzzzzzzzn Vazn'),
(24071, 'NTB1617246207', 'BB12', 'Ng&ocirc; Thị', 'Ng&ocirc; Thị BB12', NULL, 0, 0, NULL, NULL, '2019-01-19', 'female', NULL, 'Mẹ Ng&ocirc; Thị BB', '01237859498', 'C&ocirc;ng nh&acirc;n', 'Bố Ng&ocirc; Thị BB', '01253646854', 'C&ocirc;ng nh&acirc;n', 'phuhuynhbb@gmail.com', '', '', '', '', '101-Trần Ph&uacute;-H&agrave; Đ&ocirc;ng', NULL, NULL, NULL, 'Con l&agrave; dị nh&acirc;n BB', 28076, 'BB12Ngoz Thị'),
(24072, 'NVA1617764051', 'A', 'Nguyễn Văn', 'Nguyễn Văn A', NULL, 28096, 0, NULL, NULL, '2021-04-07', 'male', NULL, 'Parent of Nguyễn Văn A', '', '', '', '', '', '', '', '', '', '', '', NULL, NULL, NULL, '', 28076, 'ANguyezzzzzzzzzzzn Vazn'),
(24073, 'DTH1618287562', 'Ho&agrave;ng', 'Đinh Ti&ecirc;n', 'Đinh Ti&ecirc;n Ho&agrave;ng', NULL, 28097, 0, NULL, NULL, '2000-04-13', 'male', NULL, 'Parent of Đinh Ti&ecirc;n Ho&agrave;ng', '0968949065', '', '', '', '', '', '', '', '', '', '', NULL, NULL, NULL, 'Mo ta children', 28076, 'Ho&agrave;ngDzinh Tiezzzzzzzzzn'),
(24074, 'QVT1618287622', 'Trường', 'Quan V&acirc;n', 'Quan V&acirc;n Trường', NULL, 28076, 0, NULL, NULL, '2000-02-13', 'male', NULL, 'Parent of Quan V&acirc;n Trường', '', '', '', '', '', 'hathithinh@gmail.com', '', '', '', '', '', NULL, NULL, NULL, '', 28076, 'TruzozzzzzzzzngQuan Vazzzzzzzn'),
(24075, 'LHT1618295550', 'Th&uacute;c', 'Lưu Ho&agrave;ng', 'Lưu Ho&agrave;ng Th&uacute;c', NULL, 28098, 0, NULL, NULL, '2000-04-13', 'male', NULL, 'Parent of Lưu Ho&agrave;ng Th&uacute;c', '0968949065', '', '', '', '', '', '', '', '', '', '', NULL, NULL, NULL, '', 28076, 'Th&uacute;cLuzu Ho&agrave;ng'),
(24076, 'DT1618308902', 'Th&uacute;c', 'Đinh', 'Đinh Th&uacute;c', NULL, 28100, 0, NULL, NULL, '2000-04-17', 'male', NULL, 'Parent of Đinh Th&uacute;c', '0968949065', '', '', '', '', '', '', '', '', '', '', NULL, NULL, NULL, '', 28076, 'Th&uacute;cDzinh'),
(24077, 'TTL1618557850', 'Long', 'Triệu Tử', 'Triệu Tử Long', NULL, 28102, 0, NULL, NULL, '2021-01-16', 'male', NULL, 'Parent of Triệu Tử Long', '0968949065', '', '', '', '', '', '', '', '', '', '', NULL, NULL, NULL, '', 28076, 'LongTriezzzzzzzzzzzzu Tuzzzz'),
(24078, 'ECTTL1618892071', 'Long', 'Em của Triệu Tử', 'Em của Triệu Tử Long', 'emtrieutulong', 28102, 0, NULL, NULL, '2000-04-20', 'male', 'pictures/2021/04/coniu_57c2b3d0d93bdd97afc2cfcc1d583c34.jpg', 'Parent Of Triệu Tử Long', '0968949065', NULL, NULL, NULL, NULL, 'pottl1618557896@gmail.com', '', '', '', '', '', '', '', '', '', 28102, 'LongEm của Triezzzzzzzzzzzzu Tuzzzz'),
(24079, 'ET2CTTL1618892377', 'Long', 'Em thứ 2 của Triệu Tử', 'Em thứ 2 của Triệu Tử Long', NULL, 28104, 0, NULL, NULL, '2000-04-20', 'male', NULL, 'Parent of Em thứ 2 của Triệu Tử Long', '', '', '', '', '', '', '', '', '', '', '', NULL, NULL, NULL, '', 28076, 'LongEm thuzzz 2 của Triezzzzzzzzzzzzu Tuzzzz'),
(24080, 'LNN1619055668', 'Na', 'L&ecirc; Na', 'L&ecirc; Na Na', 'M&iacute;t', 28102, 1, '2020-11-12 00:00:00', '2021-09-30', NULL, NULL, NULL, '', '0968949065', NULL, NULL, NULL, NULL, 'pottl1618557896@gmail.com', '', '', '', '', '', '', '', '', '', 28102, 'NaLezzzzzzzzz Na');

-- --------------------------------------------------------

--
-- Cấu trúc bảng cho bảng `ci_class_birthday`
--

CREATE TABLE `ci_class_birthday` (
  `user_id` int(10) UNSIGNED NOT NULL,
  `class_id` int(10) UNSIGNED NOT NULL,
  `class_name` varchar(255) NOT NULL,
  `class_title` varchar(255) NOT NULL,
  `school_id` int(10) UNSIGNED NOT NULL,
  `school_name` varchar(255) NOT NULL,
  `school_title` varchar(255) NOT NULL
) ENGINE=InnoDB DEFAULT CHARSET=utf8 COMMENT='Lưu danh sách lớp của trẻ và giáo viên (birthday)';

-- --------------------------------------------------------

--
-- Cấu trúc bảng cho bảng `ci_class_child`
--

CREATE TABLE `ci_class_child` (
  `class_id` int(10) UNSIGNED NOT NULL COMMENT 'ID lớp',
  `child_id` int(10) UNSIGNED NOT NULL COMMENT 'ID trẻ',
  `begin_at` date DEFAULT NULL COMMENT 'Ngày bé bắt đầu học ở lớp này',
  `end_at` date DEFAULT NULL COMMENT 'Ngày học cuối cùng ở lớp',
  `status` tinyint(1) NOT NULL DEFAULT 0 COMMENT 'Trạng thái học sinh trong lớp. Nếu trạng thái là ACTIVE thì mới thực sự là học sinh của lớp.\n- status = 0: Inactive\n- status = 1: Active\n- status = 2: WaitApproval\nKhi cha mẹ tạo ra t',
  `description` varchar(300) DEFAULT NULL COMMENT 'Mô tả thông tin trẻ trong lớp'
) ENGINE=InnoDB DEFAULT CHARSET=utf8 COMMENT='Quản lý danh sách học sinh của một lớp.';

--
-- Đang đổ dữ liệu cho bảng `ci_class_child`
--

INSERT INTO `ci_class_child` (`class_id`, `child_id`, `begin_at`, `end_at`, `status`, `description`) VALUES
(10830, 25895, '2016-11-18', NULL, 1, NULL),
(10830, 25897, '2016-11-18', NULL, 1, NULL),
(10830, 25898, '2015-01-15', NULL, 1, NULL),
(10830, 25899, '2016-11-18', NULL, 1, NULL),
(10830, 25900, '2015-01-15', NULL, 1, NULL),
(10830, 25901, '2016-11-18', NULL, 1, NULL),
(10831, 25902, '2015-01-15', NULL, 1, NULL),
(10831, 25903, '2016-11-18', NULL, 1, NULL),
(10831, 25904, '2015-01-15', NULL, 1, NULL),
(10831, 25905, '2016-11-18', NULL, 1, NULL),
(10833, 25894, '2015-01-15', NULL, 1, NULL),
(10833, 25896, '2015-01-15', NULL, 1, NULL),
(10833, 25906, '2015-01-15', NULL, 1, NULL),
(10833, 25907, '2016-11-18', NULL, 1, NULL),
(10833, 25918, '2021-04-07', NULL, 1, NULL),
(10833, 25919, '2021-04-01', NULL, 1, NULL),
(10833, 25920, '2021-02-01', NULL, 1, NULL),
(10833, 25923, '2020-03-01', NULL, 1, NULL),
(10833, 25944, '2020-02-01', NULL, 1, NULL),
(10833, 25945, '2021-02-01', NULL, 1, NULL),
(10833, 25946, '2020-04-01', NULL, 1, NULL),
(10835, 25908, '2015-01-15', NULL, 1, NULL),
(10835, 25909, '2016-11-18', NULL, 1, NULL),
(10836, 25910, '2015-01-15', NULL, 1, NULL),
(10836, 25911, '2016-11-18', NULL, 1, NULL),
(10837, 25912, '2015-01-15', NULL, 1, NULL),
(10837, 25913, '2016-11-18', NULL, 1, NULL),
(10838, 25914, '2015-01-15', NULL, 1, NULL),
(10838, 25915, '2016-11-18', NULL, 1, NULL),
(10839, 25916, '2015-01-15', NULL, 1, NULL),
(10839, 25917, '2016-11-18', NULL, 1, NULL);

-- --------------------------------------------------------

--
-- Cấu trúc bảng cho bảng `ci_class_level`
--

CREATE TABLE `ci_class_level` (
  `class_level_id` int(10) UNSIGNED NOT NULL,
  `class_level_name` varchar(45) NOT NULL,
  `school_id` int(10) UNSIGNED NOT NULL,
  `description` varchar(300) DEFAULT NULL COMMENT 'Mô tả khối lớp',
  `gov_class_level` tinyint(2) NOT NULL DEFAULT 0 COMMENT 'Lưu thông tin khối của class_level'
) ENGINE=InnoDB DEFAULT CHARSET=utf8 COMMENT='Bảng lưu thông tin các khối lớp trong ';

--
-- Đang đổ dữ liệu cho bảng `ci_class_level`
--

INSERT INTO `ci_class_level` (`class_level_id`, `class_level_name`, `school_id`, `description`, `gov_class_level`) VALUES
(2700, 'Khối nh&agrave; trẻ', 684, 'M&ocirc; tả khối nh&agrave; trẻ :)))', -1),
(2701, 'Khối mẫu gi&aacute;o', 684, 'M&ocirc; tả khối mẫu gi&aacute;o', 0),
(2702, 'Khối nh&agrave; trẻ', 685, '', -1),
(2703, 'Khối mẫu gi&aacute;o', 685, '', 0),
(2704, 'Khối nh&agrave; trẻ', 686, '', -1),
(2705, 'Khối mẫu gi&aacute;o', 686, '', 0),
(2706, 'Khối 7', 688, '', 7),
(2707, 'Khối 8', 688, '', 8),
(2708, 'Khối 9', 688, '', 9),
(2709, 'Khối 10', 688, '', 10),
(2710, 'Khối 11', 688, '', 11),
(2711, 'Khối 12', 688, '', 12),
(2712, 'Khối nh&agrave; trẻ', 689, '', -1),
(2713, 'Khối mẫu gi&aacute;o', 689, '', 0),
(2714, 'Khối nh&agrave; trẻ', 690, '', -1),
(2715, 'Khối mẫu gi&aacute;o', 690, '', 0);

-- --------------------------------------------------------

--
-- Cấu trúc bảng cho bảng `ci_class_level_subject`
--

CREATE TABLE `ci_class_level_subject` (
  `class_level_subject_id` int(11) NOT NULL,
  `school_id` int(11) NOT NULL,
  `subject_id` int(11) NOT NULL COMMENT 'ID môn học. Lấy từ ID chung của hệ thống (khai báo trong mãng).',
  `gov_class_level` int(11) NOT NULL COMMENT 'Khối lớp (khối lớp 1)',
  `school_year` varchar(9) NOT NULL
) ENGINE=InnoDB DEFAULT CHARSET=utf8 COMMENT='Lưu danh sách môn học của một khối (khối lớp của một trường. Thường thì theo chương trình của Bộ GD, nhưng trường có thể chọn một vài môn riêng nên phải lưu theo trường.';

--
-- Đang đổ dữ liệu cho bảng `ci_class_level_subject`
--

INSERT INTO `ci_class_level_subject` (`class_level_subject_id`, `school_id`, `subject_id`, `gov_class_level`, `school_year`) VALUES
(2161, 688, 0, 6, '2021-2022'),
(2162, 688, 1, 6, '2021-2022'),
(2163, 688, 2, 6, '2021-2022'),
(2164, 688, 3, 6, '2021-2022'),
(2165, 688, 4, 6, '2021-2022'),
(2166, 688, 5, 6, '2021-2022'),
(2167, 688, 6, 6, '2021-2022'),
(2168, 688, 7, 6, '2021-2022'),
(2169, 688, 8, 6, '2021-2022'),
(2170, 688, 9, 6, '2021-2022'),
(2171, 688, 10, 6, '2021-2022'),
(2175, 688, 0, 7, '2021-2022'),
(2176, 688, 1, 7, '2021-2022'),
(2177, 688, 2, 7, '2021-2022'),
(2178, 688, 3, 7, '2021-2022'),
(2179, 688, 4, 7, '2021-2022'),
(2180, 688, 5, 7, '2021-2022'),
(2181, 688, 6, 7, '2021-2022'),
(2182, 688, 7, 7, '2021-2022'),
(2183, 688, 8, 7, '2021-2022'),
(2184, 688, 9, 7, '2021-2022'),
(2185, 688, 10, 7, '2021-2022'),
(2189, 688, 0, 8, '2021-2022'),
(2190, 688, 1, 8, '2021-2022'),
(2191, 688, 2, 8, '2021-2022'),
(2192, 688, 3, 8, '2021-2022'),
(2193, 688, 4, 8, '2021-2022'),
(2194, 688, 5, 8, '2021-2022'),
(2195, 688, 6, 8, '2021-2022'),
(2196, 688, 7, 8, '2021-2022'),
(2197, 688, 8, 8, '2021-2022'),
(2198, 688, 9, 8, '2021-2022'),
(2199, 688, 10, 8, '2021-2022'),
(2203, 688, 0, 9, '2021-2022'),
(2204, 688, 1, 9, '2021-2022'),
(2205, 688, 2, 9, '2021-2022'),
(2206, 688, 3, 9, '2021-2022'),
(2207, 688, 4, 9, '2021-2022'),
(2208, 688, 5, 9, '2021-2022'),
(2209, 688, 6, 9, '2021-2022'),
(2210, 688, 7, 9, '2021-2022'),
(2211, 688, 8, 9, '2021-2022'),
(2212, 688, 9, 9, '2021-2022'),
(2213, 688, 10, 9, '2021-2022'),
(2217, 688, 0, 10, '2021-2022'),
(2218, 688, 1, 10, '2021-2022'),
(2219, 688, 2, 10, '2021-2022'),
(2220, 688, 3, 10, '2021-2022'),
(2221, 688, 4, 10, '2021-2022'),
(2222, 688, 5, 10, '2021-2022'),
(2223, 688, 6, 10, '2021-2022'),
(2224, 688, 7, 10, '2021-2022'),
(2225, 688, 8, 10, '2021-2022'),
(2226, 688, 9, 10, '2021-2022'),
(2227, 688, 10, 10, '2021-2022'),
(2230, 688, 0, 11, '2021-2022'),
(2231, 688, 1, 11, '2021-2022'),
(2232, 688, 2, 11, '2021-2022'),
(2233, 688, 3, 11, '2021-2022'),
(2234, 688, 4, 11, '2021-2022'),
(2235, 688, 5, 11, '2021-2022'),
(2236, 688, 6, 11, '2021-2022'),
(2237, 688, 7, 11, '2021-2022'),
(2238, 688, 8, 11, '2021-2022'),
(2239, 688, 9, 11, '2021-2022'),
(2240, 688, 10, 11, '2021-2022'),
(2246, 688, 2, 12, '2021-2022'),
(2247, 688, 3, 12, '2021-2022'),
(2248, 688, 4, 12, '2021-2022'),
(2249, 688, 5, 12, '2021-2022'),
(2250, 688, 6, 12, '2021-2022'),
(2251, 688, 7, 12, '2021-2022'),
(2252, 688, 8, 12, '2021-2022'),
(2253, 688, 9, 12, '2021-2022'),
(2254, 688, 10, 12, '2021-2022'),
(2256, 688, 0, 12, '2021-2022');

-- --------------------------------------------------------

--
-- Cấu trúc bảng cho bảng `ci_class_school_year`
--

CREATE TABLE `ci_class_school_year` (
  `class_school_year_id` int(11) NOT NULL,
  `class_id` int(11) NOT NULL,
  `class_name` varchar(45) NOT NULL COMMENT 'Tên lớp của năm hiện tại. Vì sao khi lên lớp thì tên sẽ đổi nên giá trị này lưu tên cũ.',
  `school_year` varchar(9) NOT NULL,
  `teacher_id` int(11) DEFAULT NULL COMMENT 'ID giáo viên chủ nhiệm'
) ENGINE=InnoDB DEFAULT CHARSET=utf8 COMMENT='Lưu thông tin của lớp trong một năm học (tên lớp, năm học, giáo viên chủ nhiệm)';

--
-- Đang đổ dữ liệu cho bảng `ci_class_school_year`
--

INSERT INTO `ci_class_school_year` (`class_school_year_id`, `class_id`, `class_name`, `school_year`, `teacher_id`) VALUES
(623, 10830, 'Lớp nh&agrave; trẻ A', '2019-2020', 0),
(624, 10831, 'Lớp nh&agrave; trẻ B', '2019-2020', 0),
(625, 10832, 'Lớp nh&agrave; trẻ A Lớn', '2019-2020', 28077),
(626, 10833, 'Lớp 7A', '2019-2020', 28077),
(627, 10834, 'Lớp 7B', '2019-2020', 28078),
(628, 10835, 'Lớp 8A', '2019-2020', 28079),
(629, 10836, 'Lớp 9A', '2019-2020', 28079),
(630, 10837, 'Lớp 10A', '2019-2020', 28080),
(631, 10838, 'Lớp 11A', '2019-2020', 28080),
(632, 10839, 'Lớp 12A', '2019-2020', 28077),
(633, 10833, 'Lớp 8AClassUp', '2020-2021', 28077);

-- --------------------------------------------------------

--
-- Cấu trúc bảng cho bảng `ci_class_subject_teacher`
--

CREATE TABLE `ci_class_subject_teacher` (
  `class_subject_teacher_id` int(11) NOT NULL,
  `school_year` varchar(9) NOT NULL,
  `class_id` int(11) NOT NULL,
  `subject_id` int(11) NOT NULL,
  `teacher_id` int(11) DEFAULT NULL,
  `semester` int(11) DEFAULT NULL COMMENT 'Lưu thông tin học kỳ (1: học kỳ 1, 2: học kỳ 2)'
) ENGINE=InnoDB DEFAULT CHARSET=utf8 COMMENT='Lưu thông tin giáo viên nào dạy môn gì của một lớp';

--
-- Đang đổ dữ liệu cho bảng `ci_class_subject_teacher`
--

INSERT INTO `ci_class_subject_teacher` (`class_subject_teacher_id`, `school_year`, `class_id`, `subject_id`, `teacher_id`, `semester`) VALUES
(137, '2019-2020', 10833, 0, 28077, 2),
(138, '2019-2020', 10833, 1, 28077, 2),
(139, '2019-2020', 10833, 2, 28079, 2),
(140, '2019-2020', 10833, 3, 28079, 2),
(141, '2019-2020', 10833, 4, 28076, 2),
(142, '2019-2020', 10833, 5, 28076, 2),
(143, '2019-2020', 10833, 6, 28076, 2),
(144, '2019-2020', 10833, 7, 28076, 2),
(145, '2019-2020', 10833, 8, 28076, 2),
(146, '2019-2020', 10833, 9, 28076, 2),
(147, '2019-2020', 10833, 10, 28076, 2),
(151, '2019-2020', 10833, 0, 28077, 1),
(152, '2019-2020', 10833, 1, 28077, 1),
(153, '2019-2020', 10833, 2, 28077, 1),
(154, '2019-2020', 10833, 3, 28079, 1),
(155, '2019-2020', 10833, 4, 28076, 1),
(156, '2019-2020', 10833, 5, 28076, 1),
(157, '2019-2020', 10833, 6, 28076, 1),
(158, '2019-2020', 10833, 7, 28076, 1),
(159, '2019-2020', 10833, 8, 28076, 1),
(160, '2019-2020', 10833, 9, 28076, 1),
(161, '2019-2020', 10833, 10, 28076, 1),
(165, '2021-2022', 10833, 0, 28077, 1),
(166, '2021-2022', 10833, 1, 28077, 1),
(167, '2021-2022', 10833, 2, 28077, 1),
(168, '2021-2022', 10833, 3, 28077, 1),
(169, '2021-2022', 10833, 4, 0, 1),
(170, '2021-2022', 10833, 5, 0, 1),
(171, '2021-2022', 10833, 6, 0, 1),
(172, '2021-2022', 10833, 7, 0, 1),
(173, '2021-2022', 10833, 8, 0, 1),
(174, '2021-2022', 10833, 9, 0, 1),
(175, '2021-2022', 10833, 10, 0, 1);

-- --------------------------------------------------------

--
-- Cấu trúc bảng cho bảng `ci_comment_c1`
--

CREATE TABLE `ci_comment_c1` (
  `comment_id` int(10) NOT NULL,
  `class_id` int(10) NOT NULL,
  `school_year` varchar(9) NOT NULL,
  `child_id` int(10) NOT NULL,
  `cm1gk` text DEFAULT NULL,
  `cm1ck` text DEFAULT NULL,
  `cm2gk` text DEFAULT NULL,
  `cm2ck` text DEFAULT NULL
) ENGINE=InnoDB DEFAULT CHARSET=utf8;

-- --------------------------------------------------------

--
-- Cấu trúc bảng cho bảng `ci_comment_c2`
--

CREATE TABLE `ci_comment_c2` (
  `comment_id` int(10) NOT NULL,
  `class_id` int(10) NOT NULL,
  `school_year` varchar(9) NOT NULL,
  `child_id` int(10) NOT NULL,
  `cm1` text DEFAULT NULL,
  `cm2` text DEFAULT NULL,
  `cmcn` text DEFAULT NULL
) ENGINE=InnoDB DEFAULT CHARSET=utf8;

--
-- Đang đổ dữ liệu cho bảng `ci_comment_c2`
--

INSERT INTO `ci_comment_c2` (`comment_id`, `class_id`, `school_year`, `child_id`, `cm1`, `cm2`, `cmcn`) VALUES
(1, 10833, '2019-2020', 25906, 'Nhan xet diem cua nguyen van BA lop 7A', NULL, NULL),
(2, 10833, '2019-2020', 25894, '', NULL, NULL),
(3, 10833, '2024-2025', 25918, 'test comment ky 1', NULL, 'sdsdsds'),
(4, 10833, '2021-2022', 25894, 'sds', NULL, NULL);

-- --------------------------------------------------------

--
-- Cấu trúc bảng cho bảng `ci_diary`
--

CREATE TABLE `ci_diary` (
  `diary_id` int(10) UNSIGNED NOT NULL,
  `class_id` int(10) UNSIGNED NOT NULL,
  `school_id` int(10) UNSIGNED NOT NULL,
  `diary_date` datetime DEFAULT NULL COMMENT 'Ngày của nhật ký'
) ENGINE=InnoDB DEFAULT CHARSET=utf8 COMMENT='Lưu nhật ký 1 ngày của bé.';

-- --------------------------------------------------------

--
-- Cấu trúc bảng cho bảng `ci_diary_item`
--

CREATE TABLE `ci_diary_item` (
  `diary_id` int(10) UNSIGNED NOT NULL,
  `time_of_day` time(6) NOT NULL,
  `activity` varchar(150) NOT NULL,
  `images` text DEFAULT NULL
) ENGINE=InnoDB DEFAULT CHARSET=utf8 COMMENT='Lưu các khuôn mẫu ngày hoạt động của bé.';

-- --------------------------------------------------------

--
-- Cấu trúc bảng cho bảng `ci_diary_template`
--

CREATE TABLE `ci_diary_template` (
  `diary_template_id` int(10) UNSIGNED NOT NULL,
  `template_name` varchar(150) NOT NULL,
  `school_id` int(10) UNSIGNED NOT NULL,
  `class_level_id` int(10) UNSIGNED NOT NULL
) ENGINE=InnoDB DEFAULT CHARSET=utf8 COMMENT='Lưu các khuôn mẫu ngày hoạt động của bé.';

-- --------------------------------------------------------

--
-- Cấu trúc bảng cho bảng `ci_diary_template_item`
--

CREATE TABLE `ci_diary_template_item` (
  `diary_template_id` int(11) NOT NULL,
  `time_of_day` time(6) NOT NULL,
  `activity` varchar(150) NOT NULL
) ENGINE=InnoDB DEFAULT CHARSET=utf8;

-- --------------------------------------------------------

--
-- Cấu trúc bảng cho bảng `ci_event`
--

CREATE TABLE `ci_event` (
  `event_id` int(10) UNSIGNED NOT NULL,
  `event_name` varchar(500) NOT NULL COMMENT 'Tên sự kiện',
  `location` varchar(250) NOT NULL COMMENT 'Địa điểm nơi xảy ra sự kiện. Mặc định lấy địa chỉ trường (màn hình tạo sự kiện nhập luôn địa chỉ này vào, user có thể sửa nếu cần).',
  `price` double NOT NULL DEFAULT 0 COMMENT 'Lệ phí tham gia nếu đăng ký.',
  `begin` datetime DEFAULT NULL COMMENT 'Thời gian (giờ ngày) bắt đầu sự kiện',
  `end` datetime DEFAULT NULL COMMENT 'Thời gian kết thúc sự kiện',
  `level` tinyint(1) NOT NULL DEFAULT 1 COMMENT 'Level áp dụng của sự kiện.\n- level = 1: Áp dụng cả trường\n- level = 2: Áp dụng cho khối\n- level = 3: Áp dụng mức lớp',
  `school_id` int(10) UNSIGNED NOT NULL COMMENT 'ID của trường có thông báo\n- Đối với trường hợp thông báo của lớp, khối: thì school_id lưu ID của trường cho dễ query.\n- Đối với trường hợp thông báo của trường, giá trị trường này = object_id.',
  `class_level_id` int(10) UNSIGNED DEFAULT NULL COMMENT 'ID khối nếu level là khối',
  `class_id` int(10) UNSIGNED DEFAULT NULL COMMENT 'ID của lớp nếu level = lớp',
  `must_register` tinyint(1) DEFAULT 0 COMMENT 'Người tham gia có phải đăng ký không. Hay chỉ thông báo cho để mọi người tham gia tự do.\n- false: không phải đăng ký\n- true: phải đăng ký mới được tham gia',
  `registration_deadline` datetime DEFAULT NULL COMMENT 'Hạn đăng ký',
  `for_teacher` tinyint(1) DEFAULT 0 COMMENT 'Sự kiện này có dành cho giáo viên tham gia không.\n- True: có. Khi đó giáo viên có thể đăng ký tham gia.\n- False: không. Gv không đăng ký tham gia.\nNếu must_register = 0, trường này không dùng đến.',
  `for_parent` tinyint(1) DEFAULT 0 COMMENT 'Sự kiện này có dành cho cha mẹ tham gia không.\n- True: có. Khi đó cha mẹ có thể đăng ký tham gia.\n- False: không. Cha mẹ không đăng ký tham gia.\nNếu must_register = 0, trường này không dùng đến.',
  `for_child` tinyint(1) DEFAULT 1 COMMENT 'Sự kiện này có dành cho các bé tham gia không?\n- True: có. Cha mẹ đăng ký cho con tham gia.\n- False: không. Cha mẹ không đc đăng ký cho con tham gia.\nNếu must_register = 0, trường này không dùng đến.',
  `parent_participants` int(10) UNSIGNED DEFAULT 0 COMMENT 'Đếm số cha mẹ tham gia sự kiện trong trường hợp có đăng ký',
  `child_participants` int(10) UNSIGNED DEFAULT 0 COMMENT 'Đếm số trẻ tham gia sự kiện trong trường hợp có đăng ký',
  `teacher_participants` int(10) NOT NULL DEFAULT 0 COMMENT 'Đếm số giáo viên tham gia sự kiện trong trường hợp có đăng ký.\\nTrường này chỉ áp dụng với level = TEACHER.',
  `post_on_wall` tinyint(1) NOT NULL DEFAULT 0 COMMENT 'Trạng thái có post lên tường của trường/lớp không?\n0: không\n1: có',
  `post_ids` varchar(250) DEFAULT NULL COMMENT 'Danh sách ID của các bài post liên quan. Các ID được phân tách nhau bởi dấu phẩy ","',
  `is_notified` tinyint(1) NOT NULL DEFAULT 1 COMMENT 'Đã thông báo cho người liên quan chưa?\n1: rồi\n0: chưa',
  `status` tinyint(1) NOT NULL DEFAULT 0 COMMENT 'Trạng thái của sự kiện\n0: Chưa diễn ra\n1: Đã diễn ra\n2: Hết thời gian đăng ký',
  `description` text DEFAULT NULL COMMENT 'Mô tả chi tiết sự kiện',
  `views_count` int(10) UNSIGNED NOT NULL DEFAULT 0 COMMENT 'Số lượt xem sự kiện',
  `created_at` datetime NOT NULL COMMENT 'Thời gian bản ghi được tạo ra trong hệ thống',
  `updated_at` datetime DEFAULT NULL COMMENT 'Thời gian cập nhật thông tin bản ghi lần cuối cùng',
  `created_user_id` int(10) UNSIGNED NOT NULL COMMENT 'Thời gian bản ghi được tạo ra trong hệ thống'
) ENGINE=InnoDB DEFAULT CHARSET=utf8 COMMENT='Lưu thông tin các sự kiện của lớp';

--
-- Đang đổ dữ liệu cho bảng `ci_event`
--

INSERT INTO `ci_event` (`event_id`, `event_name`, `location`, `price`, `begin`, `end`, `level`, `school_id`, `class_level_id`, `class_id`, `must_register`, `registration_deadline`, `for_teacher`, `for_parent`, `for_child`, `parent_participants`, `child_participants`, `teacher_participants`, `post_on_wall`, `post_ids`, `is_notified`, `status`, `description`, `views_count`, `created_at`, `updated_at`, `created_user_id`) VALUES
(1408, 'Sự kiện nghỉ 30/4 1/5 ', '', 0, NULL, NULL, 1, 684, 0, 0, 0, NULL, 1, 0, 0, 0, 0, 0, 1, '58619', 1, 0, 'Sắp tới 30/4 1/5 Nh&amp;agrave; trường sẽ nghỉ, c&amp;aacute;c phụ huynh h&amp;atilde;y cho con ở nh&amp;agrave; nh&amp;eacute;.&amp;nbsp;&lt;br /&gt;\r\n&lt;br /&gt;\r\nCảm ơn c&amp;aacute;c phụ huynh,&lt;br /&gt;\r\nHiệu trưởng Mầm non Hoa Hồng - Quỳnh Anhh', 0, '2021-03-31 10:31:37', NULL, 28075);

-- --------------------------------------------------------

--
-- Cấu trúc bảng cho bảng `ci_event_participate`
--

CREATE TABLE `ci_event_participate` (
  `event_id` int(10) NOT NULL COMMENT 'ID sự kiện',
  `pp_type` tinyint(1) NOT NULL COMMENT 'Loại đối tượng đăng ký tham gia:\ntype=0: trẻ em.\ntype=1: phụ huynh.\ntype=2: giáo viên',
  `pp_id` int(10) NOT NULL COMMENT 'ID của đối tượng tham gia. Giá trị này tùy thuộc vào trường type ở trên.\ntype=0: trẻ em, thì participate_id = child_id\ntype=1: phụ huynh, thì participate_id = user_id (của parent).\ntype=2: giáo viên, thì participate_id = u',
  `is_paid` tinyint(1) DEFAULT 0 COMMENT 'Người đăng ký đã thanh toán tham gia sự kiện chưa?\n0: chưa thanh toán.\n1: đã thanh toán.',
  `created_at` datetime NOT NULL COMMENT 'Thời gian bản ghi được tạo ra trong hệ thống',
  `created_user_id` int(10) NOT NULL COMMENT 'Thời gian bản ghi được tạo ra trong hệ thống'
) ENGINE=InnoDB DEFAULT CHARSET=utf8 COMMENT='Lưu danh sách người tham gia của 1 sự ';

-- --------------------------------------------------------

--
-- Cấu trúc bảng cho bảng `ci_fee`
--

CREATE TABLE `ci_fee` (
  `fee_id` int(10) UNSIGNED NOT NULL,
  `fee_name` varchar(100) NOT NULL COMMENT 'Tên loại phí',
  `type` tinyint(1) UNSIGNED NOT NULL DEFAULT 1 COMMENT 'Loại phí: Để áp dụng cách tính.\ntype = 1: phí hàng tháng (ví dụ: học phí là phí hàng tháng ko thay đổi)\ntype = 2: phí hàng ngày (tính theo số ngày trẻ đi học, dựa bảng điểm danh trong tháng). (ví dụ: tiề',
  `unit_price` double UNSIGNED NOT NULL DEFAULT 0 COMMENT 'Số tiền',
  `status` tinyint(1) NOT NULL DEFAULT 1 COMMENT 'Trạng thái của loại phí. \n- true: vẫn còn áp dụng\n- false: không còn áp dụng nữa.',
  `level` tinyint(1) NOT NULL DEFAULT 1 COMMENT 'Loại phí này được áp dụng cho đối tượng nào. Và nó có các giá trị là:\n= 1: áp dụng cho cả trường\n= 2: áp dụng cho khối\n= 3: áp dụng cho riêng một lớp\n',
  `school_id` int(10) UNSIGNED NOT NULL COMMENT 'ID của trường',
  `class_level_id` int(10) UNSIGNED DEFAULT NULL COMMENT 'ID của khối áp dụng khoản phí',
  `class_id` int(10) UNSIGNED DEFAULT NULL COMMENT 'ID của lớp áp dụng khoản phí',
  `fee_change_id` varchar(255) DEFAULT NULL COMMENT 'Thay thế cho phí có fee_id bằng fee_change_id',
  `description` varchar(300) DEFAULT NULL COMMENT 'Mô tả chi tiết loại fee',
  `created_at` datetime NOT NULL COMMENT 'Thời gian bản ghi được tạo ra trong hệ thống',
  `updated_at` datetime DEFAULT NULL COMMENT 'Thời gian cập nhật thông tin bản ghi lần cuối cùng',
  `created_user_id` int(10) UNSIGNED NOT NULL
) ENGINE=InnoDB DEFAULT CHARSET=utf8 COMMENT='Lưu các loại phí mặc định của t';

--
-- Đang đổ dữ liệu cho bảng `ci_fee`
--

INSERT INTO `ci_fee` (`fee_id`, `fee_name`, `type`, `unit_price`, `status`, `level`, `school_id`, `class_level_id`, `class_id`, `fee_change_id`, `description`, `created_at`, `updated_at`, `created_user_id`) VALUES
(1915, 'Ph&iacute; đ&oacute;n muộn', 1, 200000, 1, 1, 684, 2700, 0, NULL, 'M&ocirc; tả ph&iacute; đ&oacute;n muộn', '2021-03-31 09:28:10', NULL, 28075);

-- --------------------------------------------------------

--
-- Cấu trúc bảng cho bảng `ci_feedback`
--

CREATE TABLE `ci_feedback` (
  `feedback_id` int(10) NOT NULL,
  `school_id` int(10) UNSIGNED NOT NULL,
  `class_id` int(10) UNSIGNED NOT NULL,
  `child_id` int(10) UNSIGNED NOT NULL,
  `name` varchar(250) DEFAULT NULL,
  `email` varchar(250) DEFAULT NULL,
  `phone` varchar(50) DEFAULT NULL,
  `content` text NOT NULL,
  `level` tinyint(1) UNSIGNED NOT NULL DEFAULT 1 COMMENT 'Góp ý này được gửi đến, 1: trường; 2: lớp',
  `is_incognito` enum('0','1') NOT NULL DEFAULT '0',
  `confirm` enum('0','1') NOT NULL DEFAULT '0',
  `status` tinyint(1) NOT NULL DEFAULT 1 COMMENT 'Lưu trạng thái feedback khi trường xóa',
  `created_at` datetime NOT NULL COMMENT 'Thời gian bản ghi được tạo ra trong hệ thống',
  `updated_at` datetime DEFAULT NULL COMMENT 'Thời gian cập nhật thông tin bản ghi lần cuối cùng',
  `created_user_id` int(11) NOT NULL COMMENT 'Thời gian bản ghi được tạo ra trong hệ thống'
) ENGINE=InnoDB DEFAULT CHARSET=utf8 COMMENT='Lưu góp ý của phụ huynh cho nhà trường';

--
-- Đang đổ dữ liệu cho bảng `ci_feedback`
--

INSERT INTO `ci_feedback` (`feedback_id`, `school_id`, `class_id`, `child_id`, `name`, `email`, `phone`, `content`, `level`, `is_incognito`, `confirm`, `status`, `created_at`, `updated_at`, `created_user_id`) VALUES
(632, 684, 10830, 25894, 'Mẹ Nguyễn Văn A', 'phuhuynha@gmail.com', '0987654321', 'T&ocirc;i thấy l&agrave; Nh&agrave; trường đang thiếu c&aacute;c hoạt động ngoại kh&oacute;a cho c&aacute;c con, nh&agrave; trường n&ecirc;n th&ecirc;m v&agrave;o những buổi như vậy sẽ ok hơn :)))', 1, '0', '1', 1, '2021-03-31 10:52:15', '2021-03-31 10:53:05', 28082),
(633, 684, 10830, 25894, 'Mẹ Nguyễn Văn A', 'phuhuynha@gmail.com', '0987654321', 'T&ocirc;i l&agrave; phụ huynh A, thử gửi ẩn danh ph&aacute;t :)))', 1, '1', '1', 1, '2021-03-31 10:52:31', '2021-03-31 10:52:53', 28082);

-- --------------------------------------------------------

--
-- Cấu trúc bảng cho bảng `ci_fee_child`
--

CREATE TABLE `ci_fee_child` (
  `fee_id` int(10) UNSIGNED NOT NULL COMMENT 'ID của loại phí',
  `child_id` int(10) UNSIGNED NOT NULL COMMENT 'ID của trẻ áp dụng khoản phí'
) ENGINE=InnoDB DEFAULT CHARSET=utf8 COMMENT='Lưu các loại phí cho trẻ';

-- --------------------------------------------------------

--
-- Cấu trúc bảng cho bảng `ci_foetus_based_on_week`
--

CREATE TABLE `ci_foetus_based_on_week` (
  `foetus_based_on_week_id` int(10) UNSIGNED NOT NULL,
  `week` int(2) UNSIGNED NOT NULL COMMENT 'Tuổi thai (tuần)',
  `link` varchar(300) DEFAULT NULL COMMENT 'link bài viết',
  `title` varchar(500) DEFAULT NULL
) ENGINE=InnoDB DEFAULT CHARSET=utf8 COMMENT='Lưu thông tin tuần thai của thai nhi';

-- --------------------------------------------------------

--
-- Cấu trúc bảng cho bảng `ci_foetus_info`
--

CREATE TABLE `ci_foetus_info` (
  `foetus_info_id` int(10) UNSIGNED NOT NULL,
  `title` varchar(100) NOT NULL COMMENT 'Tiêu đề của thông báo',
  `content` text DEFAULT NULL COMMENT 'Nội dung',
  `link` varchar(255) DEFAULT NULL COMMENT 'Đường dẫn thông báo',
  `image` varchar(255) DEFAULT NULL COMMENT 'Ảnh bài viết',
  `day_push` int(10) NOT NULL COMMENT 'Lưu ngày gửi thông báo của thai nhi',
  `time` time DEFAULT NULL COMMENT 'Thời gian gửi thông báo, giờ thứ mấy trong ngày',
  `type` tinyint(1) NOT NULL COMMENT '1: Khám thai, 2:thông tin. Trường này bắt buộc',
  `content_type` tinyint(1) NOT NULL DEFAULT 1 COMMENT 'Là link hay bài viết text, 1: bài viết, 2: link',
  `is_development` tinyint(1) NOT NULL COMMENT '0: không hiển thị trong quá trình phát triển, 1: Hiển thị trong quá trình phát triển',
  `is_notice_before` tinyint(1) UNSIGNED NOT NULL DEFAULT 0 COMMENT 'Có thông báo trước hay không?',
  `notice_before_days` int(3) UNSIGNED NOT NULL DEFAULT 0 COMMENT 'Thông báo trước bn ngày',
  `is_reminder_before` tinyint(1) UNSIGNED NOT NULL DEFAULT 0 COMMENT 'Có nhắc lại hay không?',
  `reminder_before_days` int(3) UNSIGNED NOT NULL DEFAULT 0 COMMENT 'Nhắc lại trước bn ngày',
  `created_at` datetime NOT NULL,
  `updated_at` datetime DEFAULT NULL,
  `created_user_id` int(10) NOT NULL
) ENGINE=InnoDB DEFAULT CHARSET=utf8 COMMENT='Lưu nội dung thông báo push về cho phụ huynh đang mang thai';

-- --------------------------------------------------------

--
-- Cấu trúc bảng cho bảng `ci_foetus_knowledge`
--

CREATE TABLE `ci_foetus_knowledge` (
  `foetus_knowledge_id` int(10) NOT NULL,
  `title` varchar(300) NOT NULL,
  `link` tinytext NOT NULL,
  `created_at` datetime NOT NULL,
  `updated_at` datetime DEFAULT NULL,
  `created_user_id` int(10) NOT NULL
) ENGINE=InnoDB DEFAULT CHARSET=utf8;

-- --------------------------------------------------------

--
-- Cấu trúc bảng cho bảng `ci_interactive`
--

CREATE TABLE `ci_interactive` (
  `interactivel_id` int(10) UNSIGNED NOT NULL,
  `school_id` int(10) UNSIGNED NOT NULL DEFAULT 0 COMMENT 'id của trường',
  `module` varchar(100) NOT NULL COMMENT 'module cần thống kê',
  `date` date NOT NULL COMMENT 'Ngày thống kê',
  `object_id` int(10) NOT NULL DEFAULT 0 COMMENT 'ID của đối tượng được thêm mới hoặc xem, nếu xem danh sách, chỉnh sửa thì object_id = 0',
  `school_view` int(10) NOT NULL COMMENT 'Số lượt xem bên phía phụ huynh',
  `parent_view` int(10) NOT NULL DEFAULT 0 COMMENT 'Số lượt xem của phụ huynh',
  `is_created` tinyint(1) NOT NULL DEFAULT 0 COMMENT 'Có phải là thêm mới hay không, dùng để thống kê số lượng thêm mới của từng module, 0: không phải thêm mới, 1: trường thêm mới, 2: phụ huynh thêm mới'
) ENGINE=InnoDB DEFAULT CHARSET=utf8 COMMENT='Lưu lượt tương tác, thêm mới của nhà trường, phụ huynh';

-- --------------------------------------------------------

--
-- Cấu trúc bảng cho bảng `ci_interactive_school`
--

CREATE TABLE `ci_interactive_school` (
  `view_type` varchar(32) NOT NULL COMMENT 'Mục tương tác ...)',
  `date` date NOT NULL COMMENT 'Ngày lưu lượt tương tác',
  `school_id` int(10) UNSIGNED NOT NULL DEFAULT 0 COMMENT 'ID của trường',
  `interactive_count_in_date` int(10) UNSIGNED NOT NULL DEFAULT 0 COMMENT 'Số lượt tương tác trong ngày'
) ENGINE=InnoDB DEFAULT CHARSET=utf8 COMMENT='Bảng lưu thông tin tương tác trường';

-- --------------------------------------------------------

--
-- Cấu trúc bảng cho bảng `ci_interactive_topic`
--

CREATE TABLE `ci_interactive_topic` (
  `group_name` varchar(64) NOT NULL COMMENT 'group_name của id, nhóm tương tác ...)',
  `date` date NOT NULL COMMENT 'Ngày lưu lượt tương tác',
  `group_id` int(10) UNSIGNED NOT NULL DEFAULT 0 COMMENT 'ID của trường',
  `interactive_count_in_date` int(10) UNSIGNED NOT NULL DEFAULT 0 COMMENT 'Số lượt tương tác trong ngày'
) ENGINE=InnoDB DEFAULT CHARSET=utf8 COMMENT='Bảng lưu thông tin tương tác với group, topic';

-- --------------------------------------------------------

--
-- Cấu trúc bảng cho bảng `ci_medicine`
--

CREATE TABLE `ci_medicine` (
  `medicine_id` int(10) UNSIGNED NOT NULL,
  `child_id` int(10) UNSIGNED NOT NULL COMMENT 'ID trẻ',
  `medicine_list` varchar(400) NOT NULL COMMENT 'Danh sách thuốc phải uống',
  `guide` text NOT NULL COMMENT 'Hướng dẫn sử dụng đơn thuốc (liều lượng, cách dùng).',
  `status` tinyint(1) NOT NULL DEFAULT 0 COMMENT 'Trạng thái sử dụng thuốc:\n0: mới tạo\n1: xác nhận của giáo viên\n2: hủy',
  `editable` tinyint(1) NOT NULL DEFAULT 1 COMMENT 'Có thể edit được đơn thuốc này không. Trường này được cập nhật khi có ít nhất một lần cho uống thuốc.',
  `time_per_day` tinyint(1) UNSIGNED NOT NULL DEFAULT 1 COMMENT 'Số lần cho uống thuốc trong 1 ngày',
  `begin` datetime NOT NULL COMMENT 'Thời gian bắt đầu uống thuốc',
  `end` datetime DEFAULT NULL COMMENT 'Thời gian kết thúc uống thuốc.',
  `source_file` tinytext DEFAULT NULL,
  `file_name` tinytext DEFAULT NULL,
  `created_at` datetime NOT NULL COMMENT 'Thời gian bản ghi được tạo ra trong hệ thống',
  `updated_at` datetime DEFAULT NULL COMMENT 'Thời gian cập nhật thông tin bản ghi lần cuối cùng',
  `created_user_id` int(10) UNSIGNED NOT NULL COMMENT 'ID người tạo bản ghi trong hệ thống (ID phụ huynh gửi thuốc)',
  `confirm_user_id` int(10) DEFAULT NULL COMMENT 'Lưu user_id người xác nhận đơn thuốc',
  `views_count` int(10) NOT NULL DEFAULT 0 COMMENT 'Số lượt xem gửi thuốc'
) ENGINE=InnoDB DEFAULT CHARSET=utf8 COMMENT='Quản lý lịch sử dùng thuốc của trẻ.';

-- --------------------------------------------------------

--
-- Cấu trúc bảng cho bảng `ci_medicine_detail`
--

CREATE TABLE `ci_medicine_detail` (
  `medicine_id` int(10) UNSIGNED NOT NULL COMMENT 'ID lần gửi thuốc',
  `usage_date` datetime NOT NULL COMMENT 'Ngày sử dụng thuốc',
  `time_on_day` tinyint(1) UNSIGNED NOT NULL DEFAULT 1 COMMENT 'Lần uống thuốc trong ngày',
  `created_at` datetime NOT NULL,
  `created_user_id` int(10) UNSIGNED NOT NULL COMMENT 'Người xác nhận cho trẻ uống thuốc'
) ENGINE=InnoDB DEFAULT CHARSET=utf8 COMMENT='Lưu chi tiết cho trẻ uống thuốc';

-- --------------------------------------------------------

--
-- Cấu trúc bảng cho bảng `ci_menu`
--

CREATE TABLE `ci_menu` (
  `menu_id` int(10) NOT NULL,
  `menu_name` varchar(100) DEFAULT NULL COMMENT 'Tên thực đơn',
  `applied_for` tinyint(1) NOT NULL DEFAULT 3 COMMENT 'Thực đơn này áp dụng cho đối tượng nào.\n= 1: áp dụng cho toàn trường\n= 2: áp dụng cho khối\n= 3: áp dụng cho lớp',
  `school_id` int(10) NOT NULL COMMENT 'id trường',
  `class_level_id` int(10) NOT NULL COMMENT 'id khối',
  `class_id` int(10) NOT NULL COMMENT 'id lớp',
  `begin` date NOT NULL COMMENT 'Ngày bắt đầu thực đơn',
  `end` date NOT NULL COMMENT 'Ngày cuối thực đơn',
  `status` tinyint(1) NOT NULL DEFAULT 1 COMMENT 'Trạng thái áp dụng. \n- 1: active\n- 0: inactie',
  `description` varchar(300) NOT NULL COMMENT 'Mô tả thực đơn',
  `is_meal` tinyint(1) NOT NULL DEFAULT 1 COMMENT 'Có sử dụng bữa ăn hay không',
  `is_saturday` tinyint(1) NOT NULL DEFAULT 1 COMMENT 'Có thực đơn vào thứ 7 hay không',
  `is_notified` tinyint(1) NOT NULL DEFAULT 1 COMMENT 'Lưu trạng thái đã thông báo thực đơn hay chưa',
  `views_count` int(10) UNSIGNED NOT NULL DEFAULT 0 COMMENT 'Số lượt xem thực đơn',
  `created_at` datetime DEFAULT NULL COMMENT 'Thời gian bản ghi được tạo ra trong hệ thống',
  `updated_at` datetime DEFAULT NULL COMMENT 'Thời gian cập nhật thông tin bản ghi lần cuối cùng',
  `created_user_id` int(10) NOT NULL COMMENT 'Id người tạo thực đơn'
) ENGINE=InnoDB DEFAULT CHARSET=utf8 COMMENT='Lưu thông tin thời thực đơn của trường, khối,lớp';

--
-- Đang đổ dữ liệu cho bảng `ci_menu`
--

INSERT INTO `ci_menu` (`menu_id`, `menu_name`, `applied_for`, `school_id`, `class_level_id`, `class_id`, `begin`, `end`, `status`, `description`, `is_meal`, `is_saturday`, `is_notified`, `views_count`, `created_at`, `updated_at`, `created_user_id`) VALUES
(3852, 'Thực đơn dinh dưỡng A', 1, 684, 0, 0, '2021-03-29', '0000-00-00', 1, '', 1, 1, 0, 0, '2021-03-31 10:40:42', NULL, 28075);

-- --------------------------------------------------------

--
-- Cấu trúc bảng cho bảng `ci_menu_detail`
--

CREATE TABLE `ci_menu_detail` (
  `menu_detail_id` int(10) NOT NULL,
  `menu_id` int(10) NOT NULL COMMENT 'menu id',
  `meal_name` varchar(300) NOT NULL COMMENT 'Tên bữa',
  `meal_time` varchar(100) NOT NULL COMMENT 'Thười gian ăn',
  `monday` text NOT NULL COMMENT 'Danh sách món ăn thứ 2',
  `tuesday` text NOT NULL COMMENT 'Danh sách món ăn thứ 3',
  `wednesday` text NOT NULL COMMENT 'Danh sách món ăn thứ 4',
  `thursday` text NOT NULL COMMENT 'Danh sách món ăn thứ 5',
  `friday` text NOT NULL COMMENT 'Danh sách món ăn thứ 6',
  `saturday` text NOT NULL COMMENT 'Danh sách món ăn thứ 7'
) ENGINE=InnoDB DEFAULT CHARSET=utf8 COMMENT='Lưu thông tin chi tiết thực đơn';

--
-- Đang đổ dữ liệu cho bảng `ci_menu_detail`
--

INSERT INTO `ci_menu_detail` (`menu_detail_id`, `menu_id`, `meal_name`, `meal_time`, `monday`, `tuesday`, `wednesday`, `thursday`, `friday`, `saturday`) VALUES
(32099, 3852, 'Ăn trưa', '12:00', ' ', ' ', ' ', ' ', ' ', ' ');

-- --------------------------------------------------------

--
-- Cấu trúc bảng cho bảng `ci_noga_manage`
--

CREATE TABLE `ci_noga_manage` (
  `noga_manage_id` int(10) UNSIGNED NOT NULL,
  `user_id` int(10) UNSIGNED NOT NULL COMMENT 'ID của user quản lý',
  `school_id` int(10) UNSIGNED DEFAULT NULL COMMENT 'ID trường được quản lý',
  `role_id` int(10) UNSIGNED DEFAULT 1 COMMENT 'Lưu quyền của người quản lý. \n1: Toàn quyền xem thông tin & xử lý',
  `manage_type` tinyint(1) UNSIGNED NOT NULL DEFAULT 0 COMMENT 'Loại hình quản lý của user là gì?\n0: quản lý theo danh sách phân công\n1: quản lý theo tỉnh/thành phố',
  `city_id` int(10) DEFAULT NULL COMMENT 'ID tỉnh thành phố mà user được phân công quản lý. Trường này chỉ được sử dụng khi type = 1.'
) ENGINE=InnoDB DEFAULT CHARSET=utf8 COMMENT='Quản lý thông tin nhân viên nào của cty NOGA quản lý trường gì';

-- --------------------------------------------------------

--
-- Cấu trúc bảng cho bảng `ci_noga_notification`
--

CREATE TABLE `ci_noga_notification` (
  `noga_notification_id` int(10) UNSIGNED NOT NULL,
  `status` tinyint(1) UNSIGNED NOT NULL DEFAULT 0 COMMENT 'Trạng thái Notification đã gửi hay chưa?\n0 - Chưa gửi\n1- Đã gửi',
  `time` datetime NOT NULL COMMENT 'Thời gian gửi thông báo',
  `type_user` tinyint(1) UNSIGNED NOT NULL DEFAULT 0 COMMENT 'Đối tượng nhận được thông báo\n0 - Không cấu hình\n1- Tất cả user\n2 - Quản lý\n3 - Giáo viên\n4 - Phụ huynh',
  `city_id` int(10) UNSIGNED NOT NULL DEFAULT 0 COMMENT 'Thành phố',
  `district_slug` varchar(150) DEFAULT NULL COMMENT 'Quận',
  `gender` tinyint(1) UNSIGNED NOT NULL DEFAULT 0 COMMENT 'Giới tính của người nhận \n0 - Chưa chọn thông tin\n1 - Nam \n2-  Nữ',
  `from_age` int(2) UNSIGNED DEFAULT 0 COMMENT 'Độ tuổi từ ? - đến ?',
  `to_age` int(2) UNSIGNED DEFAULT 0,
  `is_repeat` tinyint(1) UNSIGNED NOT NULL DEFAULT 0 COMMENT 'Có lặp lại hay không?\n0 - Không\n1 - Có',
  `repeat_time` tinyint(1) UNSIGNED NOT NULL DEFAULT 0 COMMENT 'Theo chu kỳ\n0 - Không theo chu kỳ\n1 - Năm\n2 - Tháng\n3 - Tuần\n4 - Ngày',
  `type` tinyint(1) UNSIGNED NOT NULL DEFAULT 0 COMMENT 'Kiểu gửi thông báo\n0 - Text\n1 - Link',
  `title` varchar(255) NOT NULL,
  `content` text NOT NULL,
  `link` tinytext DEFAULT NULL,
  `description` text DEFAULT NULL COMMENT 'Ghi chú thêm về thông báo',
  `created_user_id` int(10) UNSIGNED NOT NULL,
  `created_at` datetime NOT NULL,
  `updated_at` datetime DEFAULT NULL
) ENGINE=InnoDB DEFAULT CHARSET=utf8 COMMENT='Bảng lưu thông báo của hệ thống';

-- --------------------------------------------------------

--
-- Cấu trúc bảng cho bảng `ci_notification`
--

CREATE TABLE `ci_notification` (
  `notification_id` int(10) UNSIGNED NOT NULL,
  `level` tinyint(1) NOT NULL DEFAULT 1 COMMENT 'Phạm vi của thông báo\n=1: trường\n=2: khối\n=3: Lớp\n=4: Phụ huynh của 1 trẻ\n',
  `title` varchar(100) NOT NULL COMMENT 'Tiêu đề của thông báo',
  `content` text DEFAULT NULL COMMENT 'Nội dung thông báo',
  `school_id` int(10) UNSIGNED DEFAULT NULL,
  `class_level_id` int(10) UNSIGNED DEFAULT NULL,
  `class_id` int(10) UNSIGNED DEFAULT NULL,
  `child_id` int(10) UNSIGNED DEFAULT NULL,
  `post_on_wall` tinyint(1) NOT NULL DEFAULT 0 COMMENT 'Có post nội dung thông báo lên tường của trường, lớp không?',
  `post_ids` varchar(250) DEFAULT NULL COMMENT 'Danh sách ID bài viết của post nếu Thông báo được post lên tường. Các ID được phân tách nhau bởi dấu phẩy ","',
  `is_need_confirm` tinyint(1) NOT NULL DEFAULT 0 COMMENT 'Thông báo này có cần confirm không?\n0: Không\n1: Có',
  `status` tinyint(1) NOT NULL DEFAULT 1 COMMENT 'Trạng thái của thông báo',
  `time` datetime NOT NULL,
  `is_notified` tinyint(1) NOT NULL DEFAULT 1 COMMENT 'Thông báo đã thông báo đến người liên quan chưa?\n- 1: đã thông báo\n- 0: chưa thông báo'
) ENGINE=InnoDB DEFAULT CHARSET=utf8 COMMENT='Lưu các loại thông báo của trường liên quan đến chức năng quản lý';

-- --------------------------------------------------------

--
-- Cấu trúc bảng cho bảng `ci_notifications_setting`
--

CREATE TABLE `ci_notifications_setting` (
  `user_id` int(11) UNSIGNED NOT NULL,
  `school_id` int(11) UNSIGNED NOT NULL,
  `events` tinyint(1) NOT NULL DEFAULT 3 COMMENT 'Lưu trạng thái nhận thông báo',
  `attendance` tinyint(1) NOT NULL DEFAULT 3 COMMENT 'Lưu trạng thái nhận thông báo của điểm danh',
  `feedback` tinyint(1) NOT NULL DEFAULT 3 COMMENT 'Lưu trangjt hái nhận thông báo của góp ý',
  `tuitions` tinyint(1) NOT NULL DEFAULT 3,
  `medicines` tinyint(1) NOT NULL DEFAULT 3,
  `pickup` tinyint(1) NOT NULL DEFAULT 3,
  `reports` tinyint(1) NOT NULL DEFAULT 3,
  `services` tinyint(1) NOT NULL DEFAULT 3,
  `children` tinyint(1) NOT NULL DEFAULT 3
) ENGINE=InnoDB DEFAULT CHARSET=utf8 COMMENT='Lưu thông tin cấu hình notification của user quản  lý';

-- --------------------------------------------------------

--
-- Cấu trúc bảng cho bảng `ci_parent_manage`
--

CREATE TABLE `ci_parent_manage` (
  `user_id` int(10) UNSIGNED NOT NULL,
  `child_parent_id` int(10) UNSIGNED NOT NULL COMMENT 'ID trong bảng quản lý trẻ của phụ huynh',
  `child_id` int(10) UNSIGNED NOT NULL DEFAULT 0 COMMENT 'ID trẻ trong trường',
  `school_id` int(10) UNSIGNED NOT NULL DEFAULT 0 COMMENT 'ID của trường (nếu có)',
  `status` tinyint(1) UNSIGNED NOT NULL DEFAULT 0 COMMENT 'Trạng thái quản lý của user với đối tượng. \n- status = 0: Inactive\n- status = 1: Active',
  `description` varchar(300) DEFAULT NULL COMMENT 'Mô tả việc quản lý đối tượng'
) ENGINE=InnoDB DEFAULT CHARSET=utf8 COMMENT='Lưu đối tượng trẻ mà phụ huynh quản lý';

--
-- Đang đổ dữ liệu cho bảng `ci_parent_manage`
--

INSERT INTO `ci_parent_manage` (`user_id`, `child_parent_id`, `child_id`, `school_id`, `status`, `description`) VALUES
(28076, 24074, 25920, 688, 1, NULL),
(28082, 24048, 25894, 684, 1, NULL),
(28083, 24049, 25895, 684, 1, NULL),
(28084, 24050, 25896, 684, 1, NULL),
(28085, 24051, 25897, 684, 1, NULL),
(28086, 24052, 25898, 684, 1, NULL),
(28087, 24053, 25899, 684, 1, NULL),
(28088, 24054, 25900, 684, 1, NULL),
(28089, 24055, 25901, 684, 1, NULL),
(28090, 24056, 25902, 684, 1, NULL),
(28091, 24057, 25903, 684, 1, NULL),
(28092, 24058, 25904, 684, 1, NULL),
(28093, 24059, 25905, 684, 1, NULL),
(28096, 24072, 25918, 688, 1, NULL),
(28097, 24073, 25919, 688, 1, NULL),
(28098, 24075, 25923, 688, 1, NULL),
(28100, 24076, 25944, 688, 1, NULL),
(28102, 24077, 25945, 688, 1, NULL),
(28102, 24078, 0, 0, 0, NULL),
(28102, 24080, 0, 0, 0, NULL),
(28104, 24079, 25946, 688, 1, NULL);

-- --------------------------------------------------------

--
-- Cấu trúc bảng cho bảng `ci_parent_of_child_birthday`
--

CREATE TABLE `ci_parent_of_child_birthday` (
  `child_id` int(10) UNSIGNED NOT NULL,
  `parent_id` int(10) UNSIGNED NOT NULL,
  `parent_phone` varchar(20) NOT NULL,
  `parent_email` varchar(255) NOT NULL,
  `parent_name` varchar(255) NOT NULL,
  `parent_fullname` varchar(255) NOT NULL,
  `parent_gender` enum('male','female') NOT NULL
) ENGINE=InnoDB DEFAULT CHARSET=utf8 COMMENT='Lưu danh sách phụ huynh của trẻ';

-- --------------------------------------------------------

--
-- Cấu trúc bảng cho bảng `ci_pickup`
--

CREATE TABLE `ci_pickup` (
  `pickup_id` int(10) NOT NULL COMMENT 'ID của lần trông muộn',
  `pickup_class_id` int(10) UNSIGNED NOT NULL DEFAULT 0 COMMENT 'ID của lớp trông muộn',
  `school_id` int(10) UNSIGNED NOT NULL COMMENT 'ID của trường',
  `total_child` int(10) UNSIGNED NOT NULL DEFAULT 0 COMMENT 'Tổng số trẻ trong lớp',
  `total` double UNSIGNED NOT NULL DEFAULT 0 COMMENT 'Tổng tiền của lớp',
  `pickup_time` date NOT NULL COMMENT 'Ngày trông muộn',
  `pickup_day` int(1) UNSIGNED NOT NULL,
  `status` int(1) UNSIGNED DEFAULT 0,
  `description` text DEFAULT NULL COMMENT 'Mô tả thêm',
  `recorded_user_id` int(10) UNSIGNED NOT NULL DEFAULT 0 COMMENT 'Người tạo bản ghi',
  `recorded_at` datetime DEFAULT NULL COMMENT 'Thời gian update bản ghi'
) ENGINE=InnoDB DEFAULT CHARSET=utf8 COMMENT='Lưu thông tin các lớp trông muộn của trường';

--
-- Đang đổ dữ liệu cho bảng `ci_pickup`
--

INSERT INTO `ci_pickup` (`pickup_id`, `pickup_class_id`, `school_id`, `total_child`, `total`, `pickup_time`, `pickup_day`, `status`, `description`, `recorded_user_id`, `recorded_at`) VALUES
(20142, 127, 684, 0, 0, '2021-03-29', 2, 0, NULL, 0, NULL),
(20143, 127, 684, 0, 0, '2021-04-01', 5, 0, NULL, 0, NULL),
(20144, 127, 684, 0, 0, '2021-03-30', 3, 0, NULL, 0, NULL),
(20145, 127, 684, 0, 0, '2021-04-02', 6, 0, NULL, 0, NULL),
(20146, 127, 684, 0, 0, '2021-03-31', 4, 0, NULL, 0, NULL),
(20147, 127, 684, 0, 0, '2021-04-03', 7, 0, NULL, 0, NULL),
(20148, 127, 684, 0, 0, '2021-04-05', 2, 0, NULL, 0, NULL),
(20149, 127, 684, 0, 0, '2021-04-08', 5, 0, NULL, 0, NULL),
(20150, 127, 684, 0, 0, '2021-04-06', 3, 0, NULL, 0, NULL),
(20151, 127, 684, 0, 0, '2021-04-09', 6, 0, NULL, 0, NULL),
(20152, 127, 684, 0, 0, '2021-04-07', 4, 0, NULL, 0, NULL),
(20153, 127, 684, 0, 0, '2021-04-10', 7, 0, NULL, 0, NULL);

-- --------------------------------------------------------

--
-- Cấu trúc bảng cho bảng `ci_pickup_assign`
--

CREATE TABLE `ci_pickup_assign` (
  `pickup_id` int(10) UNSIGNED NOT NULL COMMENT 'ID lần trông muộn',
  `user_id` int(10) NOT NULL COMMENT 'ID người được phân công',
  `assign_time` date NOT NULL COMMENT 'Ngày được phân công',
  `pickup_class_id` int(10) UNSIGNED NOT NULL DEFAULT 0 COMMENT 'ID của lớp trông muộn',
  `school_id` int(10) UNSIGNED NOT NULL COMMENT 'ID trường',
  `assign_day` int(1) UNSIGNED NOT NULL DEFAULT 2 COMMENT 'Ngày được phân công'
) ENGINE=InnoDB DEFAULT CHARSET=utf8 COMMENT='Lưu thông tin phân công lớp trông muộn';

--
-- Đang đổ dữ liệu cho bảng `ci_pickup_assign`
--

INSERT INTO `ci_pickup_assign` (`pickup_id`, `user_id`, `assign_time`, `pickup_class_id`, `school_id`, `assign_day`) VALUES
(20142, 28076, '2021-03-29', 127, 684, 2),
(20143, 28076, '2021-04-01', 127, 684, 5),
(20144, 28077, '2021-03-30', 127, 684, 3),
(20145, 28077, '2021-04-02', 127, 684, 6),
(20146, 28078, '2021-03-31', 127, 684, 4),
(20147, 28078, '2021-04-03', 127, 684, 7),
(20148, 28076, '2021-04-05', 127, 684, 2),
(20149, 28076, '2021-04-08', 127, 684, 5),
(20150, 28077, '2021-04-06', 127, 684, 3),
(20151, 28077, '2021-04-09', 127, 684, 6),
(20152, 28078, '2021-04-07', 127, 684, 4),
(20153, 28078, '2021-04-10', 127, 684, 7);

-- --------------------------------------------------------

--
-- Cấu trúc bảng cho bảng `ci_pickup_child`
--

CREATE TABLE `ci_pickup_child` (
  `pickup_child_id` int(10) UNSIGNED NOT NULL,
  `pickup_id` int(10) UNSIGNED NOT NULL COMMENT 'ID của lần trông muộn',
  `pickup_class_id` int(10) UNSIGNED NOT NULL DEFAULT 0 COMMENT 'ID của lớp trông muộn',
  `school_id` int(10) UNSIGNED NOT NULL COMMENT 'ID trường',
  `class_id` int(10) UNSIGNED NOT NULL COMMENT 'ID lớp',
  `child_id` int(10) UNSIGNED NOT NULL COMMENT 'ID trẻ',
  `total_amount` double UNSIGNED DEFAULT 0 COMMENT 'Tổng tiền phải trả',
  `late_pickup_fee` double UNSIGNED DEFAULT 0 COMMENT 'Tiền trông muộn',
  `using_service_fee` double UNSIGNED DEFAULT 0 COMMENT 'Tiền sử dụng dịch vụ',
  `pickup_at` time DEFAULT NULL COMMENT 'Thời gian trả trẻ',
  `type` int(1) UNSIGNED NOT NULL DEFAULT 0 COMMENT '0: giáo viên lớp ghi sử dụng\n1: quản lý trường ghi sử dụng\n2: phụ huynh đăng ký\n',
  `status` int(1) UNSIGNED NOT NULL COMMENT 'Trạng thái của trẻ trong lớp trông muộn:\n0: Chưa trả\n1: Đã trả\n2: Đã hủy',
  `description` text DEFAULT NULL COMMENT 'Mô tả cho từng trẻ',
  `subscriber` varchar(255) NOT NULL COMMENT 'Người đăng ký',
  `registered_time` datetime NOT NULL,
  `giveback_person` varchar(255) DEFAULT NULL COMMENT 'Người trả trẻ'
) ENGINE=InnoDB DEFAULT CHARSET=utf8 COMMENT='Lưu thông tin chi tiết trông muộn của từng trẻ';

-- --------------------------------------------------------

--
-- Cấu trúc bảng cho bảng `ci_pickup_class`
--

CREATE TABLE `ci_pickup_class` (
  `pickup_class_id` int(10) UNSIGNED NOT NULL,
  `school_id` int(10) UNSIGNED NOT NULL,
  `class_name` varchar(100) NOT NULL,
  `description` varchar(100) DEFAULT NULL,
  `status` tinyint(1) UNSIGNED NOT NULL DEFAULT 1 COMMENT 'Trạng thái của lớp trả muộn, có còn được sử dụng hay ko?0: Không1: Có',
  `created_at` datetime NOT NULL,
  `updated_at` datetime DEFAULT NULL,
  `created_user_id` int(10) UNSIGNED NOT NULL
) ENGINE=InnoDB DEFAULT CHARSET=utf8 COMMENT='Lưu thông tin các lớp trông muộn của 1 trường (có nhiều lớp trông muộn)';

--
-- Đang đổ dữ liệu cho bảng `ci_pickup_class`
--

INSERT INTO `ci_pickup_class` (`pickup_class_id`, `school_id`, `class_name`, `description`, `status`, `created_at`, `updated_at`, `created_user_id`) VALUES
(127, 684, 'Lớp đ&oacute;n muộn', 'M&ocirc; tả lớp đ&oacute;n muộn', 1, '2021-03-31 09:38:51', NULL, 28075);

-- --------------------------------------------------------

--
-- Cấu trúc bảng cho bảng `ci_pickup_price_list`
--

CREATE TABLE `ci_pickup_price_list` (
  `unit_price_id` int(10) NOT NULL,
  `school_id` int(10) UNSIGNED NOT NULL,
  `beginning_time` time NOT NULL,
  `ending_time` time NOT NULL,
  `unit_price` double NOT NULL
) ENGINE=InnoDB DEFAULT CHARSET=utf8 COMMENT='Bảng lưu thông tin giờ đón muộn và giá';

--
-- Đang đổ dữ liệu cho bảng `ci_pickup_price_list`
--

INSERT INTO `ci_pickup_price_list` (`unit_price_id`, `school_id`, `beginning_time`, `ending_time`, `unit_price`) VALUES
(761, 684, '17:45:00', '18:00:00', 50000);

-- --------------------------------------------------------

--
-- Cấu trúc bảng cho bảng `ci_pickup_register`
--

CREATE TABLE `ci_pickup_register` (
  `pickup_register_id` int(10) UNSIGNED NOT NULL COMMENT 'ID',
  `school_id` int(10) UNSIGNED NOT NULL COMMENT 'ID của trường',
  `class_id` int(10) UNSIGNED NOT NULL COMMENT 'ID của lớp',
  `child_id` int(10) UNSIGNED NOT NULL COMMENT 'ID của trẻ',
  `description` varchar(300) DEFAULT NULL COMMENT 'Mô tả',
  `registered_date` date NOT NULL COMMENT 'Ngày đăng ký',
  `registered_user_id` int(10) NOT NULL COMMENT 'ID người đăng ký',
  `registered_user_fullname` varchar(255) NOT NULL,
  `created_at` datetime NOT NULL COMMENT 'Thời gian đăng ký',
  `updated_at` datetime DEFAULT NULL COMMENT 'Thời gian cập nhật bản ghi'
) ENGINE=InnoDB DEFAULT CHARSET=utf8 COMMENT='Lưu thông tin đăng ký trả muộn của phụ huynh';

-- --------------------------------------------------------

--
-- Cấu trúc bảng cho bảng `ci_pickup_service`
--

CREATE TABLE `ci_pickup_service` (
  `service_id` int(10) NOT NULL COMMENT 'ID dịch vụ',
  `school_id` int(10) UNSIGNED NOT NULL COMMENT 'ID của trường',
  `service_name` varchar(100) NOT NULL COMMENT 'Tên dịch vụ',
  `fee` double UNSIGNED DEFAULT 0 COMMENT 'Giá',
  `description` varchar(300) DEFAULT NULL COMMENT 'Mô tả',
  `is_used` tinyint(1) UNSIGNED NOT NULL DEFAULT 1 COMMENT 'Trạng thái của dịch vụ, có còn được sử dụng hay không?\n0: Không \n1: Có',
  `beginning_date` date NOT NULL COMMENT 'Thời gian bắt đầu sử dụng',
  `ending_date` date DEFAULT NULL COMMENT 'Thời gian kết thúc',
  `latest_using_time` date DEFAULT NULL,
  `created_at` datetime NOT NULL,
  `updated_at` datetime DEFAULT NULL,
  `created_user_id` int(10) NOT NULL
) ENGINE=InnoDB DEFAULT CHARSET=utf8 COMMENT='Lưu dịch vụ đi kèm khi trông muộn';

--
-- Đang đổ dữ liệu cho bảng `ci_pickup_service`
--

INSERT INTO `ci_pickup_service` (`service_id`, `school_id`, `service_name`, `fee`, `description`, `is_used`, `beginning_date`, `ending_date`, `latest_using_time`, `created_at`, `updated_at`, `created_user_id`) VALUES
(64, 684, 'Uống sữa muộn', 20000, 'M&ocirc; tả uống sữa muộn :))', 1, '0000-00-00', NULL, NULL, '2021-03-31 09:38:51', NULL, 28075);

-- --------------------------------------------------------

--
-- Cấu trúc bảng cho bảng `ci_pickup_service_register`
--

CREATE TABLE `ci_pickup_service_register` (
  `pickup_register_id` int(10) UNSIGNED NOT NULL COMMENT 'ID',
  `school_id` int(10) UNSIGNED NOT NULL COMMENT 'ID của trường',
  `child_id` int(10) UNSIGNED NOT NULL COMMENT 'ID của trẻ',
  `service_id` int(10) UNSIGNED NOT NULL COMMENT 'ID của dịch vụ',
  `registered_at` date NOT NULL COMMENT 'Đăng ký ngày',
  `service_name` varchar(100) NOT NULL COMMENT 'Tên dịch vụ',
  `price` double UNSIGNED NOT NULL COMMENT 'Giá dịch vụ'
) ENGINE=InnoDB DEFAULT CHARSET=utf8 COMMENT='Lưu thông tin đăng ký dịch vụ của phụ huynh';

-- --------------------------------------------------------

--
-- Cấu trúc bảng cho bảng `ci_pickup_service_usage`
--

CREATE TABLE `ci_pickup_service_usage` (
  `service_usage_id` int(10) UNSIGNED NOT NULL COMMENT 'ID',
  `pickup_id` int(10) UNSIGNED NOT NULL COMMENT 'ID của lần trả muộn',
  `service_id` int(10) UNSIGNED NOT NULL COMMENT 'ID của dịch vụ',
  `service_name` varchar(100) NOT NULL COMMENT 'Tên dịch vụ',
  `price` double UNSIGNED NOT NULL COMMENT 'Giá của dịch vụ',
  `child_id` int(10) UNSIGNED NOT NULL COMMENT 'ID của trẻ',
  `using_at` date NOT NULL COMMENT 'Dịch vụ được sử dụng vào lúc',
  `recorded_user_id` int(10) NOT NULL COMMENT 'Người tạo bản ghi',
  `recorded_at` datetime NOT NULL COMMENT 'Bản ghi được tạo lúc'
) ENGINE=InnoDB DEFAULT CHARSET=utf8 COMMENT='Lưu lịch sử sử dụng dịch vụ trông muộn của trẻ';

-- --------------------------------------------------------

--
-- Cấu trúc bảng cho bảng `ci_pickup_teacher`
--

CREATE TABLE `ci_pickup_teacher` (
  `school_id` int(10) UNSIGNED NOT NULL,
  `user_id` int(10) UNSIGNED NOT NULL,
  `user_fullname` varchar(255) NOT NULL,
  `user_name` varchar(64) NOT NULL
) ENGINE=InnoDB DEFAULT CHARSET=utf8;

-- --------------------------------------------------------

--
-- Cấu trúc bảng cho bảng `ci_pickup_template`
--

CREATE TABLE `ci_pickup_template` (
  `school_id` int(10) UNSIGNED NOT NULL COMMENT 'ID của trường',
  `is_repeat` tinyint(1) UNSIGNED NOT NULL DEFAULT 0 COMMENT 'Có lặp lịch phân công theo tuần hay không?',
  `beginning_repeat_date` date DEFAULT NULL COMMENT 'Ngày bắt đầu lặp lịch',
  `assign_type` enum('week','month') NOT NULL DEFAULT 'week' COMMENT 'Phân công theo tuần hay tháng',
  `created_at` datetime NOT NULL COMMENT 'Thời gian bản ghi được tạo',
  `updated_at` datetime DEFAULT NULL COMMENT 'Thời gian bản ghi được update',
  `created_user_id` int(10) NOT NULL COMMENT 'Người tạo ra mẫu trông muộn'
) ENGINE=InnoDB DEFAULT CHARSET=utf8 COMMENT='Mẫu trông muộn của 1 trường, bao gồm:\n- Thời gian trả trẻ\r\n- Thời gian đón muộn nhất\r\n- Thời gian làm tròn\r\n- Kiểu thu, mức giá\r\n- Dịch vụ đi kèm';

--
-- Đang đổ dữ liệu cho bảng `ci_pickup_template`
--

INSERT INTO `ci_pickup_template` (`school_id`, `is_repeat`, `beginning_repeat_date`, `assign_type`, `created_at`, `updated_at`, `created_user_id`) VALUES
(684, 1, '2021-04-05', 'week', '2021-03-31 09:38:51', NULL, 28075);

-- --------------------------------------------------------

--
-- Cấu trúc bảng cho bảng `ci_point_c1`
--

CREATE TABLE `ci_point_c1` (
  `point_id` int(11) NOT NULL,
  `school_year` varchar(9) NOT NULL,
  `class_id` int(11) NOT NULL,
  `child_code` varchar(50) NOT NULL,
  `subject_id` int(11) DEFAULT NULL,
  `is_notify_semester_1` tinyint(1) NOT NULL DEFAULT 0 COMMENT 'Đã thông báo điểm  kỳ 1 chưa',
  `is_notify_semester_2` tinyint(1) NOT NULL DEFAULT 0 COMMENT 'Đã thông báo điểm kỳ 2 chưa',
  `gk1nx` varchar(250) DEFAULT NULL,
  `gk1nl` varchar(250) DEFAULT NULL,
  `gk1pc` varchar(250) DEFAULT NULL,
  `gk1kt` varchar(45) DEFAULT NULL,
  `gk1xl` varchar(45) DEFAULT NULL,
  `ck1nx` varchar(250) DEFAULT NULL,
  `ck1nl` varchar(250) DEFAULT NULL,
  `ck1pc` varchar(250) DEFAULT NULL,
  `ck1kt` varchar(45) DEFAULT NULL,
  `ck1xl` varchar(45) DEFAULT NULL,
  `gk2nx` varchar(250) DEFAULT NULL,
  `gk2nl` varchar(250) DEFAULT NULL,
  `gk2pc` varchar(250) DEFAULT NULL,
  `gk2kt` varchar(45) DEFAULT NULL,
  `gk2xl` varchar(45) DEFAULT NULL,
  `ck2nx` varchar(250) DEFAULT NULL,
  `ck2nl` varchar(250) DEFAULT NULL,
  `ck2pc` varchar(250) DEFAULT NULL,
  `ck2kt` varchar(45) DEFAULT NULL,
  `ck2xl` varchar(45) DEFAULT NULL
) ENGINE=InnoDB DEFAULT CHARSET=utf8 COMMENT='Lưu bảng điểm và nhận xét cho cấp tiểu học (C1).';

--
-- Đang đổ dữ liệu cho bảng `ci_point_c1`
--

INSERT INTO `ci_point_c1` (`point_id`, `school_year`, `class_id`, `child_code`, `subject_id`, `is_notify_semester_1`, `is_notify_semester_2`, `gk1nx`, `gk1nl`, `gk1pc`, `gk1kt`, `gk1xl`, `ck1nx`, `ck1nl`, `ck1pc`, `ck1kt`, `ck1xl`, `gk2nx`, `gk2nl`, `gk2pc`, `gk2kt`, `gk2xl`, `ck2nx`, `ck2nl`, `ck2pc`, `ck2kt`, `ck2xl`) VALUES
(57, '2019-2020', 10833, 'LHT1618295550', 0, 0, 0, NULL, NULL, NULL, NULL, NULL, NULL, NULL, NULL, NULL, NULL, NULL, NULL, NULL, NULL, NULL, NULL, NULL, NULL, NULL, NULL),
(58, '2019-2020', 10833, 'LHT1618295550', 1, 0, 0, NULL, NULL, NULL, NULL, NULL, NULL, NULL, NULL, NULL, NULL, NULL, NULL, NULL, NULL, NULL, NULL, NULL, NULL, NULL, NULL),
(59, '2019-2020', 10833, 'LHT1618295550', 2, 0, 0, NULL, NULL, NULL, NULL, NULL, NULL, NULL, NULL, NULL, NULL, NULL, NULL, NULL, NULL, NULL, NULL, NULL, NULL, NULL, NULL),
(60, '2019-2020', 10833, 'LHT1618295550', 3, 0, 0, NULL, NULL, NULL, NULL, NULL, NULL, NULL, NULL, NULL, NULL, NULL, NULL, NULL, NULL, NULL, NULL, NULL, NULL, NULL, NULL),
(61, '2019-2020', 10833, 'LHT1618295550', 4, 0, 0, NULL, NULL, NULL, NULL, NULL, NULL, NULL, NULL, NULL, NULL, NULL, NULL, NULL, NULL, NULL, NULL, NULL, NULL, NULL, NULL),
(62, '2019-2020', 10833, 'LHT1618295550', 5, 0, 0, NULL, NULL, NULL, NULL, NULL, NULL, NULL, NULL, NULL, NULL, NULL, NULL, NULL, NULL, NULL, NULL, NULL, NULL, NULL, NULL),
(63, '2019-2020', 10833, 'LHT1618295550', 6, 0, 0, NULL, NULL, NULL, NULL, NULL, NULL, NULL, NULL, NULL, NULL, NULL, NULL, NULL, NULL, NULL, NULL, NULL, NULL, NULL, NULL),
(64, '2019-2020', 10833, 'LHT1618295550', 7, 0, 0, NULL, NULL, NULL, NULL, NULL, NULL, NULL, NULL, NULL, NULL, NULL, NULL, NULL, NULL, NULL, NULL, NULL, NULL, NULL, NULL),
(65, '2019-2020', 10833, 'LHT1618295550', 8, 0, 0, NULL, NULL, NULL, NULL, NULL, NULL, NULL, NULL, NULL, NULL, NULL, NULL, NULL, NULL, NULL, NULL, NULL, NULL, NULL, NULL),
(66, '2019-2020', 10833, 'LHT1618295550', 9, 0, 0, NULL, NULL, NULL, NULL, NULL, NULL, NULL, NULL, NULL, NULL, NULL, NULL, NULL, NULL, NULL, NULL, NULL, NULL, NULL, NULL),
(67, '2019-2020', 10833, 'LHT1618295550', 10, 0, 0, NULL, NULL, NULL, NULL, NULL, NULL, NULL, NULL, NULL, NULL, NULL, NULL, NULL, NULL, NULL, NULL, NULL, NULL, NULL, NULL),
(68, '2019-2020', 10833, 'LHT1618295550', 11, 0, 0, NULL, NULL, NULL, NULL, NULL, NULL, NULL, NULL, NULL, NULL, NULL, NULL, NULL, NULL, NULL, NULL, NULL, NULL, NULL, NULL),
(69, '2019-2020', 10833, 'LHT1618295550', 12, 0, 0, NULL, NULL, NULL, NULL, NULL, NULL, NULL, NULL, NULL, NULL, NULL, NULL, NULL, NULL, NULL, NULL, NULL, NULL, NULL, NULL),
(70, '2019-2020', 10833, 'LHT1618295550', 13, 0, 0, NULL, NULL, NULL, NULL, NULL, NULL, NULL, NULL, NULL, NULL, NULL, NULL, NULL, NULL, NULL, NULL, NULL, NULL, NULL, NULL),
(351, '2019-2020', 10833, 'DT1618308902', 0, 0, 0, NULL, NULL, NULL, NULL, NULL, NULL, NULL, NULL, NULL, NULL, NULL, NULL, NULL, NULL, NULL, NULL, NULL, NULL, NULL, NULL),
(352, '2019-2020', 10833, 'DT1618308902', 1, 0, 0, NULL, NULL, NULL, NULL, NULL, NULL, NULL, NULL, NULL, NULL, NULL, NULL, NULL, NULL, NULL, NULL, NULL, NULL, NULL, NULL),
(353, '2019-2020', 10833, 'DT1618308902', 2, 0, 0, NULL, NULL, NULL, NULL, NULL, NULL, NULL, NULL, NULL, NULL, NULL, NULL, NULL, NULL, NULL, NULL, NULL, NULL, NULL, NULL),
(354, '2019-2020', 10833, 'DT1618308902', 3, 0, 0, NULL, NULL, NULL, NULL, NULL, NULL, NULL, NULL, NULL, NULL, NULL, NULL, NULL, NULL, NULL, NULL, NULL, NULL, NULL, NULL),
(355, '2019-2020', 10833, 'DT1618308902', 4, 0, 0, NULL, NULL, NULL, NULL, NULL, NULL, NULL, NULL, NULL, NULL, NULL, NULL, NULL, NULL, NULL, NULL, NULL, NULL, NULL, NULL),
(356, '2019-2020', 10833, 'DT1618308902', 5, 0, 0, NULL, NULL, NULL, NULL, NULL, NULL, NULL, NULL, NULL, NULL, NULL, NULL, NULL, NULL, NULL, NULL, NULL, NULL, NULL, NULL),
(357, '2019-2020', 10833, 'DT1618308902', 6, 0, 0, NULL, NULL, NULL, NULL, NULL, NULL, NULL, NULL, NULL, NULL, NULL, NULL, NULL, NULL, NULL, NULL, NULL, NULL, NULL, NULL),
(358, '2019-2020', 10833, 'DT1618308902', 7, 0, 0, NULL, NULL, NULL, NULL, NULL, NULL, NULL, NULL, NULL, NULL, NULL, NULL, NULL, NULL, NULL, NULL, NULL, NULL, NULL, NULL),
(359, '2019-2020', 10833, 'DT1618308902', 8, 0, 0, NULL, NULL, NULL, NULL, NULL, NULL, NULL, NULL, NULL, NULL, NULL, NULL, NULL, NULL, NULL, NULL, NULL, NULL, NULL, NULL),
(360, '2019-2020', 10833, 'DT1618308902', 9, 0, 0, NULL, NULL, NULL, NULL, NULL, NULL, NULL, NULL, NULL, NULL, NULL, NULL, NULL, NULL, NULL, NULL, NULL, NULL, NULL, NULL),
(361, '2019-2020', 10833, 'DT1618308902', 10, 0, 0, NULL, NULL, NULL, NULL, NULL, NULL, NULL, NULL, NULL, NULL, NULL, NULL, NULL, NULL, NULL, NULL, NULL, NULL, NULL, NULL),
(362, '2019-2020', 10833, 'DT1618308902', 11, 0, 0, NULL, NULL, NULL, NULL, NULL, NULL, NULL, NULL, NULL, NULL, NULL, NULL, NULL, NULL, NULL, NULL, NULL, NULL, NULL, NULL),
(363, '2019-2020', 10833, 'DT1618308902', 12, 0, 0, NULL, NULL, NULL, NULL, NULL, NULL, NULL, NULL, NULL, NULL, NULL, NULL, NULL, NULL, NULL, NULL, NULL, NULL, NULL, NULL),
(364, '2019-2020', 10833, 'DT1618308902', 13, 0, 0, NULL, NULL, NULL, NULL, NULL, NULL, NULL, NULL, NULL, NULL, NULL, NULL, NULL, NULL, NULL, NULL, NULL, NULL, NULL, NULL),
(365, '2019-2020', 10833, 'TTL1618557850', 0, 0, 0, NULL, NULL, NULL, NULL, NULL, NULL, NULL, NULL, NULL, NULL, NULL, NULL, NULL, NULL, NULL, NULL, NULL, NULL, NULL, NULL),
(366, '2019-2020', 10833, 'TTL1618557850', 1, 0, 0, NULL, NULL, NULL, NULL, NULL, NULL, NULL, NULL, NULL, NULL, NULL, NULL, NULL, NULL, NULL, NULL, NULL, NULL, NULL, NULL),
(367, '2019-2020', 10833, 'TTL1618557850', 2, 0, 0, NULL, NULL, NULL, NULL, NULL, NULL, NULL, NULL, NULL, NULL, NULL, NULL, NULL, NULL, NULL, NULL, NULL, NULL, NULL, NULL),
(368, '2019-2020', 10833, 'TTL1618557850', 3, 0, 0, NULL, NULL, NULL, NULL, NULL, NULL, NULL, NULL, NULL, NULL, NULL, NULL, NULL, NULL, NULL, NULL, NULL, NULL, NULL, NULL),
(369, '2019-2020', 10833, 'TTL1618557850', 4, 0, 0, NULL, NULL, NULL, NULL, NULL, NULL, NULL, NULL, NULL, NULL, NULL, NULL, NULL, NULL, NULL, NULL, NULL, NULL, NULL, NULL),
(370, '2019-2020', 10833, 'TTL1618557850', 5, 0, 0, NULL, NULL, NULL, NULL, NULL, NULL, NULL, NULL, NULL, NULL, NULL, NULL, NULL, NULL, NULL, NULL, NULL, NULL, NULL, NULL),
(371, '2019-2020', 10833, 'TTL1618557850', 6, 0, 0, NULL, NULL, NULL, NULL, NULL, NULL, NULL, NULL, NULL, NULL, NULL, NULL, NULL, NULL, NULL, NULL, NULL, NULL, NULL, NULL),
(372, '2019-2020', 10833, 'TTL1618557850', 7, 0, 0, NULL, NULL, NULL, NULL, NULL, NULL, NULL, NULL, NULL, NULL, NULL, NULL, NULL, NULL, NULL, NULL, NULL, NULL, NULL, NULL),
(373, '2019-2020', 10833, 'TTL1618557850', 8, 0, 0, NULL, NULL, NULL, NULL, NULL, NULL, NULL, NULL, NULL, NULL, NULL, NULL, NULL, NULL, NULL, NULL, NULL, NULL, NULL, NULL),
(374, '2019-2020', 10833, 'TTL1618557850', 9, 0, 0, NULL, NULL, NULL, NULL, NULL, NULL, NULL, NULL, NULL, NULL, NULL, NULL, NULL, NULL, NULL, NULL, NULL, NULL, NULL, NULL),
(375, '2019-2020', 10833, 'TTL1618557850', 10, 0, 0, NULL, NULL, NULL, NULL, NULL, NULL, NULL, NULL, NULL, NULL, NULL, NULL, NULL, NULL, NULL, NULL, NULL, NULL, NULL, NULL),
(376, '2019-2020', 10833, 'TTL1618557850', 11, 0, 0, NULL, NULL, NULL, NULL, NULL, NULL, NULL, NULL, NULL, NULL, NULL, NULL, NULL, NULL, NULL, NULL, NULL, NULL, NULL, NULL),
(377, '2019-2020', 10833, 'TTL1618557850', 12, 0, 0, NULL, NULL, NULL, NULL, NULL, NULL, NULL, NULL, NULL, NULL, NULL, NULL, NULL, NULL, NULL, NULL, NULL, NULL, NULL, NULL),
(378, '2019-2020', 10833, 'TTL1618557850', 13, 0, 0, NULL, NULL, NULL, NULL, NULL, NULL, NULL, NULL, NULL, NULL, NULL, NULL, NULL, NULL, NULL, NULL, NULL, NULL, NULL, NULL),
(379, '2019-2020', 10833, 'ET2CTTL1618892377', 0, 0, 0, NULL, NULL, NULL, NULL, NULL, NULL, NULL, NULL, NULL, NULL, NULL, NULL, NULL, NULL, NULL, NULL, NULL, NULL, NULL, NULL),
(380, '2019-2020', 10833, 'ET2CTTL1618892377', 1, 0, 0, NULL, NULL, NULL, NULL, NULL, NULL, NULL, NULL, NULL, NULL, NULL, NULL, NULL, NULL, NULL, NULL, NULL, NULL, NULL, NULL),
(381, '2019-2020', 10833, 'ET2CTTL1618892377', 2, 0, 0, NULL, NULL, NULL, NULL, NULL, NULL, NULL, NULL, NULL, NULL, NULL, NULL, NULL, NULL, NULL, NULL, NULL, NULL, NULL, NULL),
(382, '2019-2020', 10833, 'ET2CTTL1618892377', 3, 0, 0, NULL, NULL, NULL, NULL, NULL, NULL, NULL, NULL, NULL, NULL, NULL, NULL, NULL, NULL, NULL, NULL, NULL, NULL, NULL, NULL),
(383, '2019-2020', 10833, 'ET2CTTL1618892377', 4, 0, 0, NULL, NULL, NULL, NULL, NULL, NULL, NULL, NULL, NULL, NULL, NULL, NULL, NULL, NULL, NULL, NULL, NULL, NULL, NULL, NULL),
(384, '2019-2020', 10833, 'ET2CTTL1618892377', 5, 0, 0, NULL, NULL, NULL, NULL, NULL, NULL, NULL, NULL, NULL, NULL, NULL, NULL, NULL, NULL, NULL, NULL, NULL, NULL, NULL, NULL),
(385, '2019-2020', 10833, 'ET2CTTL1618892377', 6, 0, 0, NULL, NULL, NULL, NULL, NULL, NULL, NULL, NULL, NULL, NULL, NULL, NULL, NULL, NULL, NULL, NULL, NULL, NULL, NULL, NULL),
(386, '2019-2020', 10833, 'ET2CTTL1618892377', 7, 0, 0, NULL, NULL, NULL, NULL, NULL, NULL, NULL, NULL, NULL, NULL, NULL, NULL, NULL, NULL, NULL, NULL, NULL, NULL, NULL, NULL),
(387, '2019-2020', 10833, 'ET2CTTL1618892377', 8, 0, 0, NULL, NULL, NULL, NULL, NULL, NULL, NULL, NULL, NULL, NULL, NULL, NULL, NULL, NULL, NULL, NULL, NULL, NULL, NULL, NULL),
(388, '2019-2020', 10833, 'ET2CTTL1618892377', 9, 0, 0, NULL, NULL, NULL, NULL, NULL, NULL, NULL, NULL, NULL, NULL, NULL, NULL, NULL, NULL, NULL, NULL, NULL, NULL, NULL, NULL),
(389, '2019-2020', 10833, 'ET2CTTL1618892377', 10, 0, 0, NULL, NULL, NULL, NULL, NULL, NULL, NULL, NULL, NULL, NULL, NULL, NULL, NULL, NULL, NULL, NULL, NULL, NULL, NULL, NULL),
(390, '2019-2020', 10833, 'ET2CTTL1618892377', 11, 0, 0, NULL, NULL, NULL, NULL, NULL, NULL, NULL, NULL, NULL, NULL, NULL, NULL, NULL, NULL, NULL, NULL, NULL, NULL, NULL, NULL),
(391, '2019-2020', 10833, 'ET2CTTL1618892377', 12, 0, 0, NULL, NULL, NULL, NULL, NULL, NULL, NULL, NULL, NULL, NULL, NULL, NULL, NULL, NULL, NULL, NULL, NULL, NULL, NULL, NULL);

-- --------------------------------------------------------

--
-- Cấu trúc bảng cho bảng `ci_point_c2`
--

CREATE TABLE `ci_point_c2` (
  `point_id` int(11) NOT NULL,
  `school_year` varchar(9) NOT NULL COMMENT 'Lưu năm học. Lưu đúng 9 kỳ tự. VD: 2019-2020, 2020-2021',
  `class_id` int(11) NOT NULL,
  `child_code` varchar(50) NOT NULL COMMENT 'Mã trẻ',
  `subject_id` int(11) NOT NULL COMMENT 'Mã môn học',
  `is_notify_semester_1` tinyint(1) NOT NULL DEFAULT 0 COMMENT 'Đã thông báo điểm kỳ 1 chưa',
  `is_notify_semester_2` tinyint(1) NOT NULL DEFAULT 0 COMMENT 'Đã thông báo điểm kỳ 2 chưa',
  `m11` varchar(4) DEFAULT NULL COMMENT 'Điểm month1 của kì 1',
  `m12` varchar(4) DEFAULT NULL,
  `m13` varchar(4) DEFAULT NULL,
  `d1` varchar(4) DEFAULT NULL COMMENT 'điểm cuối kì 1',
  `m21` varchar(4) DEFAULT NULL,
  `m22` varchar(4) DEFAULT NULL,
  `m23` varchar(4) DEFAULT NULL,
  `d2` varchar(4) DEFAULT NULL COMMENT 'điểm cuối kì 2',
  `re_exam` varchar(4) DEFAULT NULL COMMENT 'điểm thi lại'
) ENGINE=InnoDB DEFAULT CHARSET=utf8 COMMENT='Lưu bảng điểm THCS' ROW_FORMAT=COMPACT;

--
-- Đang đổ dữ liệu cho bảng `ci_point_c2`
--

INSERT INTO `ci_point_c2` (`point_id`, `school_year`, `class_id`, `child_code`, `subject_id`, `is_notify_semester_1`, `is_notify_semester_2`, `m11`, `m12`, `m13`, `d1`, `m21`, `m22`, `m23`, `d2`, `re_exam`) VALUES
(7, '2021-2022', 10833, 'NVA1617159176', 0, 0, 0, '8', '7', '9', NULL, '6', '8', '1', '11', NULL),
(8, '2021-2022', 10833, 'NVA1617764051', 12, 0, 0, '8', '8', '4', '7', '5', '6', '8', '9', NULL),
(9, '2021-2022', 10833, 'NVA1617764051', 0, 0, 0, '8', '5', '10', '10', '8', '6', '6', '11', NULL),
(10, '2021-2022', 10833, 'NVA1617764051', 1, 0, 0, '6', '7', '8', '9', '3', '8', '5', '3', NULL),
(11, '2021-2022', 10833, 'NVA1617764051', 2, 0, 0, '58', NULL, NULL, '3', '3', '8', '5', '3', NULL),
(12, '2021-2022', 10833, 'NVA1617764051', 3, 0, 0, '6', '7', '8', '9', '3', '8', '5', '3', NULL),
(13, '2021-2022', 10833, 'NVA1617764051', 4, 0, 0, '6', '7', '8', '9', '3', '8', '5', '3', NULL),
(14, '2021-2022', 10833, 'NVA1617764051', 5, 0, 0, '6', '7', '8', '9', '3', '8', '5', '3', NULL),
(15, '2021-2022', 10833, 'NVA1617764051', 6, 0, 0, '6', '7', '8', '9', '3', '8', '5', '3', NULL),
(16, '2021-2022', 10833, 'NVA1617764051', 7, 0, 0, '6', '7', '8', '9', '3', '8', '5', '3', NULL),
(17, '2021-2022', 10833, 'NVA1617764051', 8, 0, 0, '6', '7', '8', '9', '3', '8', '5', '3', NULL),
(18, '2021-2022', 10833, 'NVA1617764051', 9, 0, 0, '6', '7', '8', '9', '3', '8', '5', '3', NULL),
(19, '2021-2022', 10833, 'NVA1617764051', 10, 0, 0, '6', '7', '8', '9', '3', '8', '5', '3', NULL),
(20, '2021-2022', 10833, 'NVA1617764051', 11, 0, 0, '6', '7', '8', '9', '3', '8', '5', '3', NULL),
(36, '2021-2022', 10833, 'LHT1618295550', 0, 0, 0, '50', '60', '70', '80', '100', '100', '100', '100', '5'),
(37, '2021-2022', 10833, 'LHT1618295550', 1, 0, 0, '100', '100', '100', '100', '100', '100', '100', '100', NULL),
(38, '2021-2022', 10833, 'LHT1618295550', 2, 0, 0, '8', NULL, NULL, '100', '8', '8', '100', '100', NULL),
(39, '2021-2022', 10833, 'LHT1618295550', 3, 0, 0, '9', '7', '8', '8', '7', '8', '100', '100', NULL),
(40, '2021-2022', 10833, 'LHT1618295550', 4, 0, 0, '86', '100', '100', '100', '100', '100', '100', '100', NULL),
(41, '2021-2022', 10833, 'LHT1618295550', 5, 0, 0, '120', '101', '100', '95', '94', '90', '100', '100', NULL),
(42, '2021-2022', 10833, 'LHT1618295550', 6, 0, 0, '900', '7', '8', '8', '8', '7', '100', '100', NULL),
(43, '2021-2022', 10833, 'LHT1618295550', 7, 0, 0, '100', '100', '100', '101', '100', '84', '97', '74', NULL),
(44, '2021-2022', 10833, 'LHT1618295550', 8, 0, 0, '7', '8', '9', '7', '7', '9', '9', '7', NULL),
(45, '2021-2022', 10833, 'LHT1618295550', 9, 0, 0, '8', '8', '8', '8', '8', '8', '88', '88', NULL),
(46, '2021-2022', 10833, 'LHT1618295550', 10, 0, 0, '97', '87', '87', '54', '97', '97', '94', '95', NULL),
(47, '2021-2022', 10833, 'LHT1618295550', 11, 0, 0, '97', '98', '85', '94', '85', '89', '98', '98', NULL),
(48, '2021-2022', 10833, 'LHT1618295550', 12, 0, 0, '78', '95', '50', '84', '87', '87', '88', '88', '125'),
(330, '2021-2022', 10833, 'DT1618308902', 0, 0, 0, '5', '6', '9', '7', '8', '9', '7', '2', NULL),
(331, '2021-2022', 10833, 'DT1618308902', 1, 0, 0, '6', '8', '9', '7', '8', '8', '9', '7', NULL),
(332, '2021-2022', 10833, 'DT1618308902', 2, 0, 0, '8', NULL, NULL, '8', '8', '8', '8', '8', NULL),
(333, '2021-2022', 10833, 'DT1618308902', 3, 0, 0, '9', '9', '9', '9', '9', '9', '9', '9', NULL),
(334, '2021-2022', 10833, 'DT1618308902', 4, 0, 0, '9999', '8', '9', '8', '9', '8', '9', '8', NULL),
(335, '2021-2022', 10833, 'DT1618308902', 5, 0, 0, '9', '8', '9', '8', '9', '8', '9', '8', NULL),
(336, '2021-2022', 10833, 'DT1618308902', 6, 0, 0, '9', '8', '9', '8', '9', '8', '9', '8', NULL),
(337, '2021-2022', 10833, 'DT1618308902', 7, 0, 0, '9', '8', '9', '8', '9', '8', '9', '8', NULL),
(338, '2021-2022', 10833, 'DT1618308902', 8, 0, 0, '9', '8', '9', '8', '9', '8', '9', '8', NULL),
(339, '2021-2022', 10833, 'DT1618308902', 9, 0, 0, '9', '8', '9', '8', '9', '8', '9', '8', NULL),
(340, '2021-2022', 10833, 'DT1618308902', 10, 0, 0, '9', '8', '9', '8', '9', '8', '9', '8', NULL),
(341, '2021-2022', 10833, 'DT1618308902', 11, 0, 0, '9', '8', '9', '8', '9', '8', '9', '8', NULL),
(342, '2021-2022', 10833, 'DT1618308902', 12, 0, 0, '9', '8', '9', '8', '9', '8', '9', '8', NULL),
(344, '2021-2022', 10833, 'TTL1618557850', 0, 0, 0, '9', '9', '7', '9', '8', '7', '9', '9', NULL),
(345, '2021-2022', 10833, 'TTL1618557850', 1, 0, 0, '9', '9', '7', '9', '8', '7', '9', '9', NULL),
(346, '2021-2022', 10833, 'TTL1618557850', 2, 0, 0, '7', NULL, NULL, '9', '8', '7', '9', '9', NULL),
(347, '2021-2022', 10833, 'TTL1618557850', 3, 0, 0, '9', '9', '7', '9', '8', '7', '9', '9', NULL),
(348, '2021-2022', 10833, 'TTL1618557850', 4, 0, 0, '9', '9', '7', '9', '8', '7', '9', '9', NULL),
(349, '2021-2022', 10833, 'TTL1618557850', 5, 0, 0, '9', '9', '7', '9', '8', '7', '9', '9', NULL),
(350, '2021-2022', 10833, 'TTL1618557850', 6, 0, 0, '9', '9', '7', '9', '8', '7', '9', '9', NULL),
(351, '2021-2022', 10833, 'TTL1618557850', 7, 0, 0, '9', '9', '7', '9', '8', '7', '9', '9', NULL),
(352, '2021-2022', 10833, 'TTL1618557850', 8, 0, 0, '9', '9', '7', '9', '8', '7', '9', '9', NULL),
(353, '2021-2022', 10833, 'TTL1618557850', 9, 0, 0, '9', '9', '7', '9', '8', '7', '9', '9', NULL),
(354, '2021-2022', 10833, 'TTL1618557850', 10, 0, 0, '9000', '9', '7', '9', '8', '7', '9', '9', NULL),
(355, '2021-2022', 10833, 'TTL1618557850', 11, 0, 0, '9', '9', '7', '9', '8', '7', '9', '9', NULL),
(356, '2021-2022', 10833, 'TTL1618557850', 12, 0, 0, '9', '9', '7', '9', '8', '7', '9', '9', NULL),
(358, '2021-2022', 10833, 'ET2CTTL1618892377', 0, 0, 0, NULL, NULL, NULL, NULL, NULL, NULL, NULL, NULL, NULL),
(359, '2021-2022', 10833, 'ET2CTTL1618892377', 1, 0, 0, NULL, NULL, NULL, NULL, NULL, NULL, NULL, NULL, NULL),
(360, '2021-2022', 10833, 'ET2CTTL1618892377', 2, 0, 0, NULL, NULL, NULL, NULL, NULL, NULL, NULL, NULL, NULL),
(361, '2021-2022', 10833, 'ET2CTTL1618892377', 3, 0, 0, NULL, NULL, NULL, NULL, NULL, NULL, NULL, NULL, NULL),
(362, '2021-2022', 10833, 'ET2CTTL1618892377', 4, 0, 0, NULL, NULL, NULL, NULL, NULL, NULL, NULL, NULL, NULL),
(363, '2021-2022', 10833, 'ET2CTTL1618892377', 5, 0, 0, NULL, NULL, NULL, NULL, NULL, NULL, NULL, NULL, NULL),
(364, '2021-2022', 10833, 'ET2CTTL1618892377', 6, 0, 0, NULL, NULL, NULL, NULL, NULL, NULL, NULL, NULL, NULL),
(365, '2021-2022', 10833, 'ET2CTTL1618892377', 7, 0, 0, NULL, NULL, NULL, NULL, NULL, NULL, NULL, NULL, NULL),
(366, '2021-2022', 10833, 'ET2CTTL1618892377', 8, 0, 0, NULL, NULL, NULL, NULL, NULL, NULL, NULL, NULL, NULL),
(367, '2021-2022', 10833, 'ET2CTTL1618892377', 9, 0, 0, NULL, NULL, NULL, NULL, NULL, NULL, NULL, NULL, NULL),
(368, '2021-2022', 10833, 'ET2CTTL1618892377', 10, 0, 0, NULL, NULL, NULL, NULL, NULL, NULL, NULL, NULL, NULL),
(369, '2021-2022', 10833, 'ET2CTTL1618892377', 11, 0, 0, NULL, NULL, NULL, NULL, NULL, NULL, NULL, NULL, NULL),
(370, '2021-2022', 10833, 'ET2CTTL1618892377', 12, 0, 0, NULL, NULL, NULL, NULL, NULL, NULL, NULL, NULL, NULL);

-- --------------------------------------------------------

--
-- Cấu trúc bảng cho bảng `ci_region_manage`
--

CREATE TABLE `ci_region_manage` (
  `region_manage_id` int(11) NOT NULL,
  `user_id` int(11) NOT NULL,
  `city_id` int(11) NOT NULL,
  `district_slug` varchar(150) DEFAULT NULL,
  `grade` int(11) DEFAULT NULL COMMENT 'Lưu cấp được quản lý (= 0, quản lý tất cả các khối).',
  `role` int(11) DEFAULT 1 COMMENT 'Vai trò của người dùng (cơ quan quản lý) với cấp mà mình được phân. Hiện tại chỉ mới view nên chưa dùng',
  `provider` int(11) DEFAULT 0 COMMENT 'Đơn vị nào cấp tài khoản này. 1: NOGA cấp, 0: phòng cấp'
) ENGINE=InnoDB DEFAULT CHARSET=utf8;

-- --------------------------------------------------------

--
-- Cấu trúc bảng cho bảng `ci_report`
--

CREATE TABLE `ci_report` (
  `report_id` int(10) NOT NULL,
  `report_name` varchar(300) NOT NULL,
  `child_id` int(10) NOT NULL,
  `school_id` int(10) NOT NULL,
  `is_notified` tinyint(1) NOT NULL,
  `source_file` varchar(200) NOT NULL,
  `file_name` varchar(100) NOT NULL,
  `status` tinyint(10) NOT NULL DEFAULT 1,
  `date` datetime DEFAULT NULL COMMENT 'Ngày gửi thông báo',
  `views_count` int(10) UNSIGNED NOT NULL DEFAULT 0 COMMENT 'Bao nhiêu lượt xem sổ liên lạc',
  `created_at` datetime NOT NULL,
  `updated_at` datetime DEFAULT NULL,
  `created_user_id` int(10) NOT NULL
) ENGINE=InnoDB DEFAULT CHARSET=utf8;

--
-- Đang đổ dữ liệu cho bảng `ci_report`
--

INSERT INTO `ci_report` (`report_id`, `report_name`, `child_id`, `school_id`, `is_notified`, `source_file`, `file_name`, `status`, `date`, `views_count`, `created_at`, `updated_at`, `created_user_id`) VALUES
(156280, 'Sổ li&ecirc;n lạc 1', 25894, 684, 1, '', '', 1, '2021-03-31 10:19:40', 0, '2021-03-31 10:19:40', NULL, 28075),
(156281, 'Sổ li&ecirc;n lạc 1', 25896, 684, 1, '', '', 1, '2021-03-31 10:19:40', 0, '2021-03-31 10:19:40', NULL, 28075),
(156282, 'Sổ li&ecirc;n lạc 1', 25898, 684, 1, '', '', 1, '2021-03-31 10:19:40', 0, '2021-03-31 10:19:40', NULL, 28075),
(156291, 'title create contactbook', 25945, 688, 1, 'reports/688/2021/04/coniu_d23a1fbd6d2f08fe061de80c152c4803.txt', 'noi dung dich edu.txt', 1, '2021-04-20 13:30:19', 0, '2021-04-20 13:07:02', '2021-04-20 13:30:19', 28076),
(156292, 'test 2', 25894, 688, 0, '', '', 1, NULL, 0, '2021-04-20 13:57:56', NULL, 28076),
(156293, 'test 2', 25918, 688, 0, '', '', 1, NULL, 0, '2021-04-20 13:57:56', NULL, 28076),
(156294, 'test 2', 25906, 688, 0, '', '', 1, NULL, 0, '2021-04-20 13:57:56', NULL, 28076),
(156295, 'test 2', 25907, 688, 0, '', '', 1, NULL, 0, '2021-04-20 13:57:56', NULL, 28076),
(156296, 'test 2', 25896, 688, 0, '', '', 1, NULL, 0, '2021-04-20 13:57:56', NULL, 28076),
(156297, 'test 2', 25919, 688, 0, '', '', 1, NULL, 0, '2021-04-20 13:57:56', NULL, 28076),
(156298, 'test 2', 25946, 688, 0, '', '', 1, NULL, 0, '2021-04-20 13:57:56', NULL, 28076),
(156299, 'test 2', 25945, 688, 1, '', '', 1, '2021-04-20 16:01:21', 0, '2021-04-20 13:57:56', '2021-04-20 16:01:21', 28076),
(156300, 'test 2', 25944, 688, 0, '', '', 1, NULL, 0, '2021-04-20 13:57:56', NULL, 28076),
(156301, 'test 2', 25923, 688, 0, '', '', 1, NULL, 0, '2021-04-20 13:57:56', NULL, 28076),
(156302, 'test 2', 25920, 688, 0, '', '', 1, NULL, 0, '2021-04-20 13:57:56', NULL, 28076),
(156303, 'Test tao lien lac', 25945, 688, 0, 'reports/688/2021/04/coniu_9b3ea984c6302faf5e333a96c17b3891.jpg', 'image.jpg', 1, NULL, 0, '2021-04-20 17:04:34', NULL, 28076),
(156304, 'Nhận x&eacute;t th&aacute;ng 4', 25945, 688, 1, 'reports/688/2021/04/coniu_025dedcef7450e7add49bfb0f7f06b7f.jpg', 'image.jpg', 1, '2021-04-23 10:36:13', 0, '2021-04-23 10:33:28', '2021-04-23 10:36:13', 28077),
(156305, 'Nhận x&eacute;t th&aacute;ng 4', 25945, 688, 1, 'reports/688/2021/04/coniu_d488a3ab0ee806ca85742d7b7ed78436.jpg', 'image.jpg', 1, '2021-04-23 10:35:45', 0, '2021-04-23 10:35:45', NULL, 28077),
(156306, 'test điểm', 25945, 688, 0, '', '', 1, NULL, 0, '2021-04-27 11:28:02', NULL, 28076);

-- --------------------------------------------------------

--
-- Cấu trúc bảng cho bảng `ci_report_category`
--

CREATE TABLE `ci_report_category` (
  `report_category_id` int(10) UNSIGNED NOT NULL,
  `report_id` int(10) NOT NULL,
  `report_category_name` varchar(300) NOT NULL,
  `report_category_content` text DEFAULT NULL,
  `multi_content` text DEFAULT NULL COMMENT 'Lưu các giá trị mà cô giáo tích, cách nhau tập ký tự %$*!*',
  `template_multi_content` text DEFAULT NULL COMMENT 'Lưu các giá trị gợi ý mà mẫu có sẵn'
) ENGINE=InnoDB DEFAULT CHARSET=utf8 COMMENT='Lưu các hạng mục của sổ liên lạc';

--
-- Đang đổ dữ liệu cho bảng `ci_report_category`
--

INSERT INTO `ci_report_category` (`report_category_id`, `report_id`, `report_category_name`, `report_category_content`, `multi_content`, `template_multi_content`) VALUES
(1037557, 156280, 'Ngoan', 'Nội dung mẫu ngoan', 'Con ngoan lễ ph&eacute;p', 'Con ngoan lễ ph&eacute;p'),
(1037558, 156281, 'Ngoan', 'Nội dung mẫu ngoan', 'Con ngoan lễ ph&eacute;p', 'Con ngoan lễ ph&eacute;p'),
(1037559, 156282, 'Ngoan', 'Nội dung mẫu ngoan', 'Con ngoan lễ ph&eacute;p', 'Con ngoan lễ ph&eacute;p'),
(1037560, 156291, 'Điểm', 'Content diem trong contactbook', '', 'Điểm c&aacute;c m&ocirc;n'),
(1037561, 156292, 'Điểm', 'Content diem trong contactbook', '', 'Điểm c&aacute;c m&ocirc;n'),
(1037562, 156293, 'Điểm', 'Content diem trong contactbook', '', 'Điểm c&aacute;c m&ocirc;n'),
(1037563, 156294, 'Điểm', 'Content diem trong contactbook', '', 'Điểm c&aacute;c m&ocirc;n'),
(1037564, 156295, 'Điểm', 'Content diem trong contactbook', '', 'Điểm c&aacute;c m&ocirc;n'),
(1037565, 156296, 'Điểm', 'Content diem trong contactbook', '', 'Điểm c&aacute;c m&ocirc;n'),
(1037566, 156297, 'Điểm', 'Content diem trong contactbook', '', 'Điểm c&aacute;c m&ocirc;n'),
(1037567, 156298, 'Điểm', 'Content diem trong contactbook', '', 'Điểm c&aacute;c m&ocirc;n'),
(1037568, 156299, 'Điểm', 'Content diem trong contactbook', '', 'Điểm c&aacute;c m&ocirc;n'),
(1037569, 156300, 'Điểm', 'Content diem trong contactbook', '', 'Điểm c&aacute;c m&ocirc;n'),
(1037570, 156301, 'Điểm', 'Content diem trong contactbook', '', 'Điểm c&aacute;c m&ocirc;n'),
(1037571, 156302, 'Điểm', 'Content diem trong contactbook', '', 'Điểm c&aacute;c m&ocirc;n'),
(1037572, 156303, 'Điểm', 'Content diem trong contactbook', '', 'Điểm c&aacute;c m&ocirc;n'),
(1037573, 156304, 'Điểm', 'Ch&aacute;u dạo n&agrave;y hơi k&eacute;m', 'Điểm c&aacute;c m&ocirc;n', 'Điểm c&aacute;c m&ocirc;n'),
(1037574, 156305, 'Điểm', 'Điểm n&egrave;', 'Điểm c&aacute;c m&ocirc;n', 'Điểm c&aacute;c m&ocirc;n'),
(1037575, 156306, 'Điểm', 'Content diem trong contactbook', 'Điểm c&aacute;c m&ocirc;n', 'Điểm c&aacute;c m&ocirc;n');

-- --------------------------------------------------------

--
-- Cấu trúc bảng cho bảng `ci_report_template`
--

CREATE TABLE `ci_report_template` (
  `report_template_id` int(10) NOT NULL,
  `template_name` varchar(300) NOT NULL,
  `level` tinyint(1) NOT NULL DEFAULT 1,
  `school_id` int(10) NOT NULL,
  `class_level_id` int(10) DEFAULT 0,
  `class_id` int(10) DEFAULT 0,
  `status` tinyint(1) NOT NULL DEFAULT 1,
  `created_at` datetime NOT NULL,
  `updated_at` datetime DEFAULT NULL,
  `created_user_id` int(10) NOT NULL
) ENGINE=InnoDB DEFAULT CHARSET=utf8 COMMENT='Lưu template của các trường';

--
-- Đang đổ dữ liệu cho bảng `ci_report_template`
--

INSERT INTO `ci_report_template` (`report_template_id`, `template_name`, `level`, `school_id`, `class_level_id`, `class_id`, `status`, `created_at`, `updated_at`, `created_user_id`) VALUES
(282, 'Sổ li&ecirc;n lạc', 1, 684, 0, 0, 1, '2021-03-31 10:18:42', NULL, 28075),
(284, 'Title của xem điểm', 1, 688, 0, 0, 1, '2021-04-20 13:05:50', NULL, 28076);

-- --------------------------------------------------------

--
-- Cấu trúc bảng cho bảng `ci_report_template_category`
--

CREATE TABLE `ci_report_template_category` (
  `report_template_category_id` int(10) UNSIGNED NOT NULL,
  `category_name` varchar(300) NOT NULL,
  `school_id` int(10) NOT NULL,
  `template_multi_content` text DEFAULT NULL COMMENT 'Lưu các giá trị có thể có của danh mục, cách nhau tập ký tự %$*!*'
) ENGINE=InnoDB DEFAULT CHARSET=utf8 COMMENT='Lưu các category trường tạo sẵn';

--
-- Đang đổ dữ liệu cho bảng `ci_report_template_category`
--

INSERT INTO `ci_report_template_category` (`report_template_category_id`, `category_name`, `school_id`, `template_multi_content`) VALUES
(613, 'Ngoan', 684, 'Con ngoan lễ ph&eacute;p'),
(614, 'Điểm', 688, 'Điểm c&aacute;c m&ocirc;n');

-- --------------------------------------------------------

--
-- Cấu trúc bảng cho bảng `ci_report_template_detail`
--

CREATE TABLE `ci_report_template_detail` (
  `report_template_category_id` int(10) UNSIGNED NOT NULL,
  `report_template_id` int(10) UNSIGNED NOT NULL,
  `template_content` text DEFAULT NULL,
  `position` tinyint(4) DEFAULT NULL COMMENT 'Lưu vị trí của tiêu chí trong mẫu'
) ENGINE=InnoDB DEFAULT CHARSET=utf8 COMMENT='Lưunhững hạng mục có trong template';

--
-- Đang đổ dữ liệu cho bảng `ci_report_template_detail`
--

INSERT INTO `ci_report_template_detail` (`report_template_category_id`, `report_template_id`, `template_content`, `position`) VALUES
(613, 282, 'Nội dung mẫu ngoan', 1),
(614, 284, 'Content diem trong contactbook', 1);

-- --------------------------------------------------------

--
-- Cấu trúc bảng cho bảng `ci_review`
--

CREATE TABLE `ci_review` (
  `review_id` int(10) UNSIGNED NOT NULL,
  `type` enum('school','teacher') NOT NULL COMMENT 'Đối tượng được đánh giá là giáo viên hay trường',
  `school_id` int(10) UNSIGNED NOT NULL COMMENT 'ID của trường',
  `teacher_id` int(10) UNSIGNED NOT NULL DEFAULT 0 COMMENT 'ID của giáo viên',
  `total_review` int(10) UNSIGNED NOT NULL DEFAULT 0 COMMENT 'Tổng số đánh giá',
  `average_review` float(2,1) DEFAULT 0.0 COMMENT 'Đánh giá trung bình'
) ENGINE=InnoDB DEFAULT CHARSET=utf8 COMMENT='Bảng lưu thông tin đánh giá cho trường hoặc giáo viên';

--
-- Đang đổ dữ liệu cho bảng `ci_review`
--

INSERT INTO `ci_review` (`review_id`, `type`, `school_id`, `teacher_id`, `total_review`, `average_review`) VALUES
(1093, 'school', 688, 0, 1, 5.0),
(1094, 'teacher', 688, 28077, 1, 5.0),
(1095, 'teacher', 688, 28076, 1, 5.0);

-- --------------------------------------------------------

--
-- Cấu trúc bảng cho bảng `ci_role`
--

CREATE TABLE `ci_role` (
  `role_id` int(10) NOT NULL,
  `role_name` varchar(255) NOT NULL,
  `school_id` int(10) UNSIGNED NOT NULL,
  `description` text DEFAULT NULL
) ENGINE=InnoDB DEFAULT CHARSET=utf8 COMMENT='Danh sách các vai trò trong một trường.';

--
-- Đang đổ dữ liệu cho bảng `ci_role`
--

INSERT INTO `ci_role` (`role_id`, `role_name`, `school_id`, `description`) VALUES
(629, 'Kế to&aacute;n', 684, 'Vai tr&ograve; cho kế to&agrave;n nh&agrave; trường, xem th&ocirc;ng tin điểm danh, dịch vụ...để t&iacute;nh học ph&iacute;.'),
(630, 'Đầu bếp', 684, 'Vai tr&ograve; d&agrave;nh cho nh&agrave; bếp, xem th&ocirc;ng tin trẻ đi/nghỉ v&agrave; dịch vụ ăn uống.'),
(631, 'Xem tất cả', 684, 'Vai tr&ograve; cho người được xem tất cả th&ocirc;ng tin trường, nhưng KH&Ocirc;NG tương t&aacute;c.'),
(632, 'To&agrave;n quyền', 684, 'Người c&oacute; vai tr&ograve; n&agrave;y c&oacute; thể thực hiện mọi việc trong quản l&yacute;.');

-- --------------------------------------------------------

--
-- Cấu trúc bảng cho bảng `ci_role_permission`
--

CREATE TABLE `ci_role_permission` (
  `module` varchar(50) NOT NULL COMMENT 'Tên module trên hệ thống',
  `role_id` int(10) UNSIGNED NOT NULL,
  `value` tinyint(1) NOT NULL DEFAULT 1 COMMENT 'Lưu giá trị quyền với module của role này:\n1: chỉ xem\n2: có thể sửa'
) ENGINE=InnoDB DEFAULT CHARSET=utf8 COMMENT='Lưu các quyền của một vai trò.';

--
-- Đang đổ dữ liệu cho bảng `ci_role_permission`
--

INSERT INTO `ci_role_permission` (`module`, `role_id`, `value`) VALUES
('attendance', 629, 1),
('attendance', 630, 1),
('attendance', 631, 1),
('attendance', 632, 2),
('birthdays', 629, 1),
('birthdays', 631, 1),
('birthdays', 632, 2),
('children', 629, 1),
('children', 631, 1),
('children', 632, 2),
('classes', 629, 1),
('classes', 630, 1),
('classes', 631, 1),
('classes', 632, 2),
('classlevels', 629, 1),
('classlevels', 631, 1),
('classlevels', 632, 2),
('diarys', 631, 1),
('diarys', 632, 2),
('events', 629, 1),
('events', 630, 1),
('events', 631, 1),
('events', 632, 2),
('feedback', 631, 1),
('feedback', 632, 2),
('healths', 631, 1),
('healths', 632, 2),
('loginstatistics', 629, 2),
('loginstatistics', 631, 1),
('loginstatistics', 632, 2),
('managegroups', 631, 1),
('managegroups', 632, 2),
('medicines', 631, 1),
('medicines', 632, 2),
('menus', 630, 1),
('menus', 631, 1),
('menus', 632, 2),
('pickup', 629, 1),
('pickup', 630, 1),
('pickup', 631, 1),
('pickup', 632, 2),
('reports', 631, 1),
('reports', 632, 2),
('roles', 631, 1),
('roles', 632, 2),
('schedules', 631, 1),
('schedules', 632, 2),
('services', 629, 2),
('services', 630, 1),
('services', 631, 1),
('services', 632, 2),
('settings', 631, 1),
('settings', 632, 2),
('teachers', 629, 1),
('teachers', 630, 1),
('teachers', 631, 1),
('teachers', 632, 2),
('tuitions', 629, 2),
('tuitions', 631, 1),
('tuitions', 632, 2);

-- --------------------------------------------------------

--
-- Cấu trúc bảng cho bảng `ci_schedule`
--

CREATE TABLE `ci_schedule` (
  `schedule_id` int(10) NOT NULL,
  `schedule_name` varchar(100) DEFAULT NULL COMMENT 'Tên thời khóa biểu. Ví dụ: TKB Học kỳ 1',
  `applied_for` tinyint(1) NOT NULL DEFAULT 3 COMMENT 'Thời khóa biểu này áp dụng cho đối tượng nào.\n= 1: áp dụng cho toàn trường\n= 2: áp dụng cho khối\n= 3: áp dụng cho lớp',
  `school_id` int(10) NOT NULL COMMENT 'Thời khóa biểu này áp dụng cho đối tượng nào.\n= 1: áp dụng cho toàn trường\n= 2: áp dụng cho khối\n= 3: áp dụng cho lớp',
  `class_level_id` int(10) NOT NULL COMMENT 'Thời khóa biểu này áp dụng cho đối tượng nào.\n= 1: áp dụng cho toàn trường\n= 2: áp dụng cho khối\n= 3: áp dụng cho lớp',
  `class_id` int(10) NOT NULL COMMENT 'Thời khóa biểu này áp dụng cho đối tượng nào.\n= 1: áp dụng cho toàn trường\n= 2: áp dụng cho khối\n= 3: áp dụng cho lớp',
  `begin` date DEFAULT NULL COMMENT 'Ngày bắt đầu áp dụng thời khóa biểu. Ngày đó là ngày thời khóa biểu chuyển sang trạng thái active.',
  `end` date DEFAULT NULL COMMENT 'Ngày cuối cùng áp dụng thời khóa biểu. Là ngày thời khóa biểu chuyển từ active sang inactive.',
  `status` tinyint(1) NOT NULL DEFAULT 1 COMMENT 'Trạng thái áp dụng. \n- 1: active\n- 0: inactie',
  `description` varchar(300) DEFAULT NULL COMMENT 'Mô tả thời khóa biểu',
  `is_category` tinyint(1) NOT NULL DEFAULT 1 COMMENT 'Có sử dụng chương trình học không',
  `is_saturday` tinyint(1) NOT NULL DEFAULT 1 COMMENT 'Có học thứ 7 không',
  `is_notified` tinyint(1) NOT NULL DEFAULT 1 COMMENT 'Lưu trạng thái thông báo',
  `views_count` int(10) UNSIGNED NOT NULL DEFAULT 0 COMMENT 'Số lượt xem lịch học',
  `created_at` datetime NOT NULL COMMENT 'Thời gian bản ghi được tạo ra trong hệ thống',
  `updated_at` datetime DEFAULT NULL COMMENT 'Thời gian cập nhật thông tin bản ghi lần cuối cùng',
  `created_user_id` int(10) NOT NULL COMMENT 'Thời gian bản ghi được tạo ra trong hệ thống'
) ENGINE=InnoDB DEFAULT CHARSET=utf8;

--
-- Đang đổ dữ liệu cho bảng `ci_schedule`
--

INSERT INTO `ci_schedule` (`schedule_id`, `schedule_name`, `applied_for`, `school_id`, `class_level_id`, `class_id`, `begin`, `end`, `status`, `description`, `is_category`, `is_saturday`, `is_notified`, `views_count`, `created_at`, `updated_at`, `created_user_id`) VALUES
(11729, 'Học ngoại kh&oacute;a', 1, 684, 0, 0, '2021-03-29', NULL, 1, '', 1, 1, 0, 0, '2021-03-31 10:17:12', NULL, 28075);

-- --------------------------------------------------------

--
-- Cấu trúc bảng cho bảng `ci_schedule_detail`
--

CREATE TABLE `ci_schedule_detail` (
  `schedule_detail_id` int(10) NOT NULL,
  `schedule_id` int(10) NOT NULL COMMENT 'ID catalogy',
  `subject_name` varchar(300) NOT NULL COMMENT 'Tên hoạt động',
  `subject_time` varchar(100) NOT NULL COMMENT 'Thười gian bắt đầu hoạt động',
  `monday` text NOT NULL COMMENT 'Tên môn học thứ 2',
  `tuesday` text NOT NULL COMMENT 'Tên môn học thứ 3',
  `wednesday` text NOT NULL COMMENT 'Tên môn học thứ 4',
  `thursday` text NOT NULL COMMENT 'Tên môn học thứ 5',
  `friday` text NOT NULL COMMENT 'Tên môn học vào thứ 6',
  `saturday` text NOT NULL COMMENT 'Tên môn học vào thứ 7'
) ENGINE=InnoDB DEFAULT CHARSET=utf8 COMMENT='Lưu thông tin chi tiết thời khóa biểu';

--
-- Đang đổ dữ liệu cho bảng `ci_schedule_detail`
--

INSERT INTO `ci_schedule_detail` (`schedule_detail_id`, `schedule_id`, `subject_name`, `subject_time`, `monday`, `tuesday`, `wednesday`, `thursday`, `friday`, `saturday`) VALUES
(169616, 11729, 'Tập thể dục', '8:30', '', '', '', '', '', '');

-- --------------------------------------------------------

--
-- Cấu trúc bảng cho bảng `ci_school_child`
--

CREATE TABLE `ci_school_child` (
  `school_id` int(10) UNSIGNED NOT NULL COMMENT 'ID trường',
  `child_id` int(10) UNSIGNED NOT NULL,
  `child_parent_id` int(10) UNSIGNED NOT NULL DEFAULT 0 COMMENT 'ID trong bảng quản lý trẻ của phụ huynh',
  `class_id` int(10) UNSIGNED DEFAULT NULL COMMENT 'ID class. Lưu để tiện query (hơi thừa dữ liệu).',
  `status` tinyint(1) NOT NULL DEFAULT 1 COMMENT 'Trạng thái học sinh trong trường:\n0: Inactive\n1: Active\n2: WaitApprove',
  `begin_at` date DEFAULT NULL COMMENT 'Thời gian bắt đầu vào trường của bé',
  `pre_tuition_receive` double DEFAULT 0 COMMENT 'Số tiền học phí thu trước.',
  `end_at` date DEFAULT NULL COMMENT 'Thời gian bé không còn học ở trường',
  `requested_user_id` int(10) UNSIGNED DEFAULT NULL,
  `approved_user_id` int(10) UNSIGNED DEFAULT NULL COMMENT 'ID của cô giáo/user, người approve trẻ vào lớp.',
  `requested_at` datetime DEFAULT NULL,
  `approved_at` datetime DEFAULT NULL,
  `is_delete` tinyint(1) NOT NULL DEFAULT 0 COMMENT 'Xem trẻ được xóa trong trường chưa'
) ENGINE=InnoDB DEFAULT CHARSET=utf8 COMMENT='Bảng này lưu thông tin học sinh của một trường';

--
-- Đang đổ dữ liệu cho bảng `ci_school_child`
--

INSERT INTO `ci_school_child` (`school_id`, `child_id`, `child_parent_id`, `class_id`, `status`, `begin_at`, `pre_tuition_receive`, `end_at`, `requested_user_id`, `approved_user_id`, `requested_at`, `approved_at`, `is_delete`) VALUES
(684, 25894, 24048, 10830, 1, '2015-01-15', 0, NULL, NULL, NULL, NULL, NULL, 0),
(684, 25895, 24049, 10830, 1, '2016-11-18', 0, NULL, NULL, NULL, NULL, NULL, 0),
(684, 25896, 24050, 10830, 1, '2015-01-15', 0, NULL, NULL, NULL, NULL, NULL, 0),
(684, 25897, 24051, 10830, 1, '2016-11-18', 0, NULL, NULL, NULL, NULL, NULL, 0),
(684, 25898, 24052, 10830, 1, '2015-01-15', 0, NULL, NULL, NULL, NULL, NULL, 0),
(684, 25899, 24053, 10830, 1, '2016-11-18', 0, NULL, NULL, NULL, NULL, NULL, 0),
(684, 25900, 24054, 10830, 1, '2015-01-15', 0, NULL, NULL, NULL, NULL, NULL, 0),
(684, 25901, 24055, 10830, 1, '2016-11-18', 0, NULL, NULL, NULL, NULL, NULL, 0),
(684, 25902, 24056, 10831, 1, '2015-01-15', 0, NULL, NULL, NULL, NULL, NULL, 0),
(684, 25903, 24057, 10831, 1, '2016-11-18', 0, NULL, NULL, NULL, NULL, NULL, 0),
(684, 25904, 24058, 10831, 1, '2015-01-15', 0, NULL, NULL, NULL, NULL, NULL, 0),
(684, 25905, 24059, 10831, 1, '2016-11-18', 0, NULL, NULL, NULL, NULL, NULL, 0),
(688, 25906, 24060, 10833, 1, '2015-01-15', 0, NULL, NULL, NULL, NULL, NULL, 0),
(688, 25907, 24061, 10833, 1, '2016-11-18', 0, NULL, NULL, NULL, NULL, NULL, 0),
(688, 25908, 24062, 10835, 1, '2015-01-15', 0, NULL, NULL, NULL, NULL, NULL, 0),
(688, 25909, 24063, 10835, 1, '2016-11-18', 0, NULL, NULL, NULL, NULL, NULL, 0),
(688, 25910, 24064, 10836, 1, '2015-01-15', 0, NULL, NULL, NULL, NULL, NULL, 0),
(688, 25911, 24065, 10836, 1, '2016-11-18', 0, NULL, NULL, NULL, NULL, NULL, 0),
(688, 25912, 24066, 10837, 1, '2015-01-15', 0, NULL, NULL, NULL, NULL, NULL, 0),
(688, 25913, 24067, 10837, 1, '2016-11-18', 0, NULL, NULL, NULL, NULL, NULL, 0),
(688, 25914, 24068, 10838, 1, '2015-01-15', 0, NULL, NULL, NULL, NULL, NULL, 0),
(688, 25915, 24069, 10838, 1, '2016-11-18', 0, NULL, NULL, NULL, NULL, NULL, 0),
(688, 25916, 24070, 10839, 1, '2015-01-15', 0, NULL, NULL, NULL, NULL, NULL, 0),
(688, 25917, 24071, 10839, 1, '2016-11-18', 0, NULL, NULL, NULL, NULL, NULL, 0),
(688, 25918, 24072, 10833, 1, '2021-04-07', 0, NULL, NULL, NULL, NULL, NULL, 0),
(688, 25919, 24073, 10833, 1, '2021-04-01', 0, NULL, NULL, NULL, NULL, NULL, 0),
(688, 25920, 24074, 10833, 1, '2021-02-01', 0, NULL, NULL, NULL, NULL, NULL, 0),
(688, 25923, 24075, 10833, 1, '2020-03-01', 0, NULL, NULL, NULL, NULL, NULL, 0),
(688, 25944, 24076, 10833, 1, '2020-02-01', 0, NULL, NULL, NULL, NULL, NULL, 0),
(688, 25945, 24077, 10833, 1, '2021-02-01', 0, NULL, NULL, NULL, NULL, NULL, 0),
(688, 25946, 24079, 10833, 1, '2020-04-01', 0, NULL, NULL, NULL, NULL, NULL, 0);

-- --------------------------------------------------------

--
-- Cấu trúc bảng cho bảng `ci_school_configuration`
--

CREATE TABLE `ci_school_configuration` (
  `school_id` int(10) UNSIGNED NOT NULL,
  `teacher_count` int(10) UNSIGNED NOT NULL DEFAULT 0,
  `male_count` int(10) UNSIGNED NOT NULL DEFAULT 0,
  `female_count` int(10) UNSIGNED NOT NULL DEFAULT 0,
  `class_count` int(10) UNSIGNED NOT NULL DEFAULT 0,
  `bank_account` text NOT NULL COMMENT 'Lưu thông tin chuyển khoản của nhà trường',
  `school_allow_comment` tinyint(1) UNSIGNED NOT NULL DEFAULT 0 COMMENT 'Có cho phép comment trang của trường không? =0: không =1: có',
  `class_allow_post` tinyint(1) UNSIGNED NOT NULL DEFAULT 1 COMMENT 'Có cho phép phụ huynh post bài trong group của lớp không?',
  `class_allow_comment` tinyint(1) NOT NULL DEFAULT 1 COMMENT 'Lớp cho phép phụ huynh comment bài viết. (Nếu đã cho post bài thì sẽ cho comment)',
  `notification_tuition_interval` tinyint(1) UNSIGNED NOT NULL DEFAULT 10 COMMENT 'Thời gian nhắc nhở nộp tiền học phí',
  `allow_class_event` tinyint(1) UNSIGNED NOT NULL DEFAULT 1 COMMENT 'Cho phép lớp tạo sự kiện không?',
  `allow_parent_register_service` tinyint(1) UNSIGNED NOT NULL DEFAULT 1 COMMENT 'Có cho phụ huynh đăng ký dịch vụ không?',
  `allow_teacher_rolls_days_before` tinyint(1) NOT NULL DEFAULT 1 COMMENT 'Có cho giáo viên điểm danh những ngày trước hay không',
  `school_allow_medicate` tinyint(1) NOT NULL DEFAULT 1 COMMENT 'Có cho trẻ uống thuốc hay không',
  `allow_class_see_tuition` tinyint(1) UNSIGNED NOT NULL DEFAULT 1 COMMENT 'Cho phép cô giáo của lớp có được xem thông tin học phí không? 0: Không được xem 1: Được xem',
  `display_children_list` tinyint(1) NOT NULL DEFAULT 0 COMMENT 'Có hiển thị danh sách lớp ở màn hình của phụ huynh hay không?',
  `display_parent_info_for_others` tinyint(1) UNSIGNED NOT NULL DEFAULT 0 COMMENT 'Hiện thông tin cha mẹ của trẻ trên màn hình của phụ huynh khác có con là bạn cùng lớp. 0: Không được xem 1: Được xem',
  `auto_rollup_time_on_day` time(6) DEFAULT NULL COMMENT 'Giờ tự động điểm danh trong ngày',
  `allow_teacher_edit_pickup_before` tinyint(1) UNSIGNED NOT NULL DEFAULT 0,
  `school_group_id` int(10) UNSIGNED NOT NULL DEFAULT 0,
  `type` tinyint(1) UNSIGNED NOT NULL DEFAULT 0,
  `lat` float(10,6) NOT NULL DEFAULT 0.000000,
  `lng` float(10,6) NOT NULL DEFAULT 0.000000,
  `city_slug` varchar(150) DEFAULT NULL,
  `city_name` varchar(150) DEFAULT NULL,
  `district_slug` varchar(150) DEFAULT NULL,
  `district_name` varchar(150) DEFAULT NULL,
  `rating` float(2,1) NOT NULL DEFAULT 0.0,
  `count_rate` int(5) UNSIGNED NOT NULL DEFAULT 0,
  `directions` text DEFAULT NULL,
  `short_overview` text DEFAULT NULL,
  `review_id` int(10) UNSIGNED NOT NULL DEFAULT 0,
  `start_age` int(5) UNSIGNED NOT NULL,
  `end_age` int(5) UNSIGNED NOT NULL,
  `start_tuition_fee` int(10) UNSIGNED DEFAULT 0,
  `end_tuition_fee` varchar(150) DEFAULT NULL,
  `note_for_tuition` text DEFAULT NULL,
  `attendance_allow_delete_old` tinyint(1) NOT NULL DEFAULT 1 COMMENT 'Cho phép xoá thông tin điểm danh ngày trong quá khứ',
  `attendance_use_leave_early` tinyint(1) NOT NULL DEFAULT 0 COMMENT 'Sử dụng cơ chế trẻ về sớm (không tính tiền ăn)',
  `attendance_use_come_late` tinyint(1) NOT NULL DEFAULT 0 COMMENT 'Sử dụng cơ chế trẻ đến muộn (tính tiền ăn)',
  `attendance_absence_no_reason` tinyint(1) NOT NULL DEFAULT 1 COMMENT 'Sử dụng cơ chế nghỉ không lý do (tính tiền ăn)',
  `tuition_view_attandance` tinyint(1) UNSIGNED NOT NULL DEFAULT 1 COMMENT 'Hiện thông tin điểm danh khi tạo học phí',
  `admission` int(5) UNSIGNED NOT NULL DEFAULT 0,
  `note_for_admission` text DEFAULT NULL,
  `image_url` varchar(150) DEFAULT NULL,
  `verify` enum('0','1') NOT NULL DEFAULT '0',
  `facility_pool` enum('0','1') NOT NULL DEFAULT '0',
  `facility_playground_out` enum('0','1') NOT NULL DEFAULT '0',
  `facility_playground_in` enum('0','1') NOT NULL DEFAULT '0',
  `facility_library` enum('0','1') NOT NULL DEFAULT '0',
  `facility_camera` enum('0','1') NOT NULL DEFAULT '0',
  `note_for_facility` text DEFAULT NULL,
  `service_breakfast` enum('0','1') NOT NULL DEFAULT '0',
  `service_belated` enum('0','1') NOT NULL DEFAULT '0',
  `service_saturday` enum('0','1') NOT NULL DEFAULT '0',
  `service_bus` enum('0','1') NOT NULL DEFAULT '0',
  `note_for_service` text DEFAULT NULL,
  `info_leader` text DEFAULT NULL,
  `info_method` text DEFAULT NULL,
  `info_teacher` text DEFAULT NULL,
  `info_nutrition` text DEFAULT NULL,
  `tuition_child_report_template` varchar(2) DEFAULT 'A5' COMMENT 'Định dạng khi in ra phiếu học phí của trẻ là A4 hay A5',
  `tuition_use_mdservice_deduction` tinyint(1) DEFAULT 0 COMMENT 'Sử dụng cơ chế tính giảm trừ dịch vụ theo THÁNG và ĐIỂM DANH không.',
  `children_use_no_class` tinyint(1) DEFAULT 0 COMMENT 'Sử dụng cơ chế ''trẻ chưa phân vào lớp''',
  `principal` varchar(300) DEFAULT NULL COMMENT 'Lưu id hiệu trưởng của trường',
  `school_status` int(1) NOT NULL DEFAULT 2 COMMENT 'Lưu trạng thái của trường (page), 1: đang sử dụng coniu, 2: đang có page coniu, 3: đang chờ xác nhận',
  `views_in_thirty_days` int(10) UNSIGNED NOT NULL DEFAULT 0 COMMENT 'Số lượt xem page trong 30 ngày',
  `display_rate_school` int(1) UNSIGNED NOT NULL DEFAULT 1 COMMENT 'Hiển thị đánh giá trường hay ko?Hiển thị đánh giá trường hay ko?',
  `camera_guide` varchar(300) DEFAULT NULL COMMENT 'Link hướng dẫn camera',
  `school_step` tinyint(2) NOT NULL DEFAULT 0 COMMENT 'Lưu các bước khởi tạo trường',
  `report_cycle` tinyint(1) DEFAULT NULL COMMENT 'Lưu chu kỳ gửi sổ liên lạc của trường',
  `grade` tinyint(2) NOT NULL DEFAULT 0 COMMENT 'Lưu cấp của trường',
  `attendance` tinyint(1) NOT NULL DEFAULT 1 COMMENT 'trường lưu quyền sử dụng đối với từng module',
  `services` tinyint(1) NOT NULL DEFAULT 1 COMMENT 'trường lưu quyền sử dụng đối với từng module',
  `pickup` tinyint(1) NOT NULL DEFAULT 1 COMMENT 'trường lưu quyền sử dụng đối với từng module',
  `pickupteacher` tinyint(1) NOT NULL DEFAULT 1 COMMENT 'trường lưu quyền sử dụng đối với từng module',
  `tuitions` tinyint(1) NOT NULL DEFAULT 1 COMMENT 'trường lưu quyền sử dụng đối với từng module',
  `events` tinyint(1) NOT NULL DEFAULT 1 COMMENT 'trường lưu quyền sử dụng đối với từng module',
  `schedules` tinyint(1) NOT NULL DEFAULT 1 COMMENT 'trường lưu quyền sử dụng đối với từng module',
  `menus` tinyint(1) NOT NULL DEFAULT 1 COMMENT 'trường lưu quyền sử dụng đối với từng module',
  `reports` tinyint(1) NOT NULL DEFAULT 1 COMMENT 'trường lưu quyền sử dụng đối với từng module',
  `medicines` tinyint(1) NOT NULL DEFAULT 1 COMMENT 'trường lưu quyền sử dụng đối với từng module',
  `feedback` tinyint(1) NOT NULL DEFAULT 1 COMMENT 'trường lưu quyền sử dụng đối với từng module',
  `birthdays` tinyint(1) NOT NULL DEFAULT 1 COMMENT 'trường lưu quyền sử dụng đối với từng module',
  `diarys` tinyint(1) NOT NULL DEFAULT 1 COMMENT 'trường lưu quyền sử dụng đối với từng module',
  `healths` tinyint(1) NOT NULL DEFAULT 1 COMMENT 'trường lưu quyền sử dụng đối với từng module',
  `classes` tinyint(1) NOT NULL DEFAULT 1 COMMENT 'trường lưu quyền sử dụng đối với từng module',
  `classlevels` tinyint(1) NOT NULL DEFAULT 1 COMMENT 'trường lưu quyền sử dụng đối với từng module',
  `teachers` tinyint(1) NOT NULL DEFAULT 1 COMMENT 'trường lưu quyền sử dụng đối với từng module',
  `children` tinyint(1) NOT NULL DEFAULT 1 COMMENT 'trường lưu quyền sử dụng đối với từng module',
  `roles` tinyint(1) NOT NULL DEFAULT 1 COMMENT 'trường lưu quyền sử dụng đối với từng module',
  `loginstatistics` tinyint(1) NOT NULL DEFAULT 1 COMMENT 'trường lưu quyền sử dụng đối với từng module',
  `settings` tinyint(1) NOT NULL DEFAULT 1 COMMENT 'trường lưu quyền sử dụng đối với từng module',
  `conducts` tinyint(1) NOT NULL DEFAULT 0 COMMENT 'trường lưu quyền sử dụng đối với từng module',
  `points` tinyint(1) NOT NULL DEFAULT 0 COMMENT 'trường lưu quyền sử dụng đối với từng module',
  `subjects` tinyint(11) NOT NULL DEFAULT 0 COMMENT '	trường lưu quyền sử dụng đối với từng module'
) ENGINE=InnoDB DEFAULT CHARSET=utf8 COMMENT='Lưu các thông số cấu hình của một trường.';

--
-- Đang đổ dữ liệu cho bảng `ci_school_configuration`
--

INSERT INTO `ci_school_configuration` (`school_id`, `teacher_count`, `male_count`, `female_count`, `class_count`, `bank_account`, `school_allow_comment`, `class_allow_post`, `class_allow_comment`, `notification_tuition_interval`, `allow_class_event`, `allow_parent_register_service`, `allow_teacher_rolls_days_before`, `school_allow_medicate`, `allow_class_see_tuition`, `display_children_list`, `display_parent_info_for_others`, `auto_rollup_time_on_day`, `allow_teacher_edit_pickup_before`, `school_group_id`, `type`, `lat`, `lng`, `city_slug`, `city_name`, `district_slug`, `district_name`, `rating`, `count_rate`, `directions`, `short_overview`, `review_id`, `start_age`, `end_age`, `start_tuition_fee`, `end_tuition_fee`, `note_for_tuition`, `attendance_allow_delete_old`, `attendance_use_leave_early`, `attendance_use_come_late`, `attendance_absence_no_reason`, `tuition_view_attandance`, `admission`, `note_for_admission`, `image_url`, `verify`, `facility_pool`, `facility_playground_out`, `facility_playground_in`, `facility_library`, `facility_camera`, `note_for_facility`, `service_breakfast`, `service_belated`, `service_saturday`, `service_bus`, `note_for_service`, `info_leader`, `info_method`, `info_teacher`, `info_nutrition`, `tuition_child_report_template`, `tuition_use_mdservice_deduction`, `children_use_no_class`, `principal`, `school_status`, `views_in_thirty_days`, `display_rate_school`, `camera_guide`, `school_step`, `report_cycle`, `grade`, `attendance`, `services`, `pickup`, `pickupteacher`, `tuitions`, `events`, `schedules`, `menus`, `reports`, `medicines`, `feedback`, `birthdays`, `diarys`, `healths`, `classes`, `classlevels`, `teachers`, `children`, `roles`, `loginstatistics`, `settings`, `conducts`, `points`, `subjects`) VALUES
(684, 6, 6, 6, 3, '', 0, 1, 1, 10, 1, 1, 1, 1, 1, 0, 0, NULL, 0, 0, 1, 0.000000, 0.000000, 'ha-noi', 'H&agrave; Nội', 'quan-ba-dinh', 'Quận Ba Đ&igrave;nh', 0.0, 0, '', 'Trường mầm non tư thục Hoa Hồng ', 0, 0, 5, 1000000, '6000000', '  Ghi ch&uacute; học ph&iacute; ở đ&acirc;y :))', 1, 0, 0, 1, 1, 15, '  h&atilde;y đến với trường mầm non tư thục Hoa Hồng', NULL, '0', '0', '0', '1', '1', '1', '', '1', '0', '1', '0', '', ' Ban L&atilde;nh đạo :))', ' Phương ph&aacute;p gi&aacute;o dục :)))', ' Đội ngũ gi&aacute;o vi&ecirc;n :))', 'Chế độ dinh dưỡng :)) ', 'A5', 0, 0, '28075', 1, 0, 1, NULL, 100, NULL, 0, 1, 1, 1, 1, 1, 1, 1, 1, 1, 1, 1, 1, 1, 1, 1, 1, 1, 1, 1, 1, 1, 0, 1, 0),
(685, 0, 0, 0, 0, '', 0, 1, 1, 10, 1, 1, 1, 1, 1, 0, 0, NULL, 0, 0, 1, 0.000000, 0.000000, 'ha-noi', 'H&agrave; Nội', 'quan-ba-dinh', 'Quận Ba Đ&igrave;nh', 0.0, 0, '', '', 0, 0, 6, 1000000, '6000000', ' Ghi ch&uacute; học ph&iacute; :))\r\n', 1, 0, 0, 1, 1, 15, 'Ghi ch&uacute; tuyển sinh :)) ', NULL, '0', '1', '1', '0', '1', '1', ' Ghi ch&uacute; cơ sở vật chất :))', '1', '1', '1', '0', ' Ghi ch&uacute; dịch vụ :))', ' Ban l&atilde;nh đạo :))', 'Phương ph&aacute;p gi&aacute;o dục :)) ', 'Đội ngũ gi&aacute;o vi&ecirc;n :)) ', 'Chế độ dinh dưỡng :)) ', 'A5', 0, 0, '28075', 1, 0, 1, NULL, 0, NULL, 0, 1, 1, 1, 1, 1, 1, 1, 1, 1, 1, 1, 1, 1, 1, 1, 1, 1, 1, 1, 1, 1, 0, 0, 0),
(686, 0, 0, 0, 0, '', 0, 1, 1, 10, 1, 1, 1, 1, 1, 0, 0, NULL, 0, 0, 1, 0.000000, 0.000000, 'ha-noi', 'H&agrave; Nội', 'quan-ba-dinh', 'Quận Ba Đ&igrave;nh', 0.0, 0, '', '', 0, 0, 6, 1000000, '6000000', '', 1, 0, 0, 1, 1, 15, '', NULL, '0', '1', '1', '0', '1', '1', '', '0', '0', '1', '1', '', '', '', '', '', 'A5', 0, 0, '28075', 1, 0, 1, NULL, 0, NULL, 0, 1, 1, 1, 1, 1, 1, 1, 1, 1, 1, 1, 1, 1, 1, 1, 1, 1, 1, 1, 1, 1, 0, 0, 0),
(688, 5, 13, 6, 7, '', 0, 1, 1, 10, 1, 1, 1, 1, 1, 0, 0, NULL, 0, 0, 1, 0.000000, 0.000000, 'ha-noi', 'H&agrave; Nội', 'huyen-tu-liem', 'Huyện Từ Li&ecirc;m', 0.0, 0, '', '', 0, 12, 15, 1000000, '6000000', '', 1, 0, 0, 1, 1, 15, '', NULL, '0', '1', '0', '1', '1', '0', '', '1', '0', '0', '0', '', '', '', '', '', 'A5', 0, 0, '28076', 1, 0, 1, NULL, 0, NULL, 2, 1, 1, 0, 0, 1, 1, 1, 1, 1, 1, 1, 1, 1, 1, 1, 1, 1, 1, 1, 1, 1, 1, 1, 1),
(689, 0, 0, 0, 0, '', 0, 1, 1, 10, 1, 1, 1, 1, 1, 0, 0, NULL, 0, 0, 1, 0.000000, 0.000000, 'ha-noi', 'H&agrave; Nội', 'quan-ba-dinh', 'Quận Ba Đ&igrave;nh', 0.0, 0, '', '', 0, 0, 15, 0, '6000000', '', 1, 0, 0, 1, 1, 0, '', NULL, '0', '0', '0', '0', '0', '0', NULL, '0', '0', '0', '0', NULL, '', '', '', '', 'A5', 0, 0, '28094', 2, 0, 1, NULL, 0, NULL, 0, 1, 1, 1, 1, 1, 1, 1, 1, 1, 1, 1, 1, 1, 1, 1, 1, 1, 1, 1, 1, 1, 0, 0, 0),
(690, 0, 0, 0, 0, '', 0, 1, 1, 10, 1, 1, 1, 1, 1, 0, 0, NULL, 0, 0, 1, 0.000000, 0.000000, 'ha-noi', 'H&agrave; Nội', 'quan-ba-dinh', 'Quận Ba Đ&igrave;nh', 0.0, 0, '', '', 0, 0, 0, 0, '', '', 1, 0, 0, 1, 1, 0, '', NULL, '0', '0', '0', '0', '0', '0', NULL, '0', '0', '0', '0', NULL, '', '', '', '', 'A5', 0, 0, '28095', 1, 0, 1, NULL, 0, NULL, 0, 1, 1, 1, 1, 1, 1, 1, 1, 1, 1, 1, 1, 1, 1, 1, 1, 1, 1, 1, 1, 1, 0, 0, 0);

-- --------------------------------------------------------

--
-- Cấu trúc bảng cho bảng `ci_school_group`
--

CREATE TABLE `ci_school_group` (
  `school_group_id` int(10) NOT NULL,
  `admin_id` int(10) UNSIGNED NOT NULL,
  `school_group_name` varchar(255) NOT NULL,
  `school_group_title` varchar(255) NOT NULL,
  `image` varchar(255) DEFAULT NULL,
  `description` text NOT NULL,
  `created_at` datetime NOT NULL COMMENT 'Thời gian bản ghi được tạo ra trong hệ thống',
  `updated_at` datetime DEFAULT NULL COMMENT 'Thời gian cập nhật thông tin bản ghi lần cuối cùng',
  `created_user_id` int(10) UNSIGNED NOT NULL
) ENGINE=InnoDB DEFAULT CHARSET=utf8 COMMENT='Lưu hệ thống trường';

-- --------------------------------------------------------

--
-- Cấu trúc bảng cho bảng `ci_school_photos`
--

CREATE TABLE `ci_school_photos` (
  `photo_id` int(10) UNSIGNED NOT NULL,
  `school_id` int(10) UNSIGNED NOT NULL,
  `album_id` int(10) UNSIGNED NOT NULL DEFAULT 1,
  `source` varchar(255) NOT NULL
) ENGINE=MyISAM DEFAULT CHARSET=utf8 COMMENT='Lưu ảnh của trường (tìm trường quanh đây)';

-- --------------------------------------------------------

--
-- Cấu trúc bảng cho bảng `ci_service`
--

CREATE TABLE `ci_service` (
  `service_id` int(11) NOT NULL,
  `service_name` varchar(254) NOT NULL COMMENT 'Tên dịch vụ',
  `school_id` int(11) NOT NULL,
  `type` tinyint(1) NOT NULL DEFAULT 1 COMMENT 'Phương thức thanh toán chi phí sử dụng dịch vụ.\ntype = 1: phí hàng tháng (ví dụ: xe đưa đón)\ntype = 2: phí hàng ngày (tính theo ngày trẻ đi học).\ntype = 3: theo số lần sử dụng',
  `must_register` tinyint(1) NOT NULL DEFAULT 1 COMMENT 'Dịch vụ có phải đăng ký trước khi sử dụng không?\n1: Có\n0: Không',
  `fee` double NOT NULL COMMENT 'Lệ phí học. Lệ phí phụ thuộc vào hình thức thanh toán (type)\ntype = 1: phí hàng tháng (ví dụ: xe đưa đón)\ntype = 2: phí hàng ngày (tính theo ngày trẻ đi học).\ntype = 3: theo số lần sử dụng',
  `description` varchar(300) DEFAULT NULL COMMENT 'Mô tả lớp học thêm',
  `created_at` datetime NOT NULL COMMENT 'Thời gian bản ghi được tạo ra trong hệ thống',
  `updated_at` datetime DEFAULT NULL COMMENT 'Thời gian cập nhật thông tin bản ghi lần cuối cùng',
  `created_user_id` int(11) NOT NULL COMMENT 'Thời gian bản ghi được tạo ra trong hệ thống',
  `is_food` tinyint(1) NOT NULL DEFAULT 0 COMMENT 'Dịch vụ này có phải là dịch vụ liên quan đến ăn uống hay không, để gửi thông tin tới nhà bếp.\\n= 0: Không phải dịch vụ ăn uống\\n= 1: Là dịch vụ ăn uống',
  `status` tinyint(1) NOT NULL DEFAULT 1 COMMENT 'Trạng thái dịch vụ, còn áp dụng hay không:\\n= 1: còn áp dụng\\n= 0: không còn áp dụng',
  `parent_display` tinyint(1) DEFAULT 1 COMMENT 'Có cho hiển thị bên phía phụ huynh không'
) ENGINE=InnoDB DEFAULT CHARSET=utf8 COMMENT='Lưu thông tin dịch vụ tùy chọn của trường. Ví dụ: xe đưa đón';

--
-- Đang đổ dữ liệu cho bảng `ci_service`
--

INSERT INTO `ci_service` (`service_id`, `service_name`, `school_id`, `type`, `must_register`, `fee`, `description`, `created_at`, `updated_at`, `created_user_id`, `is_food`, `status`, `parent_display`) VALUES
(1143, 'Xe đưa đ&oacute;n tận nơi', 684, 1, 1, 500000, 'M&ocirc; tả :)))', '2021-03-31 09:26:18', NULL, 28075, 1, 1, 0);

-- --------------------------------------------------------

--
-- Cấu trúc bảng cho bảng `ci_service_child`
--

CREATE TABLE `ci_service_child` (
  `service_child_id` int(10) NOT NULL,
  `service_id` int(10) UNSIGNED NOT NULL COMMENT 'ID lớp',
  `child_id` int(10) UNSIGNED NOT NULL COMMENT 'ID trẻ',
  `begin` datetime DEFAULT NULL COMMENT 'Ngày bé bắt đầu sử dụng dịch vụ',
  `end` datetime DEFAULT NULL COMMENT 'Ngày cuối sử dụng dịch vụ',
  `old_begin` datetime DEFAULT NULL COMMENT 'Lưu ngày bắt đầu đăng ký của lần trước',
  `old_end` datetime DEFAULT NULL COMMENT 'Lưu ngày hủy dịch vụ lần trước (dịch vụ có thể đăng ký/hủy nhiều lần)',
  `status` tinyint(1) NOT NULL DEFAULT 0 COMMENT 'Trạng thái học sinh sử dụng dịch vụ. Nếu trạng thái là ACTIVE thì mới thực sự đang sử dụng\n- status = 0: Inactive\n- status = 1: Active\nKhi cha mẹ đăng ký cho con sử dụng dịch vụ thì trạng thái là Inactive. Cô giáo của lớp sẽ accept y/c, lúc đó trạng thái mới chuyển sang Active.',
  `approved_user_id` int(10) UNSIGNED DEFAULT NULL COMMENT 'ID của cô giáo/user, người approve trẻ sử dụng dịch vụ',
  `description` varchar(300) DEFAULT NULL COMMENT 'Mô tả',
  `created_at` datetime NOT NULL COMMENT 'Thời gian bản ghi được tạo ra trong hệ thống',
  `updated_at` datetime DEFAULT NULL COMMENT 'Thời gian cập nhật thông tin bản ghi lần cuối cùng',
  `created_user_id` int(10) NOT NULL COMMENT 'Thời gian bản ghi được tạo ra trong hệ thống'
) ENGINE=InnoDB DEFAULT CHARSET=utf8 COMMENT='Quản lý danh sách học sinh đăng ký sử dụng dịch vụ';

--
-- Đang đổ dữ liệu cho bảng `ci_service_child`
--

INSERT INTO `ci_service_child` (`service_child_id`, `service_id`, `child_id`, `begin`, `end`, `old_begin`, `old_end`, `status`, `approved_user_id`, `description`, `created_at`, `updated_at`, `created_user_id`) VALUES
(9286, 1143, 25894, '2021-03-31 10:35:13', NULL, '2021-03-31 10:35:13', NULL, 1, NULL, NULL, '2021-03-31 10:35:13', NULL, 28075),
(9287, 1143, 25897, '2021-03-31 10:35:13', NULL, '2021-03-31 10:35:13', NULL, 1, NULL, NULL, '2021-03-31 10:35:13', NULL, 28075),
(9288, 1143, 25900, '2021-03-31 10:35:13', NULL, '2021-03-31 10:35:13', NULL, 1, NULL, NULL, '2021-03-31 10:35:13', NULL, 28075),
(9289, 1143, 25904, '2021-03-31 10:35:13', NULL, '2021-03-31 10:35:13', NULL, 1, NULL, NULL, '2021-03-31 10:35:13', NULL, 28075);

-- --------------------------------------------------------

--
-- Cấu trúc bảng cho bảng `ci_service_deduction`
--

CREATE TABLE `ci_service_deduction` (
  `service_id` int(10) NOT NULL,
  `child_id` int(10) NOT NULL,
  `deduction_date` date NOT NULL,
  `recorded_user_id` int(10) NOT NULL,
  `recorded_at` datetime NOT NULL
) ENGINE=InnoDB DEFAULT CHARSET=utf8 COMMENT='Lưu thông tin giảm trừ dịch vụ của trẻ đăng ký dịch vụ theo Tháng và Điểm danh';

-- --------------------------------------------------------

--
-- Cấu trúc bảng cho bảng `ci_service_usage`
--

CREATE TABLE `ci_service_usage` (
  `service_usage_id` int(10) UNSIGNED NOT NULL,
  `service_id` int(10) UNSIGNED NOT NULL,
  `child_id` int(10) UNSIGNED NOT NULL,
  `using_at` datetime NOT NULL COMMENT 'Thời gian sử dụng dịch vụ.',
  `recorded_user_id` int(10) NOT NULL COMMENT 'ID người tạo bản ghi',
  `recorded_at` datetime NOT NULL COMMENT 'Thời gian lưu vào hệ thống.'
) ENGINE=InnoDB DEFAULT CHARSET=utf8 COMMENT='Bảng lưu số lần sử dụng dịch vụ của trường. Chỉ áp dụng với trường hợp dịch vụ tính phí theo số lần sử dụng.';

-- --------------------------------------------------------

--
-- Cấu trúc bảng cho bảng `ci_subject`
--

CREATE TABLE `ci_subject` (
  `subject_id` int(10) NOT NULL,
  `subject_name` varchar(20) NOT NULL COMMENT 'Tên môn học',
  `re_exam` tinyint(4) NOT NULL COMMENT 'Có thi lại hay không'
) ENGINE=InnoDB DEFAULT CHARSET=utf8 COMMENT='Bảng môn học';

--
-- Đang đổ dữ liệu cho bảng `ci_subject`
--

INSERT INTO `ci_subject` (`subject_id`, `subject_name`, `re_exam`) VALUES
(0, 'To&aacute;n', 1),
(1, 'L&yacute;', 0),
(2, 'H&oacute;a', 0),
(3, 'Tiếng việt', 0),
(4, 'Sinh', 0),
(5, 'Địa', 0),
(6, 'Thể dục', 0),
(7, 'Tin', 0),
(8, 'GDCD', 0),
(9, 'Quốc ph&ograve;ng', 0),
(10, 'Kmer', 1);

-- --------------------------------------------------------

--
-- Cấu trúc bảng cho bảng `ci_teacher`
--

CREATE TABLE `ci_teacher` (
  `user_id` int(10) UNSIGNED NOT NULL,
  `school_id` int(10) UNSIGNED NOT NULL,
  `status` tinyint(1) UNSIGNED NOT NULL DEFAULT 1
) ENGINE=InnoDB DEFAULT CHARSET=utf8 COMMENT='Quản lý danh sách giáo viên của trường';

--
-- Đang đổ dữ liệu cho bảng `ci_teacher`
--

INSERT INTO `ci_teacher` (`user_id`, `school_id`, `status`) VALUES
(28074, 684, 1),
(28075, 684, 1),
(28075, 685, 1),
(28075, 686, 1),
(28076, 684, 1),
(28076, 687, 1),
(28076, 688, 1),
(28077, 684, 1),
(28077, 688, 1),
(28078, 684, 1),
(28078, 688, 1),
(28079, 684, 1),
(28079, 688, 1),
(28080, 684, 1),
(28080, 688, 1),
(28081, 684, 1),
(28081, 688, 1),
(28094, 689, 1),
(28095, 690, 1);

-- --------------------------------------------------------

--
-- Cấu trúc bảng cho bảng `ci_tuition`
--

CREATE TABLE `ci_tuition` (
  `tuition_id` int(10) NOT NULL,
  `tuition_name` varchar(100) DEFAULT NULL COMMENT 'Tên khoản học phí (vd: học phí tháng 08/2016',
  `school_id` int(10) UNSIGNED NOT NULL COMMENT 'ID trường. Cho vào query cho tiện',
  `class_id` int(10) UNSIGNED NOT NULL COMMENT 'ID class',
  `type` tinyint(1) UNSIGNED NOT NULL DEFAULT 0 COMMENT 'Phí thu hàng tháng hay là thu 1 lần\n= 0: hàng tháng\n= 1: một lần',
  `paid_count` int(10) UNSIGNED NOT NULL DEFAULT 0 COMMENT 'Số lượng trẻ đã trả học phí',
  `total_amount` double UNSIGNED NOT NULL DEFAULT 0 COMMENT 'Số tiền cần thu',
  `total_deduction` double UNSIGNED NOT NULL DEFAULT 0 COMMENT 'Số tiền giảm trừ',
  `paid_amount` double UNSIGNED NOT NULL DEFAULT 0,
  `month` date DEFAULT NULL COMMENT 'Tháng, mà học phí cho tháng đó. Nó sẽ có dạng MM/YYYY',
  `day_of_month` tinyint(2) UNSIGNED DEFAULT NULL COMMENT 'Số ngày học trong một tháng của trường',
  `status` tinyint(1) UNSIGNED NOT NULL DEFAULT 0 COMMENT 'Trạng thái khoản thu.\n= 0: Chưa thu đủ\n= 1: Đã thu đủ',
  `description` varchar(300) DEFAULT NULL COMMENT 'Mô tả chi tiết',
  `is_notified` tinyint(1) UNSIGNED NOT NULL DEFAULT 0 COMMENT 'Thông báo cho phụ huynh chưa?',
  `created_at` datetime NOT NULL COMMENT 'Thời gian bản ghi được tạo ra trong hệ thống',
  `updated_at` datetime DEFAULT NULL COMMENT 'Thời gian cập nhật thông tin bản ghi lần cuối cùng',
  `created_user_id` int(10) UNSIGNED NOT NULL,
  `views_count` int(10) NOT NULL DEFAULT 0 COMMENT 'Lưu số lượt xem học phí'
) ENGINE=InnoDB DEFAULT CHARSET=utf8 COMMENT='Lưu các khoản thu học phí của trường';

--
-- Đang đổ dữ liệu cho bảng `ci_tuition`
--

INSERT INTO `ci_tuition` (`tuition_id`, `tuition_name`, `school_id`, `class_id`, `type`, `paid_count`, `total_amount`, `total_deduction`, `paid_amount`, `month`, `day_of_month`, `status`, `description`, `is_notified`, `created_at`, `updated_at`, `created_user_id`, `views_count`) VALUES
(4846, NULL, 684, 10830, 0, 1, 3100000, 0, 700000, '2021-03-01', 26, 0, '', 1, '2021-03-31 10:37:11', NULL, 28075, 0);

-- --------------------------------------------------------

--
-- Cấu trúc bảng cho bảng `ci_tuition_4leave`
--

CREATE TABLE `ci_tuition_4leave` (
  `tuition_4leave_id` int(10) NOT NULL,
  `school_id` int(10) UNSIGNED NOT NULL,
  `child_id` int(10) UNSIGNED NOT NULL COMMENT 'ID của trẻ',
  `final_amount` double NOT NULL DEFAULT 0 COMMENT 'Giá trị quyết toán cuối cùng (nếu âm=>nhà trường trả lại tiền).',
  `debt_amount` double DEFAULT 0 COMMENT 'Tổng nợ tháng trước',
  `total_deduction` double DEFAULT 0 COMMENT 'Tổng giảm trừ tháng trước',
  `paid_amount` double UNSIGNED NOT NULL DEFAULT 0 COMMENT 'Tổng học phí đã nộp đầu kỳ',
  `attendance_count` int(2) DEFAULT 0,
  `cashier_id` int(10) UNSIGNED DEFAULT NULL COMMENT 'ID người thu tiền (người xác nhận thu tiền)',
  `updated_at` datetime DEFAULT NULL
) ENGINE=InnoDB DEFAULT CHARSET=utf8 COMMENT='Lưu quyết toán học phí cho trẻ nghỉ học';

-- --------------------------------------------------------

--
-- Cấu trúc bảng cho bảng `ci_tuition_4leave_detail`
--

CREATE TABLE `ci_tuition_4leave_detail` (
  `tuition_4leave_id` int(10) UNSIGNED NOT NULL COMMENT 'Tên loại phí',
  `fee_id` int(10) UNSIGNED NOT NULL DEFAULT 0 COMMENT 'ID của loại phí. Trường này chỉ sử dụng khi TYPE = 0',
  `type` tinyint(1) NOT NULL DEFAULT 0 COMMENT 'Loại phí:\n0 - Loại phí bình thường\n1 - Phí sử dụng dịch vụ',
  `service_id` int(10) NOT NULL DEFAULT 0 COMMENT 'ID của dịch vụ được sử dụng. Trường hợp này chỉ áp dụng khi TYPE = 1',
  `service_type` tinyint(1) DEFAULT 0 COMMENT 'Nếu là service thì lưu service_type để về sau hiển thị',
  `quantity` int(10) UNSIGNED NOT NULL DEFAULT 1 COMMENT 'Số lượng',
  `unit_price` double NOT NULL COMMENT 'Đơn giá này được lấy từ bảng FEE, có thể sửa đổi (vì cần sự linh hoạt)'
) ENGINE=InnoDB DEFAULT CHARSET=utf8 COMMENT='Lưu các loại phí/phí dịch vụ chi tiết mà trẻ phải đóng trước khi nghỉ';

-- --------------------------------------------------------

--
-- Cấu trúc bảng cho bảng `ci_tuition_child`
--

CREATE TABLE `ci_tuition_child` (
  `tuition_child_id` int(10) NOT NULL,
  `tuition_id` int(10) UNSIGNED NOT NULL,
  `child_id` int(10) UNSIGNED NOT NULL COMMENT 'ID của trẻ',
  `total_amount` double NOT NULL DEFAULT 0 COMMENT 'Số tiền cần thu, là tổng của các khoản phải thu trong bảng tuition_detail',
  `paid_amount` double DEFAULT 0 COMMENT 'Lưu số tiền phụ huynh đã thanh toán (có thể thanh toán thiếu hoặc thừa tiền lẻ)',
  `total_deduction` double UNSIGNED NOT NULL DEFAULT 0 COMMENT 'Số tiền giảm trừ, là tổng của các khoản giảm trừ trong bảng tuition_detail',
  `pre_month` date DEFAULT NULL COMMENT 'Thông tin tháng trước. Tháng tính giảm trừ cho tháng hiện tại',
  `status` tinyint(1) UNSIGNED NOT NULL DEFAULT 0 COMMENT 'Trạng thái khoản thu.\n = 0: chưa nộp\n = 1: phụ huynh đã nộp tiền\n =2: nhà trường xác nhận đã nộp',
  `paid_at` datetime DEFAULT NULL COMMENT 'Thời gian cập nhật thông tin bản ghi lần cuối cùng',
  `payer_id` int(10) UNSIGNED DEFAULT NULL COMMENT 'ID của người nộp tiền',
  `cashier_id` int(10) UNSIGNED DEFAULT NULL COMMENT 'ID người thu tiền (người xác nhận thu tiền)',
  `debt_amount` double NOT NULL DEFAULT 0 COMMENT 'Lưu khoản nợ tháng trước. Nếu:\\n> 0: Phụ huynh nợ trường.\\n< 0: Phụ huynh đóng thừa (trường nợ).',
  `description` varchar(300) DEFAULT NULL,
  `last_notified_at` datetime DEFAULT NULL,
  `views_count` int(10) UNSIGNED NOT NULL DEFAULT 0 COMMENT 'Số lượt xem học phí'
) ENGINE=InnoDB DEFAULT CHARSET=utf8 COMMENT='Lưu các khoản thu của trường';

--
-- Đang đổ dữ liệu cho bảng `ci_tuition_child`
--

INSERT INTO `ci_tuition_child` (`tuition_child_id`, `tuition_id`, `child_id`, `total_amount`, `paid_amount`, `total_deduction`, `pre_month`, `status`, `paid_at`, `payer_id`, `cashier_id`, `debt_amount`, `description`, `last_notified_at`, `views_count`) VALUES
(89594, 4846, 25894, 700000, 700000, 0, '2021-02-01', 2, '2021-03-31 10:50:39', NULL, 28075, 0, '', '2021-03-31 10:37:18', 0),
(89595, 4846, 25895, 200000, 0, 0, '2021-02-01', 0, NULL, NULL, NULL, 0, '', '2021-03-31 10:37:18', 0),
(89596, 4846, 25896, 200000, 0, 0, '2021-02-01', 0, NULL, NULL, NULL, 0, '', '2021-03-31 10:37:18', 0),
(89597, 4846, 25897, 700000, 0, 0, '2021-02-01', 0, NULL, NULL, NULL, 0, '', '2021-03-31 10:37:18', 0),
(89598, 4846, 25898, 200000, 0, 0, '2021-02-01', 0, NULL, NULL, NULL, 0, '', '2021-03-31 10:37:18', 0),
(89599, 4846, 25899, 200000, 0, 0, '2021-02-01', 0, NULL, NULL, NULL, 0, '', '2021-03-31 10:37:18', 0),
(89600, 4846, 25900, 700000, 0, 0, '2021-02-01', 0, NULL, NULL, NULL, 0, '', '2021-03-31 10:37:18', 0),
(89601, 4846, 25901, 200000, 0, 0, '2021-02-01', 0, NULL, NULL, NULL, 0, '', '2021-03-31 10:37:18', 0);

-- --------------------------------------------------------

--
-- Cấu trúc bảng cho bảng `ci_tuition_detail`
--

CREATE TABLE `ci_tuition_detail` (
  `tuition_child_id` int(10) UNSIGNED NOT NULL COMMENT 'Tên loại phí',
  `fee_id` int(10) UNSIGNED NOT NULL DEFAULT 0 COMMENT 'ID của loại phí. Trường này chỉ sử dụng khi TYPE = 0',
  `type` tinyint(1) NOT NULL DEFAULT 0 COMMENT 'Loại phí:\n0 - Loại phí bình thường\n1 - Phí sử dụng dịch vụ',
  `service_id` int(10) NOT NULL DEFAULT 0 COMMENT 'ID của dịch vụ được sử dụng. Trường hợp này chỉ áp dụng khi TYPE = 1',
  `service_type` tinyint(1) DEFAULT 0 COMMENT 'Nếu là service thì lưu service_type để về sau hiển thị',
  `quantity` int(10) NOT NULL DEFAULT 1 COMMENT 'Số lượng',
  `quantity_deduction` int(10) NOT NULL DEFAULT 0 COMMENT 'Số lượng giảm trừ',
  `unit_price` double NOT NULL COMMENT 'Đơn giá này được lấy từ bảng FEE, có thể sửa đổi (vì cần sự linh hoạt)',
  `unit_price_deduction` double NOT NULL DEFAULT 0 COMMENT 'Đơn giá giảm trừ'
) ENGINE=InnoDB DEFAULT CHARSET=utf8 COMMENT='Lưu các loại phí/phí dịch vụ mà trẻ phải đóng trong một lần nộp học phí.';

--
-- Đang đổ dữ liệu cho bảng `ci_tuition_detail`
--

INSERT INTO `ci_tuition_detail` (`tuition_child_id`, `fee_id`, `type`, `service_id`, `service_type`, `quantity`, `quantity_deduction`, `unit_price`, `unit_price_deduction`) VALUES
(89594, 0, 1, 1143, 1, 1, 1, 500000, 0),
(89594, 1915, 0, 0, 0, 1, 1, 200000, 0),
(89595, 1915, 0, 0, 0, 1, 1, 200000, 0),
(89596, 1915, 0, 0, 0, 1, 1, 200000, 0),
(89597, 0, 1, 1143, 1, 1, 1, 500000, 0),
(89597, 1915, 0, 0, 0, 1, 1, 200000, 0),
(89598, 1915, 0, 0, 0, 1, 1, 200000, 0),
(89599, 1915, 0, 0, 0, 1, 1, 200000, 0),
(89600, 0, 1, 1143, 1, 1, 1, 500000, 0),
(89600, 1915, 0, 0, 0, 1, 1, 200000, 0),
(89601, 1915, 0, 0, 0, 1, 1, 200000, 0);

-- --------------------------------------------------------

--
-- Cấu trúc bảng cho bảng `ci_users_online`
--

CREATE TABLE `ci_users_online` (
  `user_id` int(10) UNSIGNED NOT NULL,
  `date` date NOT NULL
) ENGINE=InnoDB DEFAULT CHARSET=utf8 COMMENT='Lưu danh sách user onlie của hệ thống';

-- --------------------------------------------------------

--
-- Cấu trúc bảng cho bảng `ci_user_birthday`
--

CREATE TABLE `ci_user_birthday` (
  `user_birthday_id` int(10) UNSIGNED NOT NULL,
  `user_id` int(10) UNSIGNED NOT NULL,
  `name` varchar(64) NOT NULL,
  `fullname` varchar(255) NOT NULL,
  `gender` enum('male','female') NOT NULL,
  `birthday` date NOT NULL,
  `phone` varchar(20) NOT NULL,
  `email` varchar(255) NOT NULL,
  `type` tinyint(1) NOT NULL
) ENGINE=InnoDB DEFAULT CHARSET=utf8 COMMENT='Lưu thông tin sinh nhật của trường';

-- --------------------------------------------------------

--
-- Cấu trúc bảng cho bảng `ci_user_manage`
--

CREATE TABLE `ci_user_manage` (
  `user_manage_id` int(10) UNSIGNED NOT NULL,
  `user_id` int(10) UNSIGNED NOT NULL COMMENT 'ID của user quản lý',
  `object_id` int(10) UNSIGNED NOT NULL COMMENT 'ID của đối tượng quản lý. Đối tượng là gì thì xem ở trường TYPE có giá trị bao nhiêu.\ntype = 1: - ID trẻ\ntype = 2: - ID trường\ntype = 3: - ID khối\ntype = 4: - ID lớp',
  `object_type` tinyint(1) UNSIGNED NOT NULL DEFAULT 1 COMMENT 'Chỉ ra loại đối tượng mà user quản lý type= 0:- trẻ tự quản lí bản thân type = 1: - Cha mẹ quản lý trẻ type = 2: - Quản trị trường quản lý thông tin trườngtype = 3: - Cô giáo quản lý lớp',
  `status` tinyint(1) UNSIGNED NOT NULL DEFAULT 0 COMMENT 'Trạng thái quản lý của user với đối tượng. Chỉ khi nào trạng thái là ACTIVE thì user mới được quản lý thực sự.\n- status = 0: Inactive\n- status = 1: Active',
  `role_id` int(10) UNSIGNED DEFAULT 1 COMMENT 'Lưu quyền của người quản lý\n1: có tất cả các quyền\n2: có các quyền quản lý nhưng không được xóa/sửa thông tin\n3: chỉ có thể xem',
  `description` varchar(300) DEFAULT NULL COMMENT 'Mô tả việc quản lý đối tượng'
) ENGINE=InnoDB DEFAULT CHARSET=utf8 COMMENT='Bảng này chỉ ra user quản lý gì trong hệ thống.';

--
-- Đang đổ dữ liệu cho bảng `ci_user_manage`
--

INSERT INTO `ci_user_manage` (`user_manage_id`, `user_id`, `object_id`, `object_type`, `status`, `role_id`, `description`) VALUES
(27847, 28075, 684, 2, 1, 3, ''),
(27848, 28075, 685, 2, 1, 3, ''),
(27849, 28075, 686, 2, 1, 3, ''),
(27850, 28076, 10830, 3, 1, 2, NULL),
(27851, 28077, 10830, 3, 1, 2, NULL),
(27852, 28078, 10830, 3, 1, 2, NULL),
(27853, 28082, 25894, 1, 1, 3, NULL),
(27854, 28083, 25895, 1, 1, 3, NULL),
(27855, 28084, 25896, 1, 1, 3, NULL),
(27856, 28085, 25897, 1, 1, 3, NULL),
(27857, 28086, 25898, 1, 1, 3, NULL),
(27858, 28087, 25899, 1, 1, 3, NULL),
(27859, 28088, 25900, 1, 1, 3, NULL),
(27860, 28089, 25901, 1, 1, 3, NULL),
(27861, 28079, 10831, 3, 1, 2, NULL),
(27862, 28080, 10831, 3, 1, 2, NULL),
(27863, 28081, 10831, 3, 1, 2, NULL),
(27864, 28090, 25902, 1, 1, 3, NULL),
(27865, 28091, 25903, 1, 1, 3, NULL),
(27866, 28092, 25904, 1, 1, 3, NULL),
(27867, 28093, 25905, 1, 1, 3, NULL),
(27868, 28077, 10832, 3, 1, 2, NULL),
(27869, 28076, 687, 2, 1, 3, ''),
(27870, 28076, 688, 2, 1, 3, ''),
(27871, 28077, 10833, 3, 1, 2, NULL),
(27872, 28078, 10834, 3, 1, 2, NULL),
(27873, 28079, 10835, 3, 1, 2, NULL),
(27874, 28079, 10836, 3, 1, 2, NULL),
(27875, 28080, 10836, 3, 1, 2, NULL),
(27876, 28080, 10837, 3, 1, 2, NULL),
(27877, 28081, 10837, 3, 1, 2, NULL),
(27878, 28080, 10838, 3, 1, 2, NULL),
(27879, 28081, 10838, 3, 1, 2, NULL),
(27880, 28077, 10839, 3, 1, 2, NULL),
(27881, 28094, 689, 2, 1, 3, ''),
(27882, 28095, 690, 2, 1, 3, ''),
(27883, 28096, 25918, 1, 1, 3, NULL),
(27884, 28076, 10833, 3, 1, 2, NULL),
(27977, 28076, 25918, 1, 1, 1, 'co giao Thinh quan ly hoc sinh A'),
(27978, 28097, 25919, 1, 1, 3, NULL),
(27979, 28076, 25920, 1, 1, 3, NULL),
(27980, 28098, 25923, 1, 1, 3, NULL),
(27981, 28100, 25944, 1, 1, 3, NULL),
(27982, 28102, 25945, 1, 1, 3, NULL),
(27983, 28104, 25946, 1, 1, 3, NULL),
(27984, 28101, 25945, 0, 1, 1, NULL);

-- --------------------------------------------------------

--
-- Cấu trúc bảng cho bảng `ci_user_review`
--

CREATE TABLE `ci_user_review` (
  `user_review_id` int(10) UNSIGNED NOT NULL,
  `user_id` int(10) UNSIGNED NOT NULL COMMENT 'ID người đánh giá',
  `time` date NOT NULL COMMENT 'Thời gian (tháng)',
  `type` enum('school','teacher') NOT NULL COMMENT 'Đối tượng đanh giá ( Trường, giáo viên)',
  `school_id` int(10) UNSIGNED NOT NULL COMMENT 'ID của trường',
  `class_id` int(10) UNSIGNED NOT NULL DEFAULT 0 COMMENT 'ID của lớp',
  `teacher_id` int(10) UNSIGNED NOT NULL DEFAULT 0 COMMENT 'ID của giáo viên',
  `post_id` int(10) UNSIGNED DEFAULT 0 COMMENT 'ID bài post',
  `rating` int(1) UNSIGNED NOT NULL COMMENT 'Điểm đánh giá',
  `comment` text DEFAULT NULL COMMENT 'Nhận xét',
  `created_at` datetime NOT NULL COMMENT 'Thời gian tạo',
  `updated_at` datetime DEFAULT NULL COMMENT 'Thời gian update'
) ENGINE=InnoDB DEFAULT CHARSET=utf8 COMMENT='Bảng lưu đánh giá chi tiết';

--
-- Đang đổ dữ liệu cho bảng `ci_user_review`
--

INSERT INTO `ci_user_review` (`user_review_id`, `user_id`, `time`, `type`, `school_id`, `class_id`, `teacher_id`, `post_id`, `rating`, `comment`, `created_at`, `updated_at`) VALUES
(43539, 28102, '2021-04-01', 'school', 688, 0, 0, 0, 5, '', '2021-04-26 13:54:47', NULL),
(43540, 28102, '2021-04-01', 'teacher', 688, 10833, 28077, 0, 5, '', '2021-04-26 13:54:49', NULL),
(43541, 28102, '2021-04-01', 'teacher', 688, 10833, 28076, 0, 5, '', '2021-04-26 13:54:49', NULL);

-- --------------------------------------------------------

--
-- Cấu trúc bảng cho bảng `ci_user_role`
--

CREATE TABLE `ci_user_role` (
  `user_id` int(10) UNSIGNED NOT NULL,
  `role_id` int(10) UNSIGNED NOT NULL,
  `school_id` int(10) NOT NULL COMMENT 'ID trường. Để xử lý nhiều trường đơn giản hơn.'
) ENGINE=InnoDB DEFAULT CHARSET=utf8 COMMENT='Lưu danh sách vai trò của một user đối với trường.';

--
-- Đang đổ dữ liệu cho bảng `ci_user_role`
--

INSERT INTO `ci_user_role` (`user_id`, `role_id`, `school_id`) VALUES
(28077, 629, 684),
(28080, 630, 684);

-- --------------------------------------------------------

--
-- Cấu trúc bảng cho bảng `ci_views_count`
--

CREATE TABLE `ci_views_count` (
  `school_id` int(10) UNSIGNED NOT NULL DEFAULT 0 COMMENT 'ID của trường',
  `view_type` varchar(32) NOT NULL COMMENT 'Mục tương tác (trang trương, bài viết, lịch học, học phi, sll,..)',
  `created_in_thirty_days` int(10) UNSIGNED NOT NULL DEFAULT 0 COMMENT 'Đã tạo trong 30 ngày gần nhất',
  `views_in_thirty_days` int(10) UNSIGNED NOT NULL DEFAULT 0 COMMENT 'Số lượt view 30 ngày gần nhất'
) ENGINE=InnoDB DEFAULT CHARSET=utf8 COMMENT='Bảng lưu thông tin lượt xem của trường';

-- --------------------------------------------------------

--
-- Cấu trúc bảng cho bảng `ci_views_count_detail`
--

CREATE TABLE `ci_views_count_detail` (
  `view_type` varchar(32) NOT NULL COMMENT 'Mục tương tác (trang trương, bài viết, lịch học, học phi, sll,..)',
  `date` date NOT NULL COMMENT 'Ngày lưu lượt xem',
  `object_id` int(10) UNSIGNED NOT NULL DEFAULT 0 COMMENT 'ID của đối tượng cần lưu thông tin tương tác',
  `school_id` int(10) UNSIGNED DEFAULT 0 COMMENT 'ID của trường',
  `views_count_in_date` int(10) UNSIGNED NOT NULL DEFAULT 0 COMMENT 'Số lượt view trong ngày',
  `is_add_new` tinyint(1) UNSIGNED NOT NULL DEFAULT 0 COMMENT 'Là bài viết được thêm mới hay không?'
) ENGINE=InnoDB DEFAULT CHARSET=utf8 COMMENT='Bảng lưu thông tin lượt xem';

-- --------------------------------------------------------

--
-- Cấu trúc bảng cho bảng `contacts`
--

CREATE TABLE `contacts` (
  `id_contact` int(11) NOT NULL,
  `name_contact` varchar(250) NOT NULL,
  `email_contact` varchar(250) NOT NULL,
  `phone_contact` varchar(50) NOT NULL,
  `select_school` tinyint(1) NOT NULL,
  `content_contact` text NOT NULL,
  `ip_contact` varchar(250) NOT NULL
) ENGINE=MyISAM DEFAULT CHARSET=utf8 COMMENT='Lưu thông tin liên hệ';

-- --------------------------------------------------------

--
-- Cấu trúc bảng cho bảng `conversations`
--

CREATE TABLE `conversations` (
  `conversation_id` int(10) UNSIGNED NOT NULL,
  `last_message_id` int(10) UNSIGNED NOT NULL
) ENGINE=MyISAM DEFAULT CHARSET=utf8 ROW_FORMAT=DYNAMIC;

-- --------------------------------------------------------

--
-- Cấu trúc bảng cho bảng `conversations_messages`
--

CREATE TABLE `conversations_messages` (
  `message_id` int(10) UNSIGNED NOT NULL,
  `conversation_id` int(10) UNSIGNED NOT NULL,
  `user_id` int(10) UNSIGNED NOT NULL,
  `message` longtext NOT NULL,
  `image` varchar(255) NOT NULL,
  `time` datetime NOT NULL
) ENGINE=MyISAM DEFAULT CHARSET=utf8 ROW_FORMAT=DYNAMIC;

-- --------------------------------------------------------

--
-- Cấu trúc bảng cho bảng `conversations_users`
--

CREATE TABLE `conversations_users` (
  `conversation_id` int(10) UNSIGNED NOT NULL,
  `user_id` int(10) UNSIGNED NOT NULL,
  `seen` enum('0','1') NOT NULL DEFAULT '0',
  `deleted` enum('0','1') NOT NULL DEFAULT '0'
) ENGINE=MyISAM DEFAULT CHARSET=utf8 ROW_FORMAT=FIXED;

-- --------------------------------------------------------

--
-- Cấu trúc bảng cho bảng `custom_fields`
--

CREATE TABLE `custom_fields` (
  `field_id` int(10) UNSIGNED NOT NULL,
  `field_for` enum('user','page','group','event') NOT NULL DEFAULT 'user',
  `type` varchar(32) NOT NULL,
  `select_options` text NOT NULL,
  `label` varchar(255) NOT NULL,
  `description` text NOT NULL,
  `place` varchar(32) NOT NULL,
  `length` int(10) NOT NULL DEFAULT 32,
  `field_order` int(10) NOT NULL DEFAULT 1,
  `mandatory` enum('0','1') NOT NULL DEFAULT '0',
  `in_registration` enum('0','1') NOT NULL DEFAULT '0',
  `in_profile` enum('0','1') NOT NULL DEFAULT '0'
) ENGINE=MyISAM DEFAULT CHARSET=utf8 ROW_FORMAT=DYNAMIC;

-- --------------------------------------------------------

--
-- Cấu trúc bảng cho bảng `custom_fields_values`
--

CREATE TABLE `custom_fields_values` (
  `value_id` int(10) UNSIGNED NOT NULL,
  `value` text NOT NULL,
  `field_id` int(10) UNSIGNED NOT NULL,
  `node_id` int(10) UNSIGNED NOT NULL,
  `node_type` enum('user','page','group','event') NOT NULL
) ENGINE=MyISAM DEFAULT CHARSET=utf8 ROW_FORMAT=FIXED;

-- --------------------------------------------------------

--
-- Cấu trúc bảng cho bảng `emojis`
--

CREATE TABLE `emojis` (
  `emoji_id` int(10) UNSIGNED NOT NULL,
  `pattern` varchar(255) NOT NULL,
  `class` varchar(255) NOT NULL
) ENGINE=MyISAM DEFAULT CHARSET=utf8 ROW_FORMAT=DYNAMIC;

--
-- Đang đổ dữ liệu cho bảng `emojis`
--

INSERT INTO `emojis` (`emoji_id`, `pattern`, `class`) VALUES
(1, ':)', 'smile'),
(2, '(&lt;', 'joy'),
(3, ':D', 'smiley'),
(4, ':(', 'worried'),
(5, ':relaxed:', 'relaxed'),
(6, ':P', 'stuck-out-tongue'),
(7, ':O', 'open-mouth'),
(8, ':/', 'confused'),
(9, ';)', 'wink'),
(10, ';(', 'sob'),
(11, 'B|', 'sunglasses'),
(12, ':disappointed:', 'disappointed'),
(13, ':yum:', 'yum'),
(14, '^_^', 'grin'),
(15, ':no_mouth:', 'no-mouth'),
(16, '*_*', 'heart-eyes'),
(17, '*)', 'kissing-heart'),
(18, 'O:)', 'innocent'),
(19, ':angry:', 'angry'),
(20, ':rage:', 'rage'),
(21, ':smirk:', 'smirk'),
(22, ':flushed:', 'flushed'),
(23, ':satisfied:', 'satisfied'),
(24, ':relieved:', 'relieved'),
(25, ':sleeping:', 'sleeping'),
(26, ':stuck_out_tongue:', 'stuck-out-tongue'),
(27, ':stuck_out_tongue_closed_eyes:', 'stuck-out-tongue-closed-eyes'),
(28, ':frowning:', 'frowning'),
(29, ':anguished:', 'anguished'),
(30, ':open_mouth:', 'open-mouth'),
(31, ':grimacing:', 'grimacing'),
(32, ':hushed:', 'hushed'),
(33, ':expressionless:', 'expressionless'),
(34, ':unamused:', 'unamused'),
(35, ':sweat_smile:', 'sweat-smile'),
(36, ':sweat:', 'sweat'),
(37, ':confounded:', 'confounded'),
(38, ':weary:', 'weary'),
(39, ':pensive:', 'pensive'),
(40, ':fearful:', 'fearful'),
(41, ':cold_sweat:', 'cold-sweat'),
(42, ':persevere:', 'persevere'),
(43, ':cry:', 'cry'),
(44, ':astonished:', 'astonished'),
(45, ':scream:', 'scream'),
(46, ':mask:', 'mask'),
(47, ':tired_face:', 'tired-face'),
(48, ':triumph:', 'triumph'),
(49, ':dizzy_face:', 'dizzy-face'),
(50, ':imp:', 'imp'),
(51, ':smiling_imp:', 'smiling-imp'),
(52, ':neutral_face:', 'neutral-face'),
(53, ':alien:', 'alien'),
(54, ':yellow_heart:', 'yellow-heart'),
(55, ':blue_heart:', 'blue-heart'),
(56, ':blue_heart:', 'blue-heart'),
(57, ':heart:', 'heart'),
(58, ':green_heart:', 'green-heart'),
(59, ':broken_heart:', 'broken-heart'),
(60, ':heartbeat:', 'heartbeat'),
(61, ':heartpulse:', 'heartpulse'),
(62, ':two_hearts:', 'two-hearts'),
(63, ':revolving_hearts:', 'revolving-hearts'),
(64, ':cupid:', 'cupid'),
(65, ':sparkling_heart:', 'sparkling-heart'),
(66, ':sparkles:', 'sparkles'),
(67, ':star:', 'star'),
(68, ':star2:', 'star2'),
(69, ':dizzy:', 'dizzy'),
(70, ':boom:', 'boom'),
(71, ':exclamation:', 'exclamation'),
(72, ':anger:', 'anger'),
(73, ':question:', 'question'),
(74, ':grey_exclamation:', 'grey-exclamation'),
(75, ':grey_question:', 'grey-question'),
(76, ':zzz:', 'zzz'),
(77, ':dash:', 'dash'),
(78, ':sweat_drops:', 'sweat-drops'),
(79, ':notes:', 'notes'),
(80, ':musical_note:', 'musical-note'),
(81, ':fire:', 'fire'),
(82, ':poop:', 'poop'),
(83, ':thumbsup:', 'thumbsup'),
(84, ':thumbsdown:', 'thumbsdown'),
(85, ':ok_hand:', 'ok-hand'),
(86, ':punch:', 'punch'),
(87, ':fist:', 'fist'),
(88, ':v:', 'v'),
(89, ':wave:', 'wave'),
(90, ':hand:', 'hand'),
(91, ':raised_hand:', 'raised-hand'),
(92, ':open_hands:', 'open-hands'),
(93, ':point_up:', 'point-up'),
(94, ':point_down:', 'point-down'),
(95, ':point_left:', 'point-left'),
(96, ':point_right:', 'point-right'),
(97, ':raised_hands:', 'raised-hands'),
(98, ':pray:', 'pray'),
(99, ':clap:', 'clap'),
(100, ':muscle:', 'muscle'),
(101, ':runner:', 'runner'),
(102, ':couple:', 'couple'),
(103, ':family:', 'family'),
(104, ':two_men_holding_hands:', 'two-men-holding-hands'),
(105, ':two_women_holding_hands:', 'two-women-holding-hands'),
(106, ':dancer:', 'dancer'),
(107, ':dancers:', 'dancers'),
(108, ':ok_woman:', 'ok-woman'),
(109, ':no_good:', 'no-good'),
(110, ':information_desk_person:', 'information-desk-person'),
(111, ':bride_with_veil:', 'bride-with-veil'),
(112, ':couplekiss:', 'couplekiss'),
(113, ':couple_with_heart:', 'couple-with-heart'),
(114, ':nail_care:', 'nail-care'),
(115, ':boy:', 'boy'),
(116, ':girl:', 'girl'),
(117, ':woman:', 'woman'),
(118, ':man:', 'man'),
(119, ':baby:', 'baby'),
(120, ':older_woman:', 'older-woman'),
(121, ':older_man:', 'older-man'),
(122, ':cop:', 'cop'),
(123, ':angel:', 'angel'),
(124, ':princess:', 'princess'),
(125, ':smiley_cat:', 'smiley-cat'),
(126, ':smile_cat:', 'smile-cat'),
(127, ':heart_eyes_cat:', 'heart-eyes-cat'),
(128, ':kissing_cat:', 'kissing-cat'),
(129, ':smirk_cat:', 'smirk-cat'),
(130, ':scream_cat:', 'scream-cat'),
(131, ':crying_cat_face:', 'crying-cat-face'),
(132, ':joy_cat:', 'joy-cat'),
(133, ':pouting_cat:', 'pouting-cat'),
(134, ':japanese_ogre:', 'japanese-ogre'),
(135, ':see_no_evil:', 'see-no-evil'),
(136, ':hear_no_evil:', 'hear-no-evil'),
(137, ':speak_no_evil:', 'speak-no-evil'),
(138, ':guardsman:', 'guardsman'),
(139, ':skull:', 'skull'),
(140, ':feet:', 'feet'),
(141, ':lips:', 'lips'),
(142, ':kiss:', 'kiss'),
(143, ':droplet:', 'droplet'),
(144, ':ear:', 'ear'),
(145, ':eyes:', 'eyes'),
(146, ':nose:', 'nose'),
(147, ':tongue:', 'tongue'),
(148, ':love_letter:', 'love-letter'),
(149, ':speech_balloon:', 'speech-balloon'),
(150, ':thought_balloon:', 'thought-balloon'),
(151, ':sunny:', 'sunny');

-- --------------------------------------------------------

--
-- Cấu trúc bảng cho bảng `events`
--

CREATE TABLE `events` (
  `event_id` int(10) UNSIGNED NOT NULL,
  `event_privacy` enum('secret','closed','public') DEFAULT 'public',
  `event_admin` int(10) UNSIGNED NOT NULL,
  `event_category` int(10) UNSIGNED NOT NULL,
  `event_title` varchar(255) NOT NULL,
  `event_location` varchar(255) DEFAULT NULL,
  `event_description` text NOT NULL,
  `event_start_date` datetime NOT NULL,
  `event_end_date` datetime NOT NULL,
  `event_cover` varchar(255) DEFAULT NULL,
  `event_cover_id` int(10) UNSIGNED DEFAULT NULL,
  `event_album_covers` int(10) DEFAULT NULL,
  `event_album_timeline` int(10) DEFAULT NULL,
  `event_pinned_post` int(10) DEFAULT NULL,
  `event_invited` int(10) UNSIGNED NOT NULL DEFAULT 0,
  `event_interested` int(10) UNSIGNED NOT NULL DEFAULT 0,
  `event_going` int(10) UNSIGNED NOT NULL DEFAULT 0,
  `event_date` datetime NOT NULL
) ENGINE=MyISAM DEFAULT CHARSET=utf8 ROW_FORMAT=DYNAMIC;

-- --------------------------------------------------------

--
-- Cấu trúc bảng cho bảng `events_categories`
--

CREATE TABLE `events_categories` (
  `category_id` int(10) UNSIGNED NOT NULL,
  `category_name` varchar(255) NOT NULL
) ENGINE=MyISAM DEFAULT CHARSET=utf8 ROW_FORMAT=DYNAMIC;

-- --------------------------------------------------------

--
-- Cấu trúc bảng cho bảng `events_members`
--

CREATE TABLE `events_members` (
  `id` int(10) UNSIGNED NOT NULL,
  `event_id` int(10) UNSIGNED NOT NULL,
  `user_id` int(10) UNSIGNED NOT NULL,
  `is_invited` enum('0','1') DEFAULT '0',
  `is_interested` enum('0','1') DEFAULT '0',
  `is_going` enum('0','1') DEFAULT '0'
) ENGINE=MyISAM DEFAULT CHARSET=utf8 ROW_FORMAT=FIXED;

-- --------------------------------------------------------

--
-- Cấu trúc bảng cho bảng `followings`
--

CREATE TABLE `followings` (
  `user_id` int(10) UNSIGNED NOT NULL,
  `following_id` int(10) UNSIGNED NOT NULL,
  `id` int(10) UNSIGNED NOT NULL
) ENGINE=MyISAM DEFAULT CHARSET=utf8 ROW_FORMAT=FIXED;

--
-- Đang đổ dữ liệu cho bảng `followings`
--

INSERT INTO `followings` (`user_id`, `following_id`, `id`) VALUES
(1, 28075, 56628),
(28075, 1, 56629),
(28075, 28076, 56630),
(28076, 28075, 56631),
(28075, 28077, 56632),
(28077, 28075, 56633),
(28075, 28078, 56634),
(28078, 28075, 56635),
(28075, 28079, 56636),
(28079, 28075, 56637),
(28075, 28080, 56638),
(28080, 28075, 56639),
(28075, 28081, 56640),
(28081, 28075, 56641),
(28076, 28077, 56642),
(28077, 28076, 56643),
(28076, 28078, 56644),
(28078, 28076, 56645),
(28076, 28079, 56646),
(28079, 28076, 56647),
(28076, 28080, 56648),
(28080, 28076, 56649),
(28076, 28081, 56650),
(28081, 28076, 56651),
(28079, 28080, 56652),
(28080, 28079, 56653),
(28080, 28081, 56654),
(28081, 28080, 56655),
(28077, 28082, 56658),
(28082, 28077, 56657);

-- --------------------------------------------------------

--
-- Cấu trúc bảng cho bảng `forums`
--

CREATE TABLE `forums` (
  `forum_id` int(10) UNSIGNED NOT NULL,
  `forum_section` int(10) UNSIGNED NOT NULL,
  `forum_name` varchar(255) NOT NULL,
  `forum_description` text DEFAULT NULL,
  `forum_order` int(10) UNSIGNED NOT NULL DEFAULT 1,
  `forum_threads` int(10) UNSIGNED NOT NULL DEFAULT 0,
  `forum_replies` int(10) UNSIGNED NOT NULL DEFAULT 0
) ENGINE=MyISAM DEFAULT CHARSET=utf8 ROW_FORMAT=DYNAMIC;

-- --------------------------------------------------------

--
-- Cấu trúc bảng cho bảng `forums_replies`
--

CREATE TABLE `forums_replies` (
  `reply_id` int(10) UNSIGNED NOT NULL,
  `thread_id` int(10) UNSIGNED NOT NULL,
  `user_id` int(10) UNSIGNED NOT NULL,
  `text` longtext NOT NULL,
  `time` datetime NOT NULL
) ENGINE=MyISAM DEFAULT CHARSET=utf8 ROW_FORMAT=DYNAMIC;

-- --------------------------------------------------------

--
-- Cấu trúc bảng cho bảng `forums_threads`
--

CREATE TABLE `forums_threads` (
  `thread_id` int(10) UNSIGNED NOT NULL,
  `forum_id` int(10) UNSIGNED NOT NULL,
  `user_id` int(10) UNSIGNED NOT NULL,
  `title` varchar(255) NOT NULL,
  `text` longtext NOT NULL,
  `replies` int(10) UNSIGNED NOT NULL DEFAULT 0,
  `views` int(10) UNSIGNED NOT NULL DEFAULT 0,
  `time` datetime NOT NULL,
  `last_reply` datetime DEFAULT NULL
) ENGINE=MyISAM DEFAULT CHARSET=utf8 ROW_FORMAT=DYNAMIC;

-- --------------------------------------------------------

--
-- Cấu trúc bảng cho bảng `friends`
--

CREATE TABLE `friends` (
  `id` int(10) UNSIGNED NOT NULL,
  `user_one_id` int(10) UNSIGNED NOT NULL,
  `user_two_id` int(10) UNSIGNED NOT NULL,
  `status` tinyint(1) NOT NULL
) ENGINE=MyISAM DEFAULT CHARSET=utf8;

--
-- Đang đổ dữ liệu cho bảng `friends`
--

INSERT INTO `friends` (`id`, `user_one_id`, `user_two_id`, `status`) VALUES
(29970, 1, 28075, 1),
(29971, 28075, 28076, 1),
(29972, 28075, 28077, 1),
(29973, 28075, 28078, 1),
(29974, 28075, 28079, 1),
(29975, 28075, 28080, 1),
(29976, 28075, 28081, 1),
(29977, 28076, 28077, 1),
(29978, 28076, 28078, 1),
(29979, 28076, 28079, 1),
(29980, 28076, 28080, 1),
(29981, 28076, 28081, 1),
(29982, 28079, 28080, 1),
(29983, 28080, 28081, 1),
(29984, 28077, 28082, 1);

-- --------------------------------------------------------

--
-- Cấu trúc bảng cho bảng `games`
--

CREATE TABLE `games` (
  `game_id` int(10) NOT NULL,
  `title` varchar(255) CHARACTER SET latin1 NOT NULL,
  `description` text CHARACTER SET latin1 NOT NULL,
  `source` text CHARACTER SET latin1 NOT NULL,
  `thumbnail` varchar(255) CHARACTER SET latin1 NOT NULL
) ENGINE=MyISAM DEFAULT CHARSET=utf8;

-- --------------------------------------------------------

--
-- Cấu trúc bảng cho bảng `game_players`
--

CREATE TABLE `game_players` (
  `id` int(10) UNSIGNED NOT NULL,
  `game_id` int(10) UNSIGNED NOT NULL,
  `user_id` int(10) UNSIGNED NOT NULL
) ENGINE=MyISAM DEFAULT CHARSET=utf8 ROW_FORMAT=FIXED;

-- --------------------------------------------------------

--
-- Cấu trúc bảng cho bảng `groups`
--

CREATE TABLE `groups` (
  `group_id` int(10) UNSIGNED NOT NULL,
  `group_privacy` enum('secret','closed','public') NOT NULL DEFAULT 'public' COMMENT 'Cấu hình riêng tư của group',
  `group_category` int(10) UNSIGNED NOT NULL COMMENT 'Category của group',
  `group_admin` int(10) UNSIGNED NOT NULL,
  `group_name` varchar(64) NOT NULL,
  `group_title` varchar(255) NOT NULL,
  `group_picture` varchar(255) NOT NULL,
  `group_picture_id` int(10) UNSIGNED NOT NULL,
  `group_cover` varchar(255) NOT NULL,
  `group_cover_id` int(10) UNSIGNED NOT NULL,
  `group_album_pictures` int(10) NOT NULL,
  `group_album_covers` int(10) NOT NULL,
  `group_album_timeline` int(10) NOT NULL,
  `group_pinned_post` int(10) NOT NULL,
  `group_description` text NOT NULL,
  `group_members` int(10) UNSIGNED NOT NULL DEFAULT 0,
  `class_level_id` int(10) UNSIGNED NOT NULL DEFAULT 0,
  `telephone` varchar(64) DEFAULT NULL,
  `email` varchar(64) DEFAULT NULL,
  `camera_url` varchar(255) DEFAULT NULL COMMENT 'Đường dẫn camera của lớp',
  `group_date` datetime NOT NULL COMMENT 'Thời gian tạo group',
  `status` tinyint(1) NOT NULL DEFAULT 1 COMMENT 'Lưu trạng thái lớp đã tốt nghiệp chưa, 1: chưa tốt nghiệp, 0: tốt nghiệp rồi'
) ENGINE=MyISAM DEFAULT CHARSET=utf8 ROW_FORMAT=DYNAMIC;

--
-- Đang đổ dữ liệu cho bảng `groups`
--

INSERT INTO `groups` (`group_id`, `group_privacy`, `group_category`, `group_admin`, `group_name`, `group_title`, `group_picture`, `group_picture_id`, `group_cover`, `group_cover_id`, `group_album_pictures`, `group_album_covers`, `group_album_timeline`, `group_pinned_post`, `group_description`, `group_members`, `class_level_id`, `telephone`, `email`, `camera_url`, `group_date`, `status`) VALUES
(10830, 'closed', 2, 28075, '1617156350', 'Lớp nh&agrave; trẻ A ( đ&atilde; l&ecirc;n lớp )', '', 0, '', 0, 0, 0, 0, 0, 'M&ocirc; tả lớp nh&agrave; trẻ A', 14, 2700, '', '', NULL, '2021-03-31 09:05:50', 1),
(10831, 'closed', 2, 28075, '1617157130', 'Lớp nh&agrave; trẻ B', '', 0, '', 0, 0, 0, 0, 0, 'M&ocirc; tả về lớp nh&agrave; trẻ B', 9, 2700, '', '', NULL, '2021-03-31 09:18:50', 1),
(10832, 'closed', 2, 28075, '1617174695', 'Lớp nh&agrave; trẻ A Lớn', '', 0, '', 0, 0, 0, 0, 0, 'M&ocirc; tả lớp nh&agrave; trẻ A lớn', 3, 2700, '', '', NULL, '2021-03-31 14:11:35', 1),
(10833, 'closed', 2, 28076, '1617245782', 'Lớp 7A', '', 0, '', 0, 0, 0, 0, 0, 'Mo ta lop 7A :))', 11, 2706, '', '', NULL, '2021-04-01 09:56:22', 1),
(10834, 'closed', 2, 28076, '1617245808', 'Lớp 7B', '', 0, '', 0, 0, 0, 0, 0, 'mo ta lop 7B', 3, 2706, '', '', NULL, '2021-04-01 09:56:48', 1),
(10835, 'closed', 2, 28076, '1617245831', 'Lớp 8A', '', 0, '', 0, 0, 0, 0, 0, 'mo ta lop 8A', 3, 2707, '', '', NULL, '2021-04-01 09:57:10', 1),
(10836, 'closed', 2, 28076, '1617245852', 'Lớp 9A', '', 0, '', 0, 0, 0, 0, 0, 'mo ta lop 9A', 4, 2708, '', '', NULL, '2021-04-01 09:57:32', 1),
(10837, 'closed', 2, 28076, '1617245880', 'Lớp 10A', '', 0, '', 0, 0, 0, 0, 0, 'mo ta lop 10A', 4, 2709, '', '', NULL, '2021-04-01 09:57:59', 1),
(10838, 'closed', 2, 28076, '1617245900', 'Lớp 11A', '', 0, '', 0, 0, 0, 0, 0, 'mo ta lop 11A', 4, 2710, '', '', NULL, '2021-04-01 09:58:20', 1),
(10839, 'closed', 2, 28076, '1617245919', 'Lớp 12A', '', 0, '', 0, 0, 0, 0, 0, 'mo ta lop 12A', 3, 2711, '', '', NULL, '2021-04-01 09:58:39', 1);

-- --------------------------------------------------------

--
-- Cấu trúc bảng cho bảng `groups_admins`
--

CREATE TABLE `groups_admins` (
  `id` int(10) UNSIGNED NOT NULL,
  `group_id` int(10) UNSIGNED NOT NULL,
  `user_id` int(10) UNSIGNED NOT NULL
) ENGINE=MyISAM DEFAULT CHARSET=utf8 ROW_FORMAT=FIXED;

-- --------------------------------------------------------

--
-- Cấu trúc bảng cho bảng `groups_categories`
--

CREATE TABLE `groups_categories` (
  `category_id` int(10) UNSIGNED NOT NULL,
  `category_name` varchar(255) NOT NULL COMMENT 'Tên category của group'
) ENGINE=MyISAM DEFAULT CHARSET=utf8 COMMENT='Lưu category của group';

--
-- Đang đổ dữ liệu cho bảng `groups_categories`
--

INSERT INTO `groups_categories` (`category_id`, `category_name`) VALUES
(3, 'Thai kỳ'),
(4, 'Chăm con'),
(5, 'Dạy con'),
(6, 'Hôn nhân và gia đình'),
(1, 'Coniu'),
(2, 'Lớp');

-- --------------------------------------------------------

--
-- Cấu trúc bảng cho bảng `groups_members`
--

CREATE TABLE `groups_members` (
  `group_id` int(10) UNSIGNED NOT NULL,
  `user_id` int(10) UNSIGNED NOT NULL,
  `approved` enum('0','1') NOT NULL DEFAULT '0',
  `id` int(10) UNSIGNED NOT NULL
) ENGINE=MyISAM DEFAULT CHARSET=utf8 ROW_FORMAT=FIXED;

--
-- Đang đổ dữ liệu cho bảng `groups_members`
--

INSERT INTO `groups_members` (`group_id`, `user_id`, `approved`, `id`) VALUES
(10830, 28075, '1', 50934),
(10830, 28076, '1', 50935),
(10830, 28077, '1', 50936),
(10830, 28078, '1', 50937),
(1, 28082, '1', 50938),
(10830, 28082, '1', 50939),
(1, 28083, '1', 50940),
(10830, 28083, '1', 50941),
(1, 28084, '1', 50942),
(10830, 28084, '1', 50943),
(1, 28085, '1', 50944),
(10830, 28085, '1', 50945),
(1, 28086, '1', 50946),
(10830, 28086, '1', 50947),
(1, 28087, '1', 50948),
(10830, 28087, '1', 50949),
(1, 28088, '1', 50950),
(10830, 28088, '1', 50951),
(1, 28089, '1', 50952),
(10830, 28089, '1', 50953),
(10831, 28079, '1', 50954),
(10831, 28080, '1', 50955),
(10831, 28081, '1', 50956),
(1, 28090, '1', 50957),
(10831, 28090, '1', 50958),
(1, 28091, '1', 50959),
(10831, 28091, '1', 50960),
(1, 28092, '1', 50961),
(10831, 28092, '1', 50962),
(1, 28093, '1', 50963),
(10831, 28093, '1', 50964),
(10830, 28080, '1', 50965),
(10831, 28077, '1', 50966),
(10832, 28077, '1', 50967),
(10832, 28075, '1', 50968),
(10833, 28076, '1', 50970),
(10834, 28078, '1', 50971),
(10834, 28076, '1', 50972),
(10835, 28079, '1', 50973),
(10835, 28076, '1', 50974),
(10836, 28079, '1', 50975),
(10836, 28080, '1', 50976),
(10836, 28076, '1', 50977),
(10837, 28080, '1', 50978),
(10837, 28081, '1', 50979),
(10837, 28076, '1', 50980),
(10838, 28080, '1', 50981),
(10838, 28081, '1', 50982),
(10838, 28076, '1', 50983),
(10839, 28077, '1', 50984),
(10839, 28076, '1', 50985),
(1, 28096, '1', 50986),
(10833, 28096, '1', 50987),
(1, 28097, '1', 50988),
(10833, 28097, '1', 50989),
(1, 28076, '1', 50990),
(1, 28098, '1', 50991),
(10833, 28098, '1', 50992),
(1, 28099, '1', 50993),
(10833, 28099, '1', 50994),
(1, 28100, '1', 50995),
(10833, 28100, '1', 50996),
(1, 28101, '1', 50997),
(10833, 28101, '1', 50998),
(1, 28102, '1', 50999),
(10833, 28102, '1', 51000),
(1, 28103, '1', 51001),
(10833, 28103, '1', 51002),
(1, 28104, '1', 51003),
(10833, 28104, '1', 51004);

-- --------------------------------------------------------

--
-- Cấu trúc bảng cho bảng `monitor`
--

CREATE TABLE `monitor` (
  `monitor_token` varchar(255) NOT NULL
) ENGINE=MyISAM DEFAULT CHARSET=utf8;

--
-- Đang đổ dữ liệu cho bảng `monitor`
--

INSERT INTO `monitor` (`monitor_token`) VALUES
('TJRreBdNoTvk98JOBIP2PH2u');

-- --------------------------------------------------------

--
-- Cấu trúc bảng cho bảng `notifications`
--

CREATE TABLE `notifications` (
  `notification_id` int(10) UNSIGNED NOT NULL,
  `to_user_id` int(10) UNSIGNED NOT NULL,
  `from_user_id` int(10) UNSIGNED NOT NULL,
  `action` varchar(64) NOT NULL,
  `node_type` varchar(64) NOT NULL,
  `node_url` varchar(255) NOT NULL,
  `notify_id` varchar(255) DEFAULT NULL,
  `time` datetime DEFAULT NULL,
  `seen` enum('0','1') NOT NULL DEFAULT '0',
  `extra1` varchar(255) DEFAULT NULL COMMENT 'Trường dự phòng',
  `extra2` varchar(255) DEFAULT NULL COMMENT 'Trường dự phòng',
  `extra3` varchar(255) DEFAULT NULL COMMENT 'Trường dự phòng',
  `message` text DEFAULT NULL
) ENGINE=MyISAM DEFAULT CHARSET=utf8;

--
-- Đang đổ dữ liệu cho bảng `notifications`
--

INSERT INTO `notifications` (`notification_id`, `to_user_id`, `from_user_id`, `action`, `node_type`, `node_url`, `notify_id`, `time`, `seen`, `extra1`, `extra2`, `extra3`, `message`) VALUES
(1, 28075, 1, 'friend_add', '', 'coniuadmin', '', '2021-03-30 16:13:04', '1', NULL, NULL, NULL, NULL),
(1, 1, 28075, 'friend_accept', '', 'dqa1617095388', '', '2021-03-31 08:55:20', '1', NULL, NULL, NULL, NULL),
(1, 28076, 28075, 'friend_add', '', 'dqa1617095388', '', '2021-03-31 09:12:07', '1', NULL, NULL, NULL, NULL),
(2, 28075, 28076, 'friend_accept', '', 'htt1617156449', '', '2021-03-31 09:12:26', '1', NULL, NULL, NULL, NULL),
(2, 28076, 28075, 'assign_class', 'class', '10830', NULL, '2021-03-31 09:24:51', '1', '', '', '', NULL),
(1, 28077, 28075, 'assign_class', 'class', '10830', NULL, '2021-03-31 09:24:51', '1', '', '', '', NULL),
(1, 28078, 28075, 'assign_class', 'class', '10830', NULL, '2021-03-31 09:24:51', '0', '', '', '', NULL),
(3, 28076, 28075, 'notification_assign_latepickup_class', 'class', '20142', NULL, '2021-03-31 09:39:31', '1', '29/03/2021', 'hoahong', 'Lớp đ&oacute;n muộn', NULL),
(4, 28076, 28075, 'notification_assign_latepickup_class', 'class', '20143', NULL, '2021-03-31 09:39:31', '1', '01/04/2021', 'hoahong', 'Lớp đ&oacute;n muộn', NULL),
(2, 28077, 28075, 'notification_assign_latepickup_class', 'class', '20144', NULL, '2021-03-31 09:39:31', '1', '30/03/2021', 'hoahong', 'Lớp đ&oacute;n muộn', NULL),
(3, 28077, 28075, 'notification_assign_latepickup_class', 'class', '20145', NULL, '2021-03-31 09:39:31', '1', '02/04/2021', 'hoahong', 'Lớp đ&oacute;n muộn', NULL),
(2, 28078, 28075, 'notification_assign_latepickup_class', 'class', '20146', NULL, '2021-03-31 09:39:31', '0', '31/03/2021', 'hoahong', 'Lớp đ&oacute;n muộn', NULL),
(3, 28078, 28075, 'notification_assign_latepickup_class', 'class', '20147', NULL, '2021-03-31 09:39:31', '0', '03/04/2021', 'hoahong', 'Lớp đ&oacute;n muộn', NULL),
(5, 28076, 28075, 'notification_assign_latepickup_class', 'class', '20148', NULL, '2021-03-31 09:39:31', '1', '05/04/2021', 'hoahong', 'Lớp đ&oacute;n muộn', NULL),
(6, 28076, 28075, 'notification_assign_latepickup_class', 'class', '20149', NULL, '2021-03-31 09:39:31', '1', '08/04/2021', 'hoahong', 'Lớp đ&oacute;n muộn', NULL),
(4, 28077, 28075, 'notification_assign_latepickup_class', 'class', '20150', NULL, '2021-03-31 09:39:31', '1', '06/04/2021', 'hoahong', 'Lớp đ&oacute;n muộn', NULL),
(5, 28077, 28075, 'notification_assign_latepickup_class', 'class', '20151', NULL, '2021-03-31 09:39:31', '1', '09/04/2021', 'hoahong', 'Lớp đ&oacute;n muộn', NULL),
(4, 28078, 28075, 'notification_assign_latepickup_class', 'class', '20152', NULL, '2021-03-31 09:39:31', '0', '07/04/2021', 'hoahong', 'Lớp đ&oacute;n muộn', NULL),
(5, 28078, 28075, 'notification_assign_latepickup_class', 'class', '20153', NULL, '2021-03-31 09:39:31', '0', '10/04/2021', 'hoahong', 'Lớp đ&oacute;n muộn', NULL),
(1, 28082, 28075, 'notification_new_attendance', 'child', '1', NULL, '2021-03-31 09:55:12', '1', '31/03/2021', '25894', 'Nguyễn Văn A', NULL),
(1, 28083, 28075, 'notification_new_attendance', 'child', '1', NULL, '2021-03-31 09:55:12', '0', '31/03/2021', '25895', 'Ng&ocirc; Thị B', NULL),
(1, 28084, 28075, 'notification_new_attendance', 'child', '1', NULL, '2021-03-31 09:55:12', '0', '31/03/2021', '25896', 'Nguyễn Văn C', NULL),
(1, 28085, 28075, 'notification_new_attendance', 'child', '1', NULL, '2021-03-31 09:55:12', '0', '31/03/2021', '25897', 'Ng&ocirc; Thị D', NULL),
(1, 28086, 28075, 'notification_new_attendance', 'child', '1', NULL, '2021-03-31 09:55:12', '0', '31/03/2021', '25898', 'Nguyễn Văn E', NULL),
(1, 28087, 28075, 'notification_new_attendance', 'child', '1', NULL, '2021-03-31 09:55:12', '0', '31/03/2021', '25899', 'Ng&ocirc; Thị F', NULL),
(1, 28088, 28075, 'notification_new_attendance', 'child', '1', NULL, '2021-03-31 09:55:12', '0', '31/03/2021', '25900', 'Nguyễn Văn G', NULL),
(1, 28089, 28075, 'notification_new_attendance', 'child', '1', NULL, '2021-03-31 09:55:12', '0', '31/03/2021', '25901', 'Ng&ocirc; Thị H', NULL),
(1, 28079, 28075, 'assign_class', 'class', '10831', NULL, '2021-03-31 09:57:23', '0', '', '', '', NULL),
(1, 28080, 28075, 'assign_class', 'class', '10831', NULL, '2021-03-31 09:57:23', '0', '', '', '', NULL),
(1, 28081, 28075, 'assign_class', 'class', '10831', NULL, '2021-03-31 09:57:23', '0', '', '', '', NULL),
(1, 28090, 28075, 'notification_new_attendance', 'child', '1', NULL, '2021-03-31 10:04:02', '0', '31/03/2021', '25902', 'Nguyễn Văn BA', NULL),
(1, 28091, 28075, 'notification_new_attendance', 'child', '1', NULL, '2021-03-31 10:04:02', '0', '31/03/2021', '25903', 'Ng&ocirc; Thị BB', NULL),
(1, 28092, 28075, 'notification_new_attendance', 'child', '1', NULL, '2021-03-31 10:04:02', '0', '31/03/2021', '25904', 'Nguyễn Văn BC', NULL),
(1, 28093, 28075, 'notification_new_attendance', 'child', '1', NULL, '2021-03-31 10:04:02', '0', '31/03/2021', '25905', 'Ng&ocirc; Thị BD', NULL),
(7, 28076, 28075, 'notification_new_report_template', 'class', '282', NULL, '2021-03-31 10:18:42', '1', 'Mầm non Hoa Hồng', '1617156350', 'Sổ li&ecirc;n lạc', NULL),
(6, 28077, 28075, 'notification_new_report_template', 'class', '282', NULL, '2021-03-31 10:18:42', '1', 'Mầm non Hoa Hồng', '1617156350', 'Sổ li&ecirc;n lạc', NULL),
(6, 28078, 28075, 'notification_new_report_template', 'class', '282', NULL, '2021-03-31 10:18:42', '0', 'Mầm non Hoa Hồng', '1617156350', 'Sổ li&ecirc;n lạc', NULL),
(2, 28079, 28075, 'notification_new_report_template', 'class', '282', NULL, '2021-03-31 10:18:42', '0', 'Mầm non Hoa Hồng', '1617157130', 'Sổ li&ecirc;n lạc', NULL),
(2, 28080, 28075, 'notification_new_report_template', 'class', '282', NULL, '2021-03-31 10:18:42', '0', 'Mầm non Hoa Hồng', '1617157130', 'Sổ li&ecirc;n lạc', NULL),
(2, 28081, 28075, 'notification_new_report_template', 'class', '282', NULL, '2021-03-31 10:18:42', '0', 'Mầm non Hoa Hồng', '1617157130', 'Sổ li&ecirc;n lạc', NULL),
(2, 28082, 28075, 'notification_new_report', 'child', '156280', NULL, '2021-03-31 10:19:40', '1', 'Sổ li&ecirc;n lạc 1', '25894', 'Nguyễn Văn A', NULL),
(2, 28084, 28075, 'notification_new_report', 'child', '156281', NULL, '2021-03-31 10:19:40', '0', 'Sổ li&ecirc;n lạc 1', '25896', 'Nguyễn Văn C', NULL),
(2, 28086, 28075, 'notification_new_report', 'child', '156282', NULL, '2021-03-31 10:19:40', '0', 'Sổ li&ecirc;n lạc 1', '25898', 'Nguyễn Văn E', NULL),
(3, 28082, 28076, 'notification_update_attendance', 'child', '0', NULL, '2021-03-31 10:28:10', '1', '31/03/2021', '25894', 'Nguyễn Văn A', NULL),
(3, 28084, 28076, 'notification_update_attendance', 'child', '4', NULL, '2021-03-31 10:28:10', '0', '31/03/2021', '25896', 'Nguyễn Văn C', NULL),
(1, 28074, 28075, 'notification_new_event_school', 'school', '1408', NULL, '2021-03-31 10:31:37', '0', 'Sự kiện nghỉ 30/4 1/5', 'hoahong', 'Mầm non Hoa Hồng', NULL),
(8, 28076, 28075, 'notification_new_event_school', 'school', '1408', NULL, '2021-03-31 10:31:37', '1', 'Sự kiện nghỉ 30/4 1/5', 'hoahong', 'Mầm non Hoa Hồng', NULL),
(7, 28077, 28075, 'notification_new_event_school', 'school', '1408', NULL, '2021-03-31 10:31:37', '1', 'Sự kiện nghỉ 30/4 1/5', 'hoahong', 'Mầm non Hoa Hồng', NULL),
(7, 28078, 28075, 'notification_new_event_school', 'school', '1408', NULL, '2021-03-31 10:31:37', '0', 'Sự kiện nghỉ 30/4 1/5', 'hoahong', 'Mầm non Hoa Hồng', NULL),
(3, 28079, 28075, 'notification_new_event_school', 'school', '1408', NULL, '2021-03-31 10:31:37', '0', 'Sự kiện nghỉ 30/4 1/5', 'hoahong', 'Mầm non Hoa Hồng', NULL),
(3, 28080, 28075, 'notification_new_event_school', 'school', '1408', NULL, '2021-03-31 10:31:37', '0', 'Sự kiện nghỉ 30/4 1/5', 'hoahong', 'Mầm non Hoa Hồng', NULL),
(3, 28081, 28075, 'notification_new_event_school', 'school', '1408', NULL, '2021-03-31 10:31:37', '0', 'Sự kiện nghỉ 30/4 1/5', 'hoahong', 'Mầm non Hoa Hồng', NULL),
(2, 1, 28076, 'post_in_page', 'page', '58620', NULL, '2021-03-31 10:33:14', '1', 'Mầm non Hoa Hồng', 'http://localhost:8888/content/themes/coniu/images/small/blank_page.png', '', NULL),
(2, 28074, 28076, 'post_in_page', 'page', '58620', NULL, '2021-03-31 10:33:14', '0', 'Mầm non Hoa Hồng', 'http://localhost:8888/content/themes/coniu/images/small/blank_page.png', '', NULL),
(3, 28075, 28076, 'post_in_page', 'page', '58620', NULL, '2021-03-31 10:33:14', '1', 'Mầm non Hoa Hồng', 'http://localhost:8888/content/themes/coniu/images/small/blank_page.png', '', NULL),
(8, 28077, 28076, 'post_in_page', 'page', '58620', NULL, '2021-03-31 10:33:14', '1', 'Mầm non Hoa Hồng', 'http://localhost:8888/content/themes/coniu/images/small/blank_page.png', '', NULL),
(8, 28078, 28076, 'post_in_page', 'page', '58620', NULL, '2021-03-31 10:33:14', '0', 'Mầm non Hoa Hồng', 'http://localhost:8888/content/themes/coniu/images/small/blank_page.png', '', NULL),
(4, 28079, 28076, 'post_in_page', 'page', '58620', NULL, '2021-03-31 10:33:14', '0', 'Mầm non Hoa Hồng', 'http://localhost:8888/content/themes/coniu/images/small/blank_page.png', '', NULL),
(4, 28080, 28076, 'post_in_page', 'page', '58620', NULL, '2021-03-31 10:33:14', '0', 'Mầm non Hoa Hồng', 'http://localhost:8888/content/themes/coniu/images/small/blank_page.png', '', NULL),
(4, 28081, 28076, 'post_in_page', 'page', '58620', NULL, '2021-03-31 10:33:14', '0', 'Mầm non Hoa Hồng', 'http://localhost:8888/content/themes/coniu/images/small/blank_page.png', '', NULL),
(4, 28082, 28076, 'post_in_page', 'page', '58620', NULL, '2021-03-31 10:33:14', '1', 'Mầm non Hoa Hồng', 'http://localhost:8888/content/themes/coniu/images/small/blank_page.png', '', NULL),
(2, 28083, 28076, 'post_in_page', 'page', '58620', NULL, '2021-03-31 10:33:14', '0', 'Mầm non Hoa Hồng', 'http://localhost:8888/content/themes/coniu/images/small/blank_page.png', '', NULL),
(4, 28084, 28076, 'post_in_page', 'page', '58620', NULL, '2021-03-31 10:33:14', '0', 'Mầm non Hoa Hồng', 'http://localhost:8888/content/themes/coniu/images/small/blank_page.png', '', NULL),
(2, 28085, 28076, 'post_in_page', 'page', '58620', NULL, '2021-03-31 10:33:14', '0', 'Mầm non Hoa Hồng', 'http://localhost:8888/content/themes/coniu/images/small/blank_page.png', '', NULL),
(3, 28086, 28076, 'post_in_page', 'page', '58620', NULL, '2021-03-31 10:33:14', '0', 'Mầm non Hoa Hồng', 'http://localhost:8888/content/themes/coniu/images/small/blank_page.png', '', NULL),
(2, 28087, 28076, 'post_in_page', 'page', '58620', NULL, '2021-03-31 10:33:14', '0', 'Mầm non Hoa Hồng', 'http://localhost:8888/content/themes/coniu/images/small/blank_page.png', '', NULL),
(2, 28088, 28076, 'post_in_page', 'page', '58620', NULL, '2021-03-31 10:33:14', '0', 'Mầm non Hoa Hồng', 'http://localhost:8888/content/themes/coniu/images/small/blank_page.png', '', NULL),
(2, 28089, 28076, 'post_in_page', 'page', '58620', NULL, '2021-03-31 10:33:14', '0', 'Mầm non Hoa Hồng', 'http://localhost:8888/content/themes/coniu/images/small/blank_page.png', '', NULL),
(2, 28090, 28076, 'post_in_page', 'page', '58620', NULL, '2021-03-31 10:33:14', '0', 'Mầm non Hoa Hồng', 'http://localhost:8888/content/themes/coniu/images/small/blank_page.png', '', NULL),
(2, 28091, 28076, 'post_in_page', 'page', '58620', NULL, '2021-03-31 10:33:14', '0', 'Mầm non Hoa Hồng', 'http://localhost:8888/content/themes/coniu/images/small/blank_page.png', '', NULL),
(2, 28092, 28076, 'post_in_page', 'page', '58620', NULL, '2021-03-31 10:33:14', '0', 'Mầm non Hoa Hồng', 'http://localhost:8888/content/themes/coniu/images/small/blank_page.png', '', NULL),
(2, 28093, 28076, 'post_in_page', 'page', '58620', NULL, '2021-03-31 10:33:14', '0', 'Mầm non Hoa Hồng', 'http://localhost:8888/content/themes/coniu/images/small/blank_page.png', '', NULL),
(4, 28075, 28076, 'like', 'post', '58620', '', '2021-03-31 10:33:18', '1', NULL, NULL, NULL, NULL),
(5, 28075, 28076, 'like', 'post', '58619', '', '2021-03-31 10:33:23', '1', NULL, NULL, NULL, NULL),
(5, 28082, 28075, 'notification_service_register_uncountbased', 'child', '1143', NULL, '2021-03-31 10:35:13', '1', 'Xe đưa đ&oacute;n tận nơi', '25894', 'Nguyễn Văn A', NULL),
(3, 28085, 28075, 'notification_service_register_uncountbased', 'child', '1143', NULL, '2021-03-31 10:35:13', '0', 'Xe đưa đ&oacute;n tận nơi', '25897', 'Ng&ocirc; Thị D', NULL),
(3, 28088, 28075, 'notification_service_register_uncountbased', 'child', '1143', NULL, '2021-03-31 10:35:13', '0', 'Xe đưa đ&oacute;n tận nơi', '25900', 'Nguyễn Văn G', NULL),
(3, 28092, 28075, 'notification_service_register_uncountbased', 'child', '1143', NULL, '2021-03-31 10:35:13', '0', 'Xe đưa đ&oacute;n tận nơi', '25904', 'Nguyễn Văn BC', NULL),
(9, 28076, 28075, 'notification_service_register_uncountbased', 'class', '1143', NULL, '2021-03-31 10:35:13', '1', 'Xe đưa đ&oacute;n tận nơi', '1617156350', 'Nguyễn Văn A', NULL),
(9, 28077, 28075, 'notification_service_register_uncountbased', 'class', '1143', NULL, '2021-03-31 10:35:13', '1', 'Xe đưa đ&oacute;n tận nơi', '1617156350', 'Nguyễn Văn A', NULL),
(9, 28078, 28075, 'notification_service_register_uncountbased', 'class', '1143', NULL, '2021-03-31 10:35:13', '0', 'Xe đưa đ&oacute;n tận nơi', '1617156350', 'Nguyễn Văn A', NULL),
(10, 28076, 28075, 'notification_service_register_uncountbased', 'class', '1143', NULL, '2021-03-31 10:35:13', '1', 'Xe đưa đ&oacute;n tận nơi', '1617156350', 'Ng&ocirc; Thị D', NULL),
(10, 28077, 28075, 'notification_service_register_uncountbased', 'class', '1143', NULL, '2021-03-31 10:35:13', '1', 'Xe đưa đ&oacute;n tận nơi', '1617156350', 'Ng&ocirc; Thị D', NULL),
(10, 28078, 28075, 'notification_service_register_uncountbased', 'class', '1143', NULL, '2021-03-31 10:35:13', '0', 'Xe đưa đ&oacute;n tận nơi', '1617156350', 'Ng&ocirc; Thị D', NULL),
(11, 28076, 28075, 'notification_service_register_uncountbased', 'class', '1143', NULL, '2021-03-31 10:35:13', '1', 'Xe đưa đ&oacute;n tận nơi', '1617156350', 'Nguyễn Văn G', NULL),
(11, 28077, 28075, 'notification_service_register_uncountbased', 'class', '1143', NULL, '2021-03-31 10:35:13', '1', 'Xe đưa đ&oacute;n tận nơi', '1617156350', 'Nguyễn Văn G', NULL),
(11, 28078, 28075, 'notification_service_register_uncountbased', 'class', '1143', NULL, '2021-03-31 10:35:13', '0', 'Xe đưa đ&oacute;n tận nơi', '1617156350', 'Nguyễn Văn G', NULL),
(5, 28079, 28075, 'notification_service_register_uncountbased', 'class', '1143', NULL, '2021-03-31 10:35:13', '0', 'Xe đưa đ&oacute;n tận nơi', '1617157130', 'Nguyễn Văn BC', NULL),
(5, 28080, 28075, 'notification_service_register_uncountbased', 'class', '1143', NULL, '2021-03-31 10:35:13', '0', 'Xe đưa đ&oacute;n tận nơi', '1617157130', 'Nguyễn Văn BC', NULL),
(5, 28081, 28075, 'notification_service_register_uncountbased', 'class', '1143', NULL, '2021-03-31 10:35:13', '0', 'Xe đưa đ&oacute;n tận nơi', '1617157130', 'Nguyễn Văn BC', NULL),
(6, 28082, 28075, 'notification_new_tuition', 'child', '89594', NULL, '2021-03-31 10:37:18', '1', '', '25894', 'Nguyễn Văn A', NULL),
(3, 28083, 28075, 'notification_new_tuition', 'child', '89595', NULL, '2021-03-31 10:37:18', '0', '', '25895', 'Ng&ocirc; Thị B', NULL),
(5, 28084, 28075, 'notification_new_tuition', 'child', '89596', NULL, '2021-03-31 10:37:18', '0', '', '25896', 'Nguyễn Văn C', NULL),
(4, 28085, 28075, 'notification_new_tuition', 'child', '89597', NULL, '2021-03-31 10:37:18', '0', '', '25897', 'Ng&ocirc; Thị D', NULL),
(4, 28086, 28075, 'notification_new_tuition', 'child', '89598', NULL, '2021-03-31 10:37:18', '0', '', '25898', 'Nguyễn Văn E', NULL),
(3, 28087, 28075, 'notification_new_tuition', 'child', '89599', NULL, '2021-03-31 10:37:18', '0', '', '25899', 'Ng&ocirc; Thị F', NULL),
(4, 28088, 28075, 'notification_new_tuition', 'child', '89600', NULL, '2021-03-31 10:37:18', '0', '', '25900', 'Nguyễn Văn G', NULL),
(3, 28089, 28075, 'notification_new_tuition', 'child', '89601', NULL, '2021-03-31 10:37:18', '0', '', '25901', 'Ng&ocirc; Thị H', NULL),
(6, 28080, 28075, 'notification_update_role', 'school', '630', NULL, '2021-03-31 10:41:57', '0', '', 'hoahong', 'Mầm non Hoa Hồng', NULL),
(12, 28077, 28075, 'notification_update_role', 'school', '629', NULL, '2021-03-31 10:42:12', '1', '', 'hoahong', 'Mầm non Hoa Hồng', NULL),
(6, 28075, 28082, 'like', 'post', '58620', '', '2021-03-31 10:46:46', '1', NULL, NULL, NULL, NULL),
(13, 28077, 28082, 'notification_confirm_tuition', 'school', '4846', NULL, '2021-03-31 10:47:09', '1', '03/2021', 'hoahong', 'Nguyễn Văn A', NULL),
(7, 28075, 28082, 'notification_confirm_tuition', 'school', '4846', NULL, '2021-03-31 10:47:09', '1', '03/2021', 'hoahong', 'Nguyễn Văn A', NULL),
(12, 28076, 28082, 'notification_attendance_resign', 'class', '2845145', NULL, '2021-03-31 10:47:41', '1', '', '1617156350', 'Nguyễn Văn A', NULL),
(14, 28077, 28082, 'notification_attendance_resign', 'class', '2845145', NULL, '2021-03-31 10:47:41', '1', '', '1617156350', 'Nguyễn Văn A', NULL),
(12, 28078, 28082, 'notification_attendance_resign', 'class', '2845145', NULL, '2021-03-31 10:47:41', '0', '', '1617156350', 'Nguyễn Văn A', NULL),
(8, 28075, 28082, 'post_in_group', 'user', '58621', NULL, '2021-03-31 10:48:59', '1', 'Mẹ Nguyễn Văn A', 'Lớp nh&amp;agrave; trẻ A', '', NULL),
(13, 28076, 28082, 'post_in_group', 'user', '58621', NULL, '2021-03-31 10:48:59', '1', 'Mẹ Nguyễn Văn A', 'Lớp nh&amp;agrave; trẻ A', '', NULL),
(15, 28077, 28082, 'post_in_group', 'user', '58621', NULL, '2021-03-31 10:48:59', '1', 'Mẹ Nguyễn Văn A', 'Lớp nh&amp;agrave; trẻ A', '', NULL),
(13, 28078, 28082, 'post_in_group', 'user', '58621', NULL, '2021-03-31 10:48:59', '0', 'Mẹ Nguyễn Văn A', 'Lớp nh&amp;agrave; trẻ A', '', NULL),
(7, 28080, 28082, 'post_in_group', 'user', '58621', NULL, '2021-03-31 10:48:59', '0', 'Mẹ Nguyễn Văn A', 'Lớp nh&amp;agrave; trẻ A', '', NULL),
(4, 28083, 28082, 'post_in_group', 'user', '58621', NULL, '2021-03-31 10:48:59', '0', 'Mẹ Nguyễn Văn A', 'Lớp nh&amp;agrave; trẻ A', '', NULL),
(6, 28084, 28082, 'post_in_group', 'user', '58621', NULL, '2021-03-31 10:48:59', '0', 'Mẹ Nguyễn Văn A', 'Lớp nh&amp;agrave; trẻ A', '', NULL),
(5, 28085, 28082, 'post_in_group', 'user', '58621', NULL, '2021-03-31 10:48:59', '0', 'Mẹ Nguyễn Văn A', 'Lớp nh&amp;agrave; trẻ A', '', NULL),
(5, 28086, 28082, 'post_in_group', 'user', '58621', NULL, '2021-03-31 10:48:59', '0', 'Mẹ Nguyễn Văn A', 'Lớp nh&amp;agrave; trẻ A', '', NULL),
(4, 28087, 28082, 'post_in_group', 'user', '58621', NULL, '2021-03-31 10:48:59', '0', 'Mẹ Nguyễn Văn A', 'Lớp nh&amp;agrave; trẻ A', '', NULL),
(5, 28088, 28082, 'post_in_group', 'user', '58621', NULL, '2021-03-31 10:48:59', '0', 'Mẹ Nguyễn Văn A', 'Lớp nh&amp;agrave; trẻ A', '', NULL),
(4, 28089, 28082, 'post_in_group', 'user', '58621', NULL, '2021-03-31 10:48:59', '0', 'Mẹ Nguyễn Văn A', 'Lớp nh&amp;agrave; trẻ A', '', NULL),
(7, 28082, 28075, 'notification_confirm_tuition', 'child', '89594', NULL, '2021-03-31 10:50:39', '1', '03/2021', '25894', 'Nguyễn Văn A', NULL),
(16, 28077, 28075, 'notification_confirm_tuition_school', 'school', '4846', NULL, '2021-03-31 10:50:39', '1', '03/2021', 'hoahong', 'Nguyễn Văn A', NULL),
(9, 28075, 28082, 'notification_new_feedback', 'school', '632', NULL, '2021-03-31 10:52:15', '1', '', 'hoahong', 'Mầm non Hoa Hồng', NULL),
(10, 28075, 28082, 'notification_new_feedback', 'school', '633', NULL, '2021-03-31 10:52:31', '1', '', 'hoahong', 'Mầm non Hoa Hồng', NULL),
(8, 28082, 28075, 'notification_confirm_feedback', 'child', '633', NULL, '2021-03-31 10:52:53', '1', '', '', '', NULL),
(9, 28082, 28075, 'notification_confirm_feedback', 'child', '632', NULL, '2021-03-31 10:53:05', '1', '', '', '', NULL),
(10, 28082, 28075, 'like', 'post', '58621', '', '2021-03-31 10:54:55', '1', NULL, NULL, NULL, NULL),
(11, 28082, 28075, 'comment', 'post', '58621', 'comment_6286', '2021-03-31 10:55:00', '1', NULL, NULL, NULL, NULL),
(11, 28075, 28082, 'reply', 'post', '58621', 'comment_6287', '2021-03-31 10:55:12', '1', NULL, NULL, NULL, NULL),
(17, 28077, 28075, 'assign_class', 'class', '10832', NULL, '2021-03-31 14:11:35', '1', '', '', '', NULL),
(18, 28077, 28075, 'new_class', 'school', '10832', NULL, '2021-03-31 14:11:35', '1', 'Lớp nh&agrave; trẻ A Lớn', 'hoahong', 'Mầm non Hoa Hồng', NULL),
(8, 28080, 28075, 'new_class', 'school', '10832', NULL, '2021-03-31 14:11:35', '0', 'Lớp nh&agrave; trẻ A Lớn', 'hoahong', 'Mầm non Hoa Hồng', NULL),
(19, 28077, 28076, 'assign_class', 'class', '10833', NULL, '2021-04-01 09:56:22', '1', '', '', '', NULL),
(14, 28078, 28076, 'assign_class', 'class', '10834', NULL, '2021-04-01 09:56:48', '0', '', '', '', NULL),
(6, 28079, 28076, 'assign_class', 'class', '10835', NULL, '2021-04-01 09:57:10', '0', '', '', '', NULL),
(7, 28079, 28076, 'assign_class', 'class', '10836', NULL, '2021-04-01 09:57:32', '0', '', '', '', NULL),
(9, 28080, 28076, 'assign_class', 'class', '10836', NULL, '2021-04-01 09:57:32', '0', '', '', '', NULL),
(10, 28080, 28076, 'assign_class', 'class', '10837', NULL, '2021-04-01 09:57:59', '0', '', '', '', NULL),
(6, 28081, 28076, 'assign_class', 'class', '10837', NULL, '2021-04-01 09:57:59', '0', '', '', '', NULL),
(11, 28080, 28076, 'assign_class', 'class', '10838', NULL, '2021-04-01 09:58:20', '0', '', '', '', NULL),
(7, 28081, 28076, 'assign_class', 'class', '10838', NULL, '2021-04-01 09:58:20', '0', '', '', '', NULL),
(20, 28077, 28076, 'assign_class', 'class', '10839', NULL, '2021-04-01 09:58:39', '1', '', '', '', NULL),
(12, 28082, 28076, 'notification_new_attendance', 'child', '1', NULL, '2021-04-06 14:16:24', '1', '06/04/2021', '25894', 'Nguyễn Văn A', NULL),
(7, 28084, 28076, 'notification_new_attendance', 'child', '1', NULL, '2021-04-06 14:16:24', '0', '06/04/2021', '25896', 'Nguyễn Văn C', NULL),
(13, 28082, 28076, 'new_teacher', 'child', '10833', NULL, '2021-04-10 09:33:26', '1', 'Lớp 7A', '25894', '', NULL),
(1, 28096, 28076, 'new_teacher', 'child', '10833', NULL, '2021-04-10 09:33:26', '0', 'Lớp 7A', '25918', '', NULL),
(8, 28084, 28076, 'new_teacher', 'child', '10833', NULL, '2021-04-10 09:33:26', '0', 'Lớp 7A', '25896', '', NULL),
(14, 28082, 28077, 'friend_add', '', 'gv11617156510', '', '2021-04-16 08:33:24', '1', NULL, NULL, NULL, NULL),
(21, 28077, 28082, 'friend_accept', '', 'mnva1617159199', '', '2021-04-16 08:33:53', '1', NULL, NULL, NULL, NULL),
(2, 28096, 28076, 'notification_new_attendance', 'child', '1', NULL, '2021-04-16 13:27:46', '0', '16/04/2021', '25918', 'Nguyễn Văn A', NULL),
(15, 28082, 28076, 'notification_new_attendance', 'child', '1', NULL, '2021-04-16 13:27:46', '1', '16/04/2021', '25894', 'Nguyễn Văn A', NULL),
(9, 28084, 28076, 'notification_new_attendance', 'child', '1', NULL, '2021-04-16 13:27:46', '0', '16/04/2021', '25896', 'Nguyễn Văn C', NULL),
(1, 28097, 28076, 'notification_new_attendance', 'child', '1', NULL, '2021-04-16 13:27:46', '0', '16/04/2021', '25919', 'Đinh Ti&ecirc;n Ho&agrave;ng', NULL),
(1, 28100, 28076, 'notification_new_attendance', 'child', '1', NULL, '2021-04-16 13:27:46', '0', '16/04/2021', '25944', 'Đinh Th&uacute;c', NULL),
(1, 28098, 28076, 'notification_new_attendance', 'child', '1', NULL, '2021-04-16 13:27:46', '0', '16/04/2021', '25923', 'Lưu Ho&agrave;ng Th&uacute;c', NULL),
(16, 28082, 28076, 'notification_new_attendance', 'child', '1', NULL, '2021-04-16 13:30:09', '1', '15/04/2021', '25894', 'Nguyễn Văn A', NULL),
(3, 28096, 28076, 'notification_new_attendance', 'child', '1', NULL, '2021-04-16 13:30:09', '0', '15/04/2021', '25918', 'Nguyễn Văn A', NULL),
(10, 28084, 28076, 'notification_new_attendance', 'child', '1', NULL, '2021-04-16 13:30:09', '0', '15/04/2021', '25896', 'Nguyễn Văn C', NULL),
(2, 28097, 28076, 'notification_new_attendance', 'child', '0', NULL, '2021-04-16 13:30:09', '0', '15/04/2021', '25919', 'Đinh Ti&ecirc;n Ho&agrave;ng', NULL),
(2, 28100, 28076, 'notification_new_attendance', 'child', '1', NULL, '2021-04-16 13:30:09', '0', '15/04/2021', '25944', 'Đinh Th&uacute;c', NULL),
(2, 28098, 28076, 'notification_new_attendance', 'child', '1', NULL, '2021-04-16 13:30:09', '0', '15/04/2021', '25923', 'Lưu Ho&agrave;ng Th&uacute;c', NULL),
(17, 28082, 28076, 'notification_new_attendance', 'child', '1', NULL, '2021-04-16 13:33:18', '1', '14/04/2021', '25894', 'Nguyễn Văn A', NULL),
(4, 28096, 28076, 'notification_new_attendance', 'child', '1', NULL, '2021-04-16 13:33:18', '0', '14/04/2021', '25918', 'Nguyễn Văn A', NULL),
(11, 28084, 28076, 'notification_new_attendance', 'child', '1', NULL, '2021-04-16 13:33:18', '0', '14/04/2021', '25896', 'Nguyễn Văn C', NULL),
(3, 28097, 28076, 'notification_new_attendance', 'child', '1', NULL, '2021-04-16 13:33:18', '0', '14/04/2021', '25919', 'Đinh Ti&ecirc;n Ho&agrave;ng', NULL),
(3, 28100, 28076, 'notification_new_attendance', 'child', '1', NULL, '2021-04-16 13:33:18', '0', '14/04/2021', '25944', 'Đinh Th&uacute;c', NULL),
(3, 28098, 28076, 'notification_new_attendance', 'child', '4', NULL, '2021-04-16 13:33:18', '0', '14/04/2021', '25923', 'Lưu Ho&agrave;ng Th&uacute;c', NULL),
(18, 28082, 28076, 'notification_new_attendance', 'child', '1', NULL, '2021-04-16 13:46:57', '1', '13/04/2021', '25894', 'Nguyễn Văn A', NULL),
(5, 28096, 28076, 'notification_new_attendance', 'child', '1', NULL, '2021-04-16 13:46:57', '0', '13/04/2021', '25918', 'Nguyễn Văn A', NULL),
(12, 28084, 28076, 'notification_new_attendance', 'child', '1', NULL, '2021-04-16 13:46:57', '0', '13/04/2021', '25896', 'Nguyễn Văn C', NULL),
(4, 28097, 28076, 'notification_new_attendance', 'child', '1', NULL, '2021-04-16 13:46:57', '0', '13/04/2021', '25919', 'Đinh Ti&ecirc;n Ho&agrave;ng', NULL),
(4, 28100, 28076, 'notification_new_attendance', 'child', '0', NULL, '2021-04-16 13:46:57', '0', '13/04/2021', '25944', 'Đinh Th&uacute;c', NULL),
(4, 28098, 28076, 'notification_new_attendance', 'child', '4', NULL, '2021-04-16 13:46:57', '0', '13/04/2021', '25923', 'Lưu Ho&agrave;ng Th&uacute;c', NULL),
(19, 28082, 28076, 'notification_new_attendance', 'child', '1', NULL, '2021-04-16 14:05:27', '1', '01/04/2021', '25894', 'Nguyễn Văn A', NULL),
(13, 28084, 28076, 'notification_new_attendance', 'child', '1', NULL, '2021-04-16 14:05:27', '0', '01/04/2021', '25896', 'Nguyễn Văn C', NULL),
(5, 28097, 28076, 'notification_new_attendance', 'child', '1', NULL, '2021-04-16 14:05:27', '0', '01/04/2021', '25919', 'Đinh Ti&ecirc;n Ho&agrave;ng', NULL),
(5, 28100, 28076, 'notification_new_attendance', 'child', '0', NULL, '2021-04-16 14:05:27', '0', '01/04/2021', '25944', 'Đinh Th&uacute;c', NULL),
(5, 28098, 28076, 'notification_new_attendance', 'child', '4', NULL, '2021-04-16 14:05:27', '0', '01/04/2021', '25923', 'Lưu Ho&agrave;ng Th&uacute;c', NULL),
(20, 28082, 28076, 'notification_new_attendance', 'child', '1', NULL, '2021-04-16 14:05:36', '1', '02/04/2021', '25894', 'Nguyễn Văn A', NULL),
(14, 28084, 28076, 'notification_new_attendance', 'child', '1', NULL, '2021-04-16 14:05:36', '0', '02/04/2021', '25896', 'Nguyễn Văn C', NULL),
(6, 28097, 28076, 'notification_new_attendance', 'child', '1', NULL, '2021-04-16 14:05:36', '0', '02/04/2021', '25919', 'Đinh Ti&ecirc;n Ho&agrave;ng', NULL),
(6, 28100, 28076, 'notification_new_attendance', 'child', '0', NULL, '2021-04-16 14:05:36', '0', '02/04/2021', '25944', 'Đinh Th&uacute;c', NULL),
(6, 28098, 28076, 'notification_new_attendance', 'child', '4', NULL, '2021-04-16 14:05:36', '0', '02/04/2021', '25923', 'Lưu Ho&agrave;ng Th&uacute;c', NULL),
(21, 28082, 28076, 'notification_new_attendance', 'child', '1', NULL, '2021-04-16 14:05:44', '1', '03/04/2021', '25894', 'Nguyễn Văn A', NULL),
(15, 28084, 28076, 'notification_new_attendance', 'child', '1', NULL, '2021-04-16 14:05:44', '0', '03/04/2021', '25896', 'Nguyễn Văn C', NULL),
(7, 28097, 28076, 'notification_new_attendance', 'child', '1', NULL, '2021-04-16 14:05:44', '0', '03/04/2021', '25919', 'Đinh Ti&ecirc;n Ho&agrave;ng', NULL),
(7, 28100, 28076, 'notification_new_attendance', 'child', '0', NULL, '2021-04-16 14:05:44', '0', '03/04/2021', '25944', 'Đinh Th&uacute;c', NULL),
(7, 28098, 28076, 'notification_new_attendance', 'child', '4', NULL, '2021-04-16 14:05:44', '0', '03/04/2021', '25923', 'Lưu Ho&agrave;ng Th&uacute;c', NULL),
(22, 28082, 28076, 'notification_new_attendance', 'child', '1', NULL, '2021-04-16 14:05:51', '1', '04/04/2021', '25894', 'Nguyễn Văn A', NULL),
(16, 28084, 28076, 'notification_new_attendance', 'child', '1', NULL, '2021-04-16 14:05:51', '0', '04/04/2021', '25896', 'Nguyễn Văn C', NULL),
(8, 28097, 28076, 'notification_new_attendance', 'child', '1', NULL, '2021-04-16 14:05:51', '0', '04/04/2021', '25919', 'Đinh Ti&ecirc;n Ho&agrave;ng', NULL),
(8, 28100, 28076, 'notification_new_attendance', 'child', '0', NULL, '2021-04-16 14:05:51', '0', '04/04/2021', '25944', 'Đinh Th&uacute;c', NULL),
(8, 28098, 28076, 'notification_new_attendance', 'child', '4', NULL, '2021-04-16 14:05:51', '0', '04/04/2021', '25923', 'Lưu Ho&agrave;ng Th&uacute;c', NULL),
(23, 28082, 28076, 'notification_new_attendance', 'child', '1', NULL, '2021-04-16 14:05:59', '1', '05/04/2021', '25894', 'Nguyễn Văn A', NULL),
(17, 28084, 28076, 'notification_new_attendance', 'child', '1', NULL, '2021-04-16 14:05:59', '0', '05/04/2021', '25896', 'Nguyễn Văn C', NULL),
(9, 28097, 28076, 'notification_new_attendance', 'child', '1', NULL, '2021-04-16 14:05:59', '0', '05/04/2021', '25919', 'Đinh Ti&ecirc;n Ho&agrave;ng', NULL),
(9, 28100, 28076, 'notification_new_attendance', 'child', '0', NULL, '2021-04-16 14:05:59', '0', '05/04/2021', '25944', 'Đinh Th&uacute;c', NULL),
(9, 28098, 28076, 'notification_new_attendance', 'child', '4', NULL, '2021-04-16 14:05:59', '0', '05/04/2021', '25923', 'Lưu Ho&agrave;ng Th&uacute;c', NULL),
(18, 28084, 28076, 'notification_new_attendance', 'child', '0', NULL, '2021-04-16 14:06:10', '0', '06/04/2021', '25896', 'Nguyễn Văn C', NULL),
(10, 28097, 28076, 'notification_new_attendance', 'child', '0', NULL, '2021-04-16 14:06:10', '0', '06/04/2021', '25919', 'Đinh Ti&ecirc;n Ho&agrave;ng', NULL),
(10, 28100, 28076, 'notification_new_attendance', 'child', '0', NULL, '2021-04-16 14:06:10', '0', '06/04/2021', '25944', 'Đinh Th&uacute;c', NULL),
(10, 28098, 28076, 'notification_new_attendance', 'child', '4', NULL, '2021-04-16 14:06:10', '0', '06/04/2021', '25923', 'Lưu Ho&agrave;ng Th&uacute;c', NULL),
(24, 28082, 28076, 'notification_new_attendance', 'child', '1', NULL, '2021-04-16 14:06:16', '1', '07/04/2021', '25894', 'Nguyễn Văn A', NULL),
(6, 28096, 28076, 'notification_new_attendance', 'child', '1', NULL, '2021-04-16 14:06:16', '0', '07/04/2021', '25918', 'Nguyễn Văn A', NULL),
(19, 28084, 28076, 'notification_new_attendance', 'child', '1', NULL, '2021-04-16 14:06:16', '0', '07/04/2021', '25896', 'Nguyễn Văn C', NULL),
(11, 28097, 28076, 'notification_new_attendance', 'child', '1', NULL, '2021-04-16 14:06:16', '0', '07/04/2021', '25919', 'Đinh Ti&ecirc;n Ho&agrave;ng', NULL),
(11, 28100, 28076, 'notification_new_attendance', 'child', '0', NULL, '2021-04-16 14:06:16', '0', '07/04/2021', '25944', 'Đinh Th&uacute;c', NULL),
(11, 28098, 28076, 'notification_new_attendance', 'child', '4', NULL, '2021-04-16 14:06:16', '0', '07/04/2021', '25923', 'Lưu Ho&agrave;ng Th&uacute;c', NULL),
(25, 28082, 28076, 'notification_new_attendance', 'child', '1', NULL, '2021-04-16 14:06:23', '1', '08/04/2021', '25894', 'Nguyễn Văn A', NULL),
(7, 28096, 28076, 'notification_new_attendance', 'child', '1', NULL, '2021-04-16 14:06:23', '0', '08/04/2021', '25918', 'Nguyễn Văn A', NULL),
(20, 28084, 28076, 'notification_new_attendance', 'child', '1', NULL, '2021-04-16 14:06:23', '0', '08/04/2021', '25896', 'Nguyễn Văn C', NULL),
(12, 28097, 28076, 'notification_new_attendance', 'child', '1', NULL, '2021-04-16 14:06:23', '0', '08/04/2021', '25919', 'Đinh Ti&ecirc;n Ho&agrave;ng', NULL),
(12, 28100, 28076, 'notification_new_attendance', 'child', '0', NULL, '2021-04-16 14:06:23', '0', '08/04/2021', '25944', 'Đinh Th&uacute;c', NULL),
(12, 28098, 28076, 'notification_new_attendance', 'child', '4', NULL, '2021-04-16 14:06:23', '0', '08/04/2021', '25923', 'Lưu Ho&agrave;ng Th&uacute;c', NULL),
(26, 28082, 28076, 'notification_new_attendance', 'child', '1', NULL, '2021-04-16 14:06:32', '1', '09/04/2021', '25894', 'Nguyễn Văn A', NULL),
(8, 28096, 28076, 'notification_new_attendance', 'child', '1', NULL, '2021-04-16 14:06:32', '0', '09/04/2021', '25918', 'Nguyễn Văn A', NULL),
(21, 28084, 28076, 'notification_new_attendance', 'child', '1', NULL, '2021-04-16 14:06:32', '0', '09/04/2021', '25896', 'Nguyễn Văn C', NULL),
(13, 28097, 28076, 'notification_new_attendance', 'child', '1', NULL, '2021-04-16 14:06:32', '0', '09/04/2021', '25919', 'Đinh Ti&ecirc;n Ho&agrave;ng', NULL),
(13, 28100, 28076, 'notification_new_attendance', 'child', '0', NULL, '2021-04-16 14:06:32', '0', '09/04/2021', '25944', 'Đinh Th&uacute;c', NULL),
(13, 28098, 28076, 'notification_new_attendance', 'child', '4', NULL, '2021-04-16 14:06:32', '0', '09/04/2021', '25923', 'Lưu Ho&agrave;ng Th&uacute;c', NULL),
(27, 28082, 28076, 'notification_new_attendance', 'child', '1', NULL, '2021-04-16 14:06:39', '1', '10/04/2021', '25894', 'Nguyễn Văn A', NULL),
(9, 28096, 28076, 'notification_new_attendance', 'child', '1', NULL, '2021-04-16 14:06:39', '0', '10/04/2021', '25918', 'Nguyễn Văn A', NULL),
(22, 28084, 28076, 'notification_new_attendance', 'child', '1', NULL, '2021-04-16 14:06:39', '0', '10/04/2021', '25896', 'Nguyễn Văn C', NULL),
(14, 28097, 28076, 'notification_new_attendance', 'child', '1', NULL, '2021-04-16 14:06:39', '0', '10/04/2021', '25919', 'Đinh Ti&ecirc;n Ho&agrave;ng', NULL),
(14, 28100, 28076, 'notification_new_attendance', 'child', '0', NULL, '2021-04-16 14:06:39', '0', '10/04/2021', '25944', 'Đinh Th&uacute;c', NULL),
(14, 28098, 28076, 'notification_new_attendance', 'child', '4', NULL, '2021-04-16 14:06:39', '0', '10/04/2021', '25923', 'Lưu Ho&agrave;ng Th&uacute;c', NULL),
(28, 28082, 28076, 'notification_new_attendance', 'child', '1', NULL, '2021-04-16 14:07:50', '1', '11/04/2021', '25894', 'Nguyễn Văn A', NULL),
(10, 28096, 28076, 'notification_new_attendance', 'child', '1', NULL, '2021-04-16 14:07:50', '0', '11/04/2021', '25918', 'Nguyễn Văn A', NULL),
(23, 28084, 28076, 'notification_new_attendance', 'child', '1', NULL, '2021-04-16 14:07:50', '0', '11/04/2021', '25896', 'Nguyễn Văn C', NULL),
(15, 28097, 28076, 'notification_new_attendance', 'child', '1', NULL, '2021-04-16 14:07:50', '0', '11/04/2021', '25919', 'Đinh Ti&ecirc;n Ho&agrave;ng', NULL),
(15, 28100, 28076, 'notification_new_attendance', 'child', '0', NULL, '2021-04-16 14:07:50', '0', '11/04/2021', '25944', 'Đinh Th&uacute;c', NULL),
(15, 28098, 28076, 'notification_new_attendance', 'child', '4', NULL, '2021-04-16 14:07:50', '0', '11/04/2021', '25923', 'Lưu Ho&agrave;ng Th&uacute;c', NULL),
(29, 28082, 28076, 'notification_new_attendance', 'child', '1', NULL, '2021-04-16 14:07:58', '1', '12/04/2021', '25894', 'Nguyễn Văn A', NULL),
(11, 28096, 28076, 'notification_new_attendance', 'child', '1', NULL, '2021-04-16 14:07:58', '0', '12/04/2021', '25918', 'Nguyễn Văn A', NULL),
(24, 28084, 28076, 'notification_new_attendance', 'child', '1', NULL, '2021-04-16 14:07:58', '0', '12/04/2021', '25896', 'Nguyễn Văn C', NULL),
(16, 28097, 28076, 'notification_new_attendance', 'child', '1', NULL, '2021-04-16 14:07:58', '0', '12/04/2021', '25919', 'Đinh Ti&ecirc;n Ho&agrave;ng', NULL),
(16, 28100, 28076, 'notification_new_attendance', 'child', '0', NULL, '2021-04-16 14:07:58', '0', '12/04/2021', '25944', 'Đinh Th&uacute;c', NULL),
(16, 28098, 28076, 'notification_new_attendance', 'child', '4', NULL, '2021-04-16 14:07:58', '0', '12/04/2021', '25923', 'Lưu Ho&agrave;ng Th&uacute;c', NULL),
(30, 28082, 28076, 'notification_new_attendance', 'child', '1', NULL, '2021-04-16 14:08:09', '1', '14/04/2021', '25894', 'Nguyễn Văn A', NULL),
(12, 28096, 28076, 'notification_new_attendance', 'child', '1', NULL, '2021-04-16 14:08:09', '0', '14/04/2021', '25918', 'Nguyễn Văn A', NULL),
(25, 28084, 28076, 'notification_new_attendance', 'child', '1', NULL, '2021-04-16 14:08:09', '0', '14/04/2021', '25896', 'Nguyễn Văn C', NULL),
(17, 28097, 28076, 'notification_new_attendance', 'child', '1', NULL, '2021-04-16 14:08:09', '0', '14/04/2021', '25919', 'Đinh Ti&ecirc;n Ho&agrave;ng', NULL),
(17, 28100, 28076, 'notification_new_attendance', 'child', '0', NULL, '2021-04-16 14:08:09', '0', '14/04/2021', '25944', 'Đinh Th&uacute;c', NULL),
(17, 28098, 28076, 'notification_new_attendance', 'child', '4', NULL, '2021-04-16 14:08:09', '0', '14/04/2021', '25923', 'Lưu Ho&agrave;ng Th&uacute;c', NULL),
(31, 28082, 28076, 'notification_new_attendance', 'child', '1', NULL, '2021-04-16 14:08:16', '1', '15/04/2021', '25894', 'Nguyễn Văn A', NULL),
(13, 28096, 28076, 'notification_new_attendance', 'child', '1', NULL, '2021-04-16 14:08:16', '0', '15/04/2021', '25918', 'Nguyễn Văn A', NULL),
(26, 28084, 28076, 'notification_new_attendance', 'child', '1', NULL, '2021-04-16 14:08:16', '0', '15/04/2021', '25896', 'Nguyễn Văn C', NULL),
(18, 28097, 28076, 'notification_new_attendance', 'child', '1', NULL, '2021-04-16 14:08:16', '0', '15/04/2021', '25919', 'Đinh Ti&ecirc;n Ho&agrave;ng', NULL),
(18, 28100, 28076, 'notification_new_attendance', 'child', '0', NULL, '2021-04-16 14:08:16', '0', '15/04/2021', '25944', 'Đinh Th&uacute;c', NULL),
(18, 28098, 28076, 'notification_new_attendance', 'child', '4', NULL, '2021-04-16 14:08:16', '0', '15/04/2021', '25923', 'Lưu Ho&agrave;ng Th&uacute;c', NULL),
(32, 28082, 28076, 'notification_new_attendance', 'child', '1', NULL, '2021-04-16 14:08:24', '1', '16/04/2021', '25894', 'Nguyễn Văn A', NULL),
(14, 28096, 28076, 'notification_new_attendance', 'child', '1', NULL, '2021-04-16 14:08:24', '0', '16/04/2021', '25918', 'Nguyễn Văn A', NULL),
(27, 28084, 28076, 'notification_new_attendance', 'child', '1', NULL, '2021-04-16 14:08:24', '0', '16/04/2021', '25896', 'Nguyễn Văn C', NULL),
(19, 28097, 28076, 'notification_new_attendance', 'child', '1', NULL, '2021-04-16 14:08:24', '0', '16/04/2021', '25919', 'Đinh Ti&ecirc;n Ho&agrave;ng', NULL),
(19, 28100, 28076, 'notification_new_attendance', 'child', '0', NULL, '2021-04-16 14:08:24', '0', '16/04/2021', '25944', 'Đinh Th&uacute;c', NULL),
(19, 28098, 28076, 'notification_new_attendance', 'child', '4', NULL, '2021-04-16 14:08:24', '0', '16/04/2021', '25923', 'Lưu Ho&agrave;ng Th&uacute;c', NULL),
(33, 28082, 28076, 'notification_new_attendance', 'child', '1', NULL, '2021-04-16 14:08:43', '1', '01/03/2021', '25894', 'Nguyễn Văn A', NULL),
(28, 28084, 28076, 'notification_new_attendance', 'child', '1', NULL, '2021-04-16 14:08:43', '0', '01/03/2021', '25896', 'Nguyễn Văn C', NULL),
(20, 28098, 28076, 'notification_new_attendance', 'child', '4', NULL, '2021-04-16 14:08:43', '0', '01/03/2021', '25923', 'Lưu Ho&agrave;ng Th&uacute;c', NULL),
(34, 28082, 28076, 'notification_new_attendance', 'child', '1', NULL, '2021-04-16 14:08:51', '1', '02/03/2021', '25894', 'Nguyễn Văn A', NULL),
(29, 28084, 28076, 'notification_new_attendance', 'child', '1', NULL, '2021-04-16 14:08:51', '0', '02/03/2021', '25896', 'Nguyễn Văn C', NULL),
(21, 28098, 28076, 'notification_new_attendance', 'child', '4', NULL, '2021-04-16 14:08:51', '0', '02/03/2021', '25923', 'Lưu Ho&agrave;ng Th&uacute;c', NULL),
(35, 28082, 28076, 'notification_new_attendance', 'child', '1', NULL, '2021-04-16 14:08:56', '1', '03/03/2021', '25894', 'Nguyễn Văn A', NULL),
(30, 28084, 28076, 'notification_new_attendance', 'child', '1', NULL, '2021-04-16 14:08:56', '0', '03/03/2021', '25896', 'Nguyễn Văn C', NULL),
(22, 28098, 28076, 'notification_new_attendance', 'child', '4', NULL, '2021-04-16 14:08:56', '0', '03/03/2021', '25923', 'Lưu Ho&agrave;ng Th&uacute;c', NULL),
(36, 28082, 28076, 'notification_new_attendance', 'child', '1', NULL, '2021-04-16 14:09:01', '1', '04/03/2021', '25894', 'Nguyễn Văn A', NULL),
(31, 28084, 28076, 'notification_new_attendance', 'child', '1', NULL, '2021-04-16 14:09:01', '0', '04/03/2021', '25896', 'Nguyễn Văn C', NULL),
(23, 28098, 28076, 'notification_new_attendance', 'child', '4', NULL, '2021-04-16 14:09:01', '0', '04/03/2021', '25923', 'Lưu Ho&agrave;ng Th&uacute;c', NULL),
(37, 28082, 28076, 'notification_new_attendance', 'child', '1', NULL, '2021-04-16 14:09:08', '1', '05/03/2021', '25894', 'Nguyễn Văn A', NULL),
(32, 28084, 28076, 'notification_new_attendance', 'child', '1', NULL, '2021-04-16 14:09:08', '0', '05/03/2021', '25896', 'Nguyễn Văn C', NULL),
(24, 28098, 28076, 'notification_new_attendance', 'child', '4', NULL, '2021-04-16 14:09:08', '0', '05/03/2021', '25923', 'Lưu Ho&agrave;ng Th&uacute;c', NULL),
(38, 28082, 28076, 'notification_new_attendance', 'child', '1', NULL, '2021-04-16 14:09:14', '1', '06/03/2021', '25894', 'Nguyễn Văn A', NULL),
(33, 28084, 28076, 'notification_new_attendance', 'child', '1', NULL, '2021-04-16 14:09:14', '0', '06/03/2021', '25896', 'Nguyễn Văn C', NULL),
(25, 28098, 28076, 'notification_new_attendance', 'child', '4', NULL, '2021-04-16 14:09:14', '0', '06/03/2021', '25923', 'Lưu Ho&agrave;ng Th&uacute;c', NULL),
(39, 28082, 28076, 'notification_new_attendance', 'child', '1', NULL, '2021-04-16 14:09:20', '1', '07/03/2021', '25894', 'Nguyễn Văn A', NULL),
(34, 28084, 28076, 'notification_new_attendance', 'child', '1', NULL, '2021-04-16 14:09:20', '0', '07/03/2021', '25896', 'Nguyễn Văn C', NULL),
(26, 28098, 28076, 'notification_new_attendance', 'child', '4', NULL, '2021-04-16 14:09:20', '0', '07/03/2021', '25923', 'Lưu Ho&agrave;ng Th&uacute;c', NULL),
(40, 28082, 28076, 'notification_new_attendance', 'child', '1', NULL, '2021-04-16 14:09:27', '1', '08/03/2021', '25894', 'Nguyễn Văn A', NULL),
(35, 28084, 28076, 'notification_new_attendance', 'child', '1', NULL, '2021-04-16 14:09:27', '0', '08/03/2021', '25896', 'Nguyễn Văn C', NULL),
(27, 28098, 28076, 'notification_new_attendance', 'child', '4', NULL, '2021-04-16 14:09:27', '0', '08/03/2021', '25923', 'Lưu Ho&agrave;ng Th&uacute;c', NULL),
(41, 28082, 28076, 'notification_new_attendance', 'child', '1', NULL, '2021-04-16 14:09:33', '1', '09/03/2021', '25894', 'Nguyễn Văn A', NULL),
(36, 28084, 28076, 'notification_new_attendance', 'child', '1', NULL, '2021-04-16 14:09:33', '0', '09/03/2021', '25896', 'Nguyễn Văn C', NULL),
(28, 28098, 28076, 'notification_new_attendance', 'child', '4', NULL, '2021-04-16 14:09:33', '0', '09/03/2021', '25923', 'Lưu Ho&agrave;ng Th&uacute;c', NULL),
(42, 28082, 28076, 'notification_new_attendance', 'child', '1', NULL, '2021-04-16 14:09:40', '1', '10/03/2021', '25894', 'Nguyễn Văn A', NULL),
(37, 28084, 28076, 'notification_new_attendance', 'child', '1', NULL, '2021-04-16 14:09:40', '0', '10/03/2021', '25896', 'Nguyễn Văn C', NULL),
(29, 28098, 28076, 'notification_new_attendance', 'child', '4', NULL, '2021-04-16 14:09:40', '0', '10/03/2021', '25923', 'Lưu Ho&agrave;ng Th&uacute;c', NULL),
(43, 28082, 28076, 'notification_new_attendance', 'child', '1', NULL, '2021-04-16 14:09:46', '1', '11/03/2021', '25894', 'Nguyễn Văn A', NULL),
(38, 28084, 28076, 'notification_new_attendance', 'child', '1', NULL, '2021-04-16 14:09:46', '0', '11/03/2021', '25896', 'Nguyễn Văn C', NULL),
(30, 28098, 28076, 'notification_new_attendance', 'child', '4', NULL, '2021-04-16 14:09:46', '0', '11/03/2021', '25923', 'Lưu Ho&agrave;ng Th&uacute;c', NULL),
(44, 28082, 28076, 'notification_new_attendance', 'child', '1', NULL, '2021-04-16 14:09:52', '1', '12/03/2021', '25894', 'Nguyễn Văn A', NULL),
(39, 28084, 28076, 'notification_new_attendance', 'child', '1', NULL, '2021-04-16 14:09:52', '0', '12/03/2021', '25896', 'Nguyễn Văn C', NULL),
(31, 28098, 28076, 'notification_new_attendance', 'child', '4', NULL, '2021-04-16 14:09:52', '0', '12/03/2021', '25923', 'Lưu Ho&agrave;ng Th&uacute;c', NULL),
(45, 28082, 28076, 'notification_new_attendance', 'child', '1', NULL, '2021-04-16 14:10:08', '1', '13/03/2021', '25894', 'Nguyễn Văn A', NULL),
(40, 28084, 28076, 'notification_new_attendance', 'child', '1', NULL, '2021-04-16 14:10:08', '0', '13/03/2021', '25896', 'Nguyễn Văn C', NULL),
(32, 28098, 28076, 'notification_new_attendance', 'child', '4', NULL, '2021-04-16 14:10:08', '0', '13/03/2021', '25923', 'Lưu Ho&agrave;ng Th&uacute;c', NULL),
(46, 28082, 28076, 'notification_new_attendance', 'child', '1', NULL, '2021-04-16 14:10:14', '1', '14/03/2021', '25894', 'Nguyễn Văn A', NULL),
(41, 28084, 28076, 'notification_new_attendance', 'child', '1', NULL, '2021-04-16 14:10:14', '0', '14/03/2021', '25896', 'Nguyễn Văn C', NULL),
(33, 28098, 28076, 'notification_new_attendance', 'child', '4', NULL, '2021-04-16 14:10:14', '0', '14/03/2021', '25923', 'Lưu Ho&agrave;ng Th&uacute;c', NULL),
(20, 28100, 28076, 'notification_update_child_school', 'child', '24076', NULL, '2021-04-16 14:21:22', '0', 'Đinh Th&uacute;c', '24076', 'Trung học cơ sở T&acirc;y Tựu', NULL),
(34, 28098, 28076, 'notification_update_child_school', 'child', '24075', NULL, '2021-04-16 14:41:59', '0', 'Lưu Ho&agrave;ng Th&uacute;c', '24075', 'Trung học cơ sở T&acirc;y Tựu', NULL),
(47, 28082, 28076, 'notification_new_attendance', 'child', '1', NULL, '2021-04-16 14:42:41', '1', '01/01/2021', '25894', 'Nguyễn Văn A', NULL),
(42, 28084, 28076, 'notification_new_attendance', 'child', '1', NULL, '2021-04-16 14:42:41', '0', '01/01/2021', '25896', 'Nguyễn Văn C', NULL),
(35, 28098, 28076, 'notification_new_attendance', 'child', '0', NULL, '2021-04-16 14:42:41', '0', '01/01/2021', '25923', 'Lưu Ho&agrave;ng Th&uacute;c', NULL),
(48, 28082, 28076, 'notification_new_attendance', 'child', '1', NULL, '2021-04-16 14:43:15', '1', '02/01/2021', '25894', 'Nguyễn Văn A', NULL),
(43, 28084, 28076, 'notification_new_attendance', 'child', '1', NULL, '2021-04-16 14:43:15', '0', '02/01/2021', '25896', 'Nguyễn Văn C', NULL),
(36, 28098, 28076, 'notification_new_attendance', 'child', '0', NULL, '2021-04-16 14:43:15', '0', '02/01/2021', '25923', 'Lưu Ho&agrave;ng Th&uacute;c', NULL),
(21, 28100, 28076, 'notification_update_child_school', 'child', '24076', NULL, '2021-04-16 14:43:52', '0', 'Đinh Th&uacute;c', '24076', 'Trung học cơ sở T&acirc;y Tựu', NULL),
(22, 28100, 28076, 'notification_new_attendance', 'child', '0', NULL, '2021-04-16 14:44:09', '0', '01/01/2021', '25944', 'Đinh Th&uacute;c', NULL),
(23, 28100, 28076, 'notification_new_attendance', 'child', '0', NULL, '2021-04-16 14:44:15', '0', '02/01/2021', '25944', 'Đinh Th&uacute;c', NULL),
(49, 28082, 28076, 'notification_new_attendance', 'child', '1', NULL, '2021-04-16 14:44:21', '1', '03/01/2021', '25894', 'Nguyễn Văn A', NULL),
(44, 28084, 28076, 'notification_new_attendance', 'child', '1', NULL, '2021-04-16 14:44:21', '0', '03/01/2021', '25896', 'Nguyễn Văn C', NULL),
(24, 28100, 28076, 'notification_new_attendance', 'child', '0', NULL, '2021-04-16 14:44:21', '0', '03/01/2021', '25944', 'Đinh Th&uacute;c', NULL),
(37, 28098, 28076, 'notification_new_attendance', 'child', '0', NULL, '2021-04-16 14:44:21', '0', '03/01/2021', '25923', 'Lưu Ho&agrave;ng Th&uacute;c', NULL),
(50, 28082, 28076, 'notification_new_attendance', 'child', '1', NULL, '2021-04-16 14:44:31', '1', '04/01/2021', '25894', 'Nguyễn Văn A', NULL),
(45, 28084, 28076, 'notification_new_attendance', 'child', '1', NULL, '2021-04-16 14:44:31', '0', '04/01/2021', '25896', 'Nguyễn Văn C', NULL),
(25, 28100, 28076, 'notification_new_attendance', 'child', '1', NULL, '2021-04-16 14:44:31', '0', '04/01/2021', '25944', 'Đinh Th&uacute;c', NULL),
(38, 28098, 28076, 'notification_new_attendance', 'child', '1', NULL, '2021-04-16 14:44:31', '0', '04/01/2021', '25923', 'Lưu Ho&agrave;ng Th&uacute;c', NULL),
(26, 28100, 28076, 'notification_update_attendance', 'child', '0', NULL, '2021-04-16 14:44:41', '0', '04/01/2021', '25944', 'Đinh Th&uacute;c', NULL),
(51, 28082, 28076, 'notification_new_attendance', 'child', '1', NULL, '2021-04-16 14:44:47', '1', '05/01/2021', '25894', 'Nguyễn Văn A', NULL),
(46, 28084, 28076, 'notification_new_attendance', 'child', '1', NULL, '2021-04-16 14:44:47', '0', '05/01/2021', '25896', 'Nguyễn Văn C', NULL),
(27, 28100, 28076, 'notification_new_attendance', 'child', '0', NULL, '2021-04-16 14:44:47', '0', '05/01/2021', '25944', 'Đinh Th&uacute;c', NULL),
(39, 28098, 28076, 'notification_new_attendance', 'child', '1', NULL, '2021-04-16 14:44:47', '0', '05/01/2021', '25923', 'Lưu Ho&agrave;ng Th&uacute;c', NULL),
(52, 28082, 28076, 'notification_new_attendance', 'child', '1', NULL, '2021-04-16 14:44:53', '1', '06/01/2021', '25894', 'Nguyễn Văn A', NULL),
(47, 28084, 28076, 'notification_new_attendance', 'child', '1', NULL, '2021-04-16 14:44:53', '0', '06/01/2021', '25896', 'Nguyễn Văn C', NULL),
(28, 28100, 28076, 'notification_new_attendance', 'child', '0', NULL, '2021-04-16 14:44:53', '0', '06/01/2021', '25944', 'Đinh Th&uacute;c', NULL),
(40, 28098, 28076, 'notification_new_attendance', 'child', '1', NULL, '2021-04-16 14:44:53', '0', '06/01/2021', '25923', 'Lưu Ho&agrave;ng Th&uacute;c', NULL),
(53, 28082, 28076, 'notification_new_attendance', 'child', '1', NULL, '2021-04-16 14:44:58', '1', '07/01/2021', '25894', 'Nguyễn Văn A', NULL),
(48, 28084, 28076, 'notification_new_attendance', 'child', '1', NULL, '2021-04-16 14:44:58', '0', '07/01/2021', '25896', 'Nguyễn Văn C', NULL),
(29, 28100, 28076, 'notification_new_attendance', 'child', '0', NULL, '2021-04-16 14:44:58', '0', '07/01/2021', '25944', 'Đinh Th&uacute;c', NULL),
(41, 28098, 28076, 'notification_new_attendance', 'child', '1', NULL, '2021-04-16 14:44:58', '0', '07/01/2021', '25923', 'Lưu Ho&agrave;ng Th&uacute;c', NULL),
(54, 28082, 28076, 'notification_new_attendance', 'child', '1', NULL, '2021-04-16 14:45:04', '1', '08/01/2021', '25894', 'Nguyễn Văn A', NULL),
(49, 28084, 28076, 'notification_new_attendance', 'child', '1', NULL, '2021-04-16 14:45:04', '0', '08/01/2021', '25896', 'Nguyễn Văn C', NULL),
(30, 28100, 28076, 'notification_new_attendance', 'child', '0', NULL, '2021-04-16 14:45:04', '0', '08/01/2021', '25944', 'Đinh Th&uacute;c', NULL),
(42, 28098, 28076, 'notification_new_attendance', 'child', '1', NULL, '2021-04-16 14:45:04', '0', '08/01/2021', '25923', 'Lưu Ho&agrave;ng Th&uacute;c', NULL),
(55, 28082, 28076, 'notification_new_attendance', 'child', '1', NULL, '2021-04-16 14:45:10', '1', '09/01/2021', '25894', 'Nguyễn Văn A', NULL),
(50, 28084, 28076, 'notification_new_attendance', 'child', '1', NULL, '2021-04-16 14:45:10', '0', '09/01/2021', '25896', 'Nguyễn Văn C', NULL),
(31, 28100, 28076, 'notification_new_attendance', 'child', '0', NULL, '2021-04-16 14:45:10', '0', '09/01/2021', '25944', 'Đinh Th&uacute;c', NULL),
(43, 28098, 28076, 'notification_new_attendance', 'child', '1', NULL, '2021-04-16 14:45:10', '0', '09/01/2021', '25923', 'Lưu Ho&agrave;ng Th&uacute;c', NULL);
INSERT INTO `notifications` (`notification_id`, `to_user_id`, `from_user_id`, `action`, `node_type`, `node_url`, `notify_id`, `time`, `seen`, `extra1`, `extra2`, `extra3`, `message`) VALUES
(56, 28082, 28076, 'notification_new_attendance', 'child', '1', NULL, '2021-04-16 14:45:15', '1', '10/01/2021', '25894', 'Nguyễn Văn A', NULL),
(51, 28084, 28076, 'notification_new_attendance', 'child', '1', NULL, '2021-04-16 14:45:15', '0', '10/01/2021', '25896', 'Nguyễn Văn C', NULL),
(32, 28100, 28076, 'notification_new_attendance', 'child', '0', NULL, '2021-04-16 14:45:15', '0', '10/01/2021', '25944', 'Đinh Th&uacute;c', NULL),
(44, 28098, 28076, 'notification_new_attendance', 'child', '1', NULL, '2021-04-16 14:45:15', '0', '10/01/2021', '25923', 'Lưu Ho&agrave;ng Th&uacute;c', NULL),
(57, 28082, 28076, 'notification_new_attendance', 'child', '1', NULL, '2021-04-16 14:45:21', '1', '11/01/2021', '25894', 'Nguyễn Văn A', NULL),
(52, 28084, 28076, 'notification_new_attendance', 'child', '1', NULL, '2021-04-16 14:45:21', '0', '11/01/2021', '25896', 'Nguyễn Văn C', NULL),
(33, 28100, 28076, 'notification_new_attendance', 'child', '0', NULL, '2021-04-16 14:45:21', '0', '11/01/2021', '25944', 'Đinh Th&uacute;c', NULL),
(45, 28098, 28076, 'notification_new_attendance', 'child', '1', NULL, '2021-04-16 14:45:21', '0', '11/01/2021', '25923', 'Lưu Ho&agrave;ng Th&uacute;c', NULL),
(58, 28082, 28076, 'notification_new_attendance', 'child', '1', NULL, '2021-04-16 14:45:27', '1', '12/01/2021', '25894', 'Nguyễn Văn A', NULL),
(53, 28084, 28076, 'notification_new_attendance', 'child', '1', NULL, '2021-04-16 14:45:27', '0', '12/01/2021', '25896', 'Nguyễn Văn C', NULL),
(34, 28100, 28076, 'notification_new_attendance', 'child', '0', NULL, '2021-04-16 14:45:27', '0', '12/01/2021', '25944', 'Đinh Th&uacute;c', NULL),
(46, 28098, 28076, 'notification_new_attendance', 'child', '1', NULL, '2021-04-16 14:45:27', '0', '12/01/2021', '25923', 'Lưu Ho&agrave;ng Th&uacute;c', NULL),
(59, 28082, 28076, 'notification_new_attendance', 'child', '1', NULL, '2021-04-16 14:45:34', '1', '13/01/2021', '25894', 'Nguyễn Văn A', NULL),
(54, 28084, 28076, 'notification_new_attendance', 'child', '1', NULL, '2021-04-16 14:45:34', '0', '13/01/2021', '25896', 'Nguyễn Văn C', NULL),
(35, 28100, 28076, 'notification_new_attendance', 'child', '0', NULL, '2021-04-16 14:45:34', '0', '13/01/2021', '25944', 'Đinh Th&uacute;c', NULL),
(47, 28098, 28076, 'notification_new_attendance', 'child', '1', NULL, '2021-04-16 14:45:34', '0', '13/01/2021', '25923', 'Lưu Ho&agrave;ng Th&uacute;c', NULL),
(60, 28082, 28076, 'notification_new_attendance', 'child', '1', NULL, '2021-04-16 14:45:39', '1', '14/01/2021', '25894', 'Nguyễn Văn A', NULL),
(55, 28084, 28076, 'notification_new_attendance', 'child', '1', NULL, '2021-04-16 14:45:39', '0', '14/01/2021', '25896', 'Nguyễn Văn C', NULL),
(36, 28100, 28076, 'notification_new_attendance', 'child', '0', NULL, '2021-04-16 14:45:39', '0', '14/01/2021', '25944', 'Đinh Th&uacute;c', NULL),
(48, 28098, 28076, 'notification_new_attendance', 'child', '1', NULL, '2021-04-16 14:45:39', '0', '14/01/2021', '25923', 'Lưu Ho&agrave;ng Th&uacute;c', NULL),
(61, 28082, 28076, 'notification_new_attendance', 'child', '1', NULL, '2021-04-16 14:45:44', '1', '15/01/2021', '25894', 'Nguyễn Văn A', NULL),
(56, 28084, 28076, 'notification_new_attendance', 'child', '1', NULL, '2021-04-16 14:45:44', '0', '15/01/2021', '25896', 'Nguyễn Văn C', NULL),
(37, 28100, 28076, 'notification_new_attendance', 'child', '0', NULL, '2021-04-16 14:45:44', '0', '15/01/2021', '25944', 'Đinh Th&uacute;c', NULL),
(49, 28098, 28076, 'notification_new_attendance', 'child', '1', NULL, '2021-04-16 14:45:44', '0', '15/01/2021', '25923', 'Lưu Ho&agrave;ng Th&uacute;c', NULL),
(62, 28082, 28076, 'notification_new_attendance', 'child', '1', NULL, '2021-04-16 14:45:49', '1', '16/01/2021', '25894', 'Nguyễn Văn A', NULL),
(57, 28084, 28076, 'notification_new_attendance', 'child', '1', NULL, '2021-04-16 14:45:49', '0', '16/01/2021', '25896', 'Nguyễn Văn C', NULL),
(38, 28100, 28076, 'notification_new_attendance', 'child', '0', NULL, '2021-04-16 14:45:49', '0', '16/01/2021', '25944', 'Đinh Th&uacute;c', NULL),
(50, 28098, 28076, 'notification_new_attendance', 'child', '1', NULL, '2021-04-16 14:45:49', '0', '16/01/2021', '25923', 'Lưu Ho&agrave;ng Th&uacute;c', NULL),
(63, 28082, 28076, 'notification_new_attendance', 'child', '1', NULL, '2021-04-16 14:45:55', '1', '17/01/2021', '25894', 'Nguyễn Văn A', NULL),
(58, 28084, 28076, 'notification_new_attendance', 'child', '1', NULL, '2021-04-16 14:45:55', '0', '17/01/2021', '25896', 'Nguyễn Văn C', NULL),
(39, 28100, 28076, 'notification_new_attendance', 'child', '0', NULL, '2021-04-16 14:45:55', '0', '17/01/2021', '25944', 'Đinh Th&uacute;c', NULL),
(51, 28098, 28076, 'notification_new_attendance', 'child', '1', NULL, '2021-04-16 14:45:55', '0', '17/01/2021', '25923', 'Lưu Ho&agrave;ng Th&uacute;c', NULL),
(64, 28082, 28076, 'notification_new_attendance', 'child', '1', NULL, '2021-04-16 14:46:00', '1', '18/01/2021', '25894', 'Nguyễn Văn A', NULL),
(59, 28084, 28076, 'notification_new_attendance', 'child', '1', NULL, '2021-04-16 14:46:00', '0', '18/01/2021', '25896', 'Nguyễn Văn C', NULL),
(40, 28100, 28076, 'notification_new_attendance', 'child', '0', NULL, '2021-04-16 14:46:00', '0', '18/01/2021', '25944', 'Đinh Th&uacute;c', NULL),
(52, 28098, 28076, 'notification_new_attendance', 'child', '1', NULL, '2021-04-16 14:46:00', '0', '18/01/2021', '25923', 'Lưu Ho&agrave;ng Th&uacute;c', NULL),
(65, 28082, 28076, 'notification_new_attendance', 'child', '1', NULL, '2021-04-16 14:46:06', '1', '19/01/2021', '25894', 'Nguyễn Văn A', NULL),
(60, 28084, 28076, 'notification_new_attendance', 'child', '1', NULL, '2021-04-16 14:46:06', '0', '19/01/2021', '25896', 'Nguyễn Văn C', NULL),
(41, 28100, 28076, 'notification_new_attendance', 'child', '0', NULL, '2021-04-16 14:46:06', '0', '19/01/2021', '25944', 'Đinh Th&uacute;c', NULL),
(53, 28098, 28076, 'notification_new_attendance', 'child', '1', NULL, '2021-04-16 14:46:06', '0', '19/01/2021', '25923', 'Lưu Ho&agrave;ng Th&uacute;c', NULL),
(66, 28082, 28076, 'notification_new_attendance', 'child', '1', NULL, '2021-04-16 14:46:11', '1', '20/01/2021', '25894', 'Nguyễn Văn A', NULL),
(61, 28084, 28076, 'notification_new_attendance', 'child', '1', NULL, '2021-04-16 14:46:11', '0', '20/01/2021', '25896', 'Nguyễn Văn C', NULL),
(42, 28100, 28076, 'notification_new_attendance', 'child', '0', NULL, '2021-04-16 14:46:11', '0', '20/01/2021', '25944', 'Đinh Th&uacute;c', NULL),
(54, 28098, 28076, 'notification_new_attendance', 'child', '1', NULL, '2021-04-16 14:46:11', '0', '20/01/2021', '25923', 'Lưu Ho&agrave;ng Th&uacute;c', NULL),
(67, 28082, 28076, 'notification_new_attendance', 'child', '1', NULL, '2021-04-16 14:46:17', '1', '21/01/2021', '25894', 'Nguyễn Văn A', NULL),
(62, 28084, 28076, 'notification_new_attendance', 'child', '1', NULL, '2021-04-16 14:46:17', '0', '21/01/2021', '25896', 'Nguyễn Văn C', NULL),
(43, 28100, 28076, 'notification_new_attendance', 'child', '0', NULL, '2021-04-16 14:46:17', '0', '21/01/2021', '25944', 'Đinh Th&uacute;c', NULL),
(55, 28098, 28076, 'notification_new_attendance', 'child', '1', NULL, '2021-04-16 14:46:17', '0', '21/01/2021', '25923', 'Lưu Ho&agrave;ng Th&uacute;c', NULL),
(68, 28082, 28076, 'notification_new_attendance', 'child', '1', NULL, '2021-04-16 14:46:22', '1', '22/01/2021', '25894', 'Nguyễn Văn A', NULL),
(63, 28084, 28076, 'notification_new_attendance', 'child', '1', NULL, '2021-04-16 14:46:22', '0', '22/01/2021', '25896', 'Nguyễn Văn C', NULL),
(44, 28100, 28076, 'notification_new_attendance', 'child', '0', NULL, '2021-04-16 14:46:22', '0', '22/01/2021', '25944', 'Đinh Th&uacute;c', NULL),
(56, 28098, 28076, 'notification_new_attendance', 'child', '1', NULL, '2021-04-16 14:46:22', '0', '22/01/2021', '25923', 'Lưu Ho&agrave;ng Th&uacute;c', NULL),
(69, 28082, 28076, 'notification_new_attendance', 'child', '1', NULL, '2021-04-16 14:46:27', '1', '23/01/2021', '25894', 'Nguyễn Văn A', NULL),
(64, 28084, 28076, 'notification_new_attendance', 'child', '1', NULL, '2021-04-16 14:46:27', '0', '23/01/2021', '25896', 'Nguyễn Văn C', NULL),
(45, 28100, 28076, 'notification_new_attendance', 'child', '0', NULL, '2021-04-16 14:46:27', '0', '23/01/2021', '25944', 'Đinh Th&uacute;c', NULL),
(57, 28098, 28076, 'notification_new_attendance', 'child', '1', NULL, '2021-04-16 14:46:27', '0', '23/01/2021', '25923', 'Lưu Ho&agrave;ng Th&uacute;c', NULL),
(70, 28082, 28076, 'notification_new_attendance', 'child', '1', NULL, '2021-04-16 14:46:32', '1', '24/01/2021', '25894', 'Nguyễn Văn A', NULL),
(65, 28084, 28076, 'notification_new_attendance', 'child', '1', NULL, '2021-04-16 14:46:32', '0', '24/01/2021', '25896', 'Nguyễn Văn C', NULL),
(46, 28100, 28076, 'notification_new_attendance', 'child', '0', NULL, '2021-04-16 14:46:32', '0', '24/01/2021', '25944', 'Đinh Th&uacute;c', NULL),
(58, 28098, 28076, 'notification_new_attendance', 'child', '1', NULL, '2021-04-16 14:46:32', '0', '24/01/2021', '25923', 'Lưu Ho&agrave;ng Th&uacute;c', NULL),
(71, 28082, 28076, 'notification_new_attendance', 'child', '1', NULL, '2021-04-16 14:46:47', '1', '25/01/2021', '25894', 'Nguyễn Văn A', NULL),
(66, 28084, 28076, 'notification_new_attendance', 'child', '1', NULL, '2021-04-16 14:46:47', '0', '25/01/2021', '25896', 'Nguyễn Văn C', NULL),
(47, 28100, 28076, 'notification_new_attendance', 'child', '0', NULL, '2021-04-16 14:46:47', '0', '25/01/2021', '25944', 'Đinh Th&uacute;c', NULL),
(59, 28098, 28076, 'notification_new_attendance', 'child', '1', NULL, '2021-04-16 14:46:47', '0', '25/01/2021', '25923', 'Lưu Ho&agrave;ng Th&uacute;c', NULL),
(72, 28082, 28076, 'notification_new_attendance', 'child', '1', NULL, '2021-04-16 14:46:53', '1', '26/01/2021', '25894', 'Nguyễn Văn A', NULL),
(67, 28084, 28076, 'notification_new_attendance', 'child', '1', NULL, '2021-04-16 14:46:53', '0', '26/01/2021', '25896', 'Nguyễn Văn C', NULL),
(48, 28100, 28076, 'notification_new_attendance', 'child', '0', NULL, '2021-04-16 14:46:53', '0', '26/01/2021', '25944', 'Đinh Th&uacute;c', NULL),
(60, 28098, 28076, 'notification_new_attendance', 'child', '1', NULL, '2021-04-16 14:46:53', '0', '26/01/2021', '25923', 'Lưu Ho&agrave;ng Th&uacute;c', NULL),
(73, 28082, 28076, 'notification_new_attendance', 'child', '1', NULL, '2021-04-16 14:46:58', '1', '27/01/2021', '25894', 'Nguyễn Văn A', NULL),
(68, 28084, 28076, 'notification_new_attendance', 'child', '1', NULL, '2021-04-16 14:46:58', '0', '27/01/2021', '25896', 'Nguyễn Văn C', NULL),
(49, 28100, 28076, 'notification_new_attendance', 'child', '0', NULL, '2021-04-16 14:46:58', '0', '27/01/2021', '25944', 'Đinh Th&uacute;c', NULL),
(61, 28098, 28076, 'notification_new_attendance', 'child', '1', NULL, '2021-04-16 14:46:58', '0', '27/01/2021', '25923', 'Lưu Ho&agrave;ng Th&uacute;c', NULL),
(74, 28082, 28076, 'notification_new_attendance', 'child', '1', NULL, '2021-04-16 14:47:03', '1', '28/01/2021', '25894', 'Nguyễn Văn A', NULL),
(69, 28084, 28076, 'notification_new_attendance', 'child', '1', NULL, '2021-04-16 14:47:03', '0', '28/01/2021', '25896', 'Nguyễn Văn C', NULL),
(50, 28100, 28076, 'notification_new_attendance', 'child', '0', NULL, '2021-04-16 14:47:03', '0', '28/01/2021', '25944', 'Đinh Th&uacute;c', NULL),
(62, 28098, 28076, 'notification_new_attendance', 'child', '1', NULL, '2021-04-16 14:47:03', '0', '28/01/2021', '25923', 'Lưu Ho&agrave;ng Th&uacute;c', NULL),
(75, 28082, 28076, 'notification_new_attendance', 'child', '1', NULL, '2021-04-16 14:47:08', '1', '29/01/2021', '25894', 'Nguyễn Văn A', NULL),
(70, 28084, 28076, 'notification_new_attendance', 'child', '1', NULL, '2021-04-16 14:47:08', '0', '29/01/2021', '25896', 'Nguyễn Văn C', NULL),
(51, 28100, 28076, 'notification_new_attendance', 'child', '0', NULL, '2021-04-16 14:47:08', '0', '29/01/2021', '25944', 'Đinh Th&uacute;c', NULL),
(63, 28098, 28076, 'notification_new_attendance', 'child', '1', NULL, '2021-04-16 14:47:08', '0', '29/01/2021', '25923', 'Lưu Ho&agrave;ng Th&uacute;c', NULL),
(76, 28082, 28076, 'notification_new_attendance', 'child', '1', NULL, '2021-04-16 14:47:13', '1', '30/01/2021', '25894', 'Nguyễn Văn A', NULL),
(71, 28084, 28076, 'notification_new_attendance', 'child', '1', NULL, '2021-04-16 14:47:13', '0', '30/01/2021', '25896', 'Nguyễn Văn C', NULL),
(52, 28100, 28076, 'notification_new_attendance', 'child', '0', NULL, '2021-04-16 14:47:13', '0', '30/01/2021', '25944', 'Đinh Th&uacute;c', NULL),
(64, 28098, 28076, 'notification_new_attendance', 'child', '1', NULL, '2021-04-16 14:47:13', '0', '30/01/2021', '25923', 'Lưu Ho&agrave;ng Th&uacute;c', NULL),
(77, 28082, 28076, 'notification_new_attendance', 'child', '1', NULL, '2021-04-16 14:47:18', '1', '31/01/2021', '25894', 'Nguyễn Văn A', NULL),
(72, 28084, 28076, 'notification_new_attendance', 'child', '1', NULL, '2021-04-16 14:47:18', '0', '31/01/2021', '25896', 'Nguyễn Văn C', NULL),
(53, 28100, 28076, 'notification_new_attendance', 'child', '0', NULL, '2021-04-16 14:47:18', '0', '31/01/2021', '25944', 'Đinh Th&uacute;c', NULL),
(65, 28098, 28076, 'notification_new_attendance', 'child', '1', NULL, '2021-04-16 14:47:18', '0', '31/01/2021', '25923', 'Lưu Ho&agrave;ng Th&uacute;c', NULL),
(78, 28082, 28076, 'notification_new_attendance', 'child', '1', NULL, '2021-04-16 14:47:31', '1', '01/02/2021', '25894', 'Nguyễn Văn A', NULL),
(73, 28084, 28076, 'notification_new_attendance', 'child', '1', NULL, '2021-04-16 14:47:31', '0', '01/02/2021', '25896', 'Nguyễn Văn C', NULL),
(1, 28102, 28076, 'notification_new_attendance', 'child', '1', NULL, '2021-04-16 14:47:31', '1', '01/02/2021', '25945', 'Triệu Tử Long', NULL),
(54, 28100, 28076, 'notification_new_attendance', 'child', '1', NULL, '2021-04-16 14:47:31', '0', '01/02/2021', '25944', 'Đinh Th&uacute;c', NULL),
(66, 28098, 28076, 'notification_new_attendance', 'child', '0', NULL, '2021-04-16 14:47:31', '0', '01/02/2021', '25923', 'Lưu Ho&agrave;ng Th&uacute;c', NULL),
(79, 28082, 28076, 'notification_new_attendance', 'child', '1', NULL, '2021-04-16 14:47:36', '1', '02/02/2021', '25894', 'Nguyễn Văn A', NULL),
(74, 28084, 28076, 'notification_new_attendance', 'child', '1', NULL, '2021-04-16 14:47:36', '0', '02/02/2021', '25896', 'Nguyễn Văn C', NULL),
(2, 28102, 28076, 'notification_new_attendance', 'child', '1', NULL, '2021-04-16 14:47:36', '1', '02/02/2021', '25945', 'Triệu Tử Long', NULL),
(55, 28100, 28076, 'notification_new_attendance', 'child', '1', NULL, '2021-04-16 14:47:36', '0', '02/02/2021', '25944', 'Đinh Th&uacute;c', NULL),
(67, 28098, 28076, 'notification_new_attendance', 'child', '0', NULL, '2021-04-16 14:47:36', '0', '02/02/2021', '25923', 'Lưu Ho&agrave;ng Th&uacute;c', NULL),
(56, 28100, 28076, 'notification_update_attendance', 'child', '0', NULL, '2021-04-16 14:47:48', '0', '02/02/2021', '25944', 'Đinh Th&uacute;c', NULL),
(80, 28082, 28076, 'notification_new_attendance', 'child', '1', NULL, '2021-04-16 14:47:55', '1', '03/02/2021', '25894', 'Nguyễn Văn A', NULL),
(75, 28084, 28076, 'notification_new_attendance', 'child', '1', NULL, '2021-04-16 14:47:55', '0', '03/02/2021', '25896', 'Nguyễn Văn C', NULL),
(3, 28102, 28076, 'notification_new_attendance', 'child', '1', NULL, '2021-04-16 14:47:55', '1', '03/02/2021', '25945', 'Triệu Tử Long', NULL),
(57, 28100, 28076, 'notification_new_attendance', 'child', '0', NULL, '2021-04-16 14:47:55', '0', '03/02/2021', '25944', 'Đinh Th&uacute;c', NULL),
(68, 28098, 28076, 'notification_new_attendance', 'child', '1', NULL, '2021-04-16 14:47:55', '0', '03/02/2021', '25923', 'Lưu Ho&agrave;ng Th&uacute;c', NULL),
(81, 28082, 28076, 'notification_new_attendance', 'child', '1', NULL, '2021-04-16 14:48:00', '1', '04/02/2021', '25894', 'Nguyễn Văn A', NULL),
(76, 28084, 28076, 'notification_new_attendance', 'child', '1', NULL, '2021-04-16 14:48:00', '0', '04/02/2021', '25896', 'Nguyễn Văn C', NULL),
(4, 28102, 28076, 'notification_new_attendance', 'child', '1', NULL, '2021-04-16 14:48:00', '1', '04/02/2021', '25945', 'Triệu Tử Long', NULL),
(58, 28100, 28076, 'notification_new_attendance', 'child', '0', NULL, '2021-04-16 14:48:00', '0', '04/02/2021', '25944', 'Đinh Th&uacute;c', NULL),
(69, 28098, 28076, 'notification_new_attendance', 'child', '1', NULL, '2021-04-16 14:48:00', '0', '04/02/2021', '25923', 'Lưu Ho&agrave;ng Th&uacute;c', NULL),
(82, 28082, 28076, 'notification_new_attendance', 'child', '1', NULL, '2021-04-16 14:48:07', '1', '05/02/2021', '25894', 'Nguyễn Văn A', NULL),
(77, 28084, 28076, 'notification_new_attendance', 'child', '1', NULL, '2021-04-16 14:48:07', '0', '05/02/2021', '25896', 'Nguyễn Văn C', NULL),
(5, 28102, 28076, 'notification_new_attendance', 'child', '1', NULL, '2021-04-16 14:48:07', '1', '05/02/2021', '25945', 'Triệu Tử Long', NULL),
(59, 28100, 28076, 'notification_new_attendance', 'child', '0', NULL, '2021-04-16 14:48:07', '0', '05/02/2021', '25944', 'Đinh Th&uacute;c', NULL),
(70, 28098, 28076, 'notification_new_attendance', 'child', '1', NULL, '2021-04-16 14:48:07', '0', '05/02/2021', '25923', 'Lưu Ho&agrave;ng Th&uacute;c', NULL),
(83, 28082, 28076, 'notification_new_attendance', 'child', '1', NULL, '2021-04-16 14:48:18', '1', '06/02/2021', '25894', 'Nguyễn Văn A', NULL),
(78, 28084, 28076, 'notification_new_attendance', 'child', '1', NULL, '2021-04-16 14:48:18', '0', '06/02/2021', '25896', 'Nguyễn Văn C', NULL),
(6, 28102, 28076, 'notification_new_attendance', 'child', '1', NULL, '2021-04-16 14:48:18', '1', '06/02/2021', '25945', 'Triệu Tử Long', NULL),
(60, 28100, 28076, 'notification_new_attendance', 'child', '0', NULL, '2021-04-16 14:48:18', '0', '06/02/2021', '25944', 'Đinh Th&uacute;c', NULL),
(71, 28098, 28076, 'notification_new_attendance', 'child', '1', NULL, '2021-04-16 14:48:18', '0', '06/02/2021', '25923', 'Lưu Ho&agrave;ng Th&uacute;c', NULL),
(84, 28082, 28076, 'notification_new_attendance', 'child', '1', NULL, '2021-04-16 14:48:24', '1', '07/02/2021', '25894', 'Nguyễn Văn A', NULL),
(79, 28084, 28076, 'notification_new_attendance', 'child', '1', NULL, '2021-04-16 14:48:24', '0', '07/02/2021', '25896', 'Nguyễn Văn C', NULL),
(7, 28102, 28076, 'notification_new_attendance', 'child', '1', NULL, '2021-04-16 14:48:24', '1', '07/02/2021', '25945', 'Triệu Tử Long', NULL),
(61, 28100, 28076, 'notification_new_attendance', 'child', '0', NULL, '2021-04-16 14:48:24', '0', '07/02/2021', '25944', 'Đinh Th&uacute;c', NULL),
(72, 28098, 28076, 'notification_new_attendance', 'child', '1', NULL, '2021-04-16 14:48:24', '0', '07/02/2021', '25923', 'Lưu Ho&agrave;ng Th&uacute;c', NULL),
(85, 28082, 28076, 'notification_new_attendance', 'child', '1', NULL, '2021-04-16 14:48:31', '1', '08/02/2021', '25894', 'Nguyễn Văn A', NULL),
(80, 28084, 28076, 'notification_new_attendance', 'child', '1', NULL, '2021-04-16 14:48:31', '0', '08/02/2021', '25896', 'Nguyễn Văn C', NULL),
(8, 28102, 28076, 'notification_new_attendance', 'child', '1', NULL, '2021-04-16 14:48:31', '1', '08/02/2021', '25945', 'Triệu Tử Long', NULL),
(62, 28100, 28076, 'notification_new_attendance', 'child', '0', NULL, '2021-04-16 14:48:31', '0', '08/02/2021', '25944', 'Đinh Th&uacute;c', NULL),
(73, 28098, 28076, 'notification_new_attendance', 'child', '1', NULL, '2021-04-16 14:48:31', '0', '08/02/2021', '25923', 'Lưu Ho&agrave;ng Th&uacute;c', NULL),
(86, 28082, 28076, 'notification_new_attendance', 'child', '1', NULL, '2021-04-16 14:48:39', '1', '09/02/2021', '25894', 'Nguyễn Văn A', NULL),
(81, 28084, 28076, 'notification_new_attendance', 'child', '1', NULL, '2021-04-16 14:48:39', '0', '09/02/2021', '25896', 'Nguyễn Văn C', NULL),
(9, 28102, 28076, 'notification_new_attendance', 'child', '1', NULL, '2021-04-16 14:48:39', '1', '09/02/2021', '25945', 'Triệu Tử Long', NULL),
(63, 28100, 28076, 'notification_new_attendance', 'child', '0', NULL, '2021-04-16 14:48:39', '0', '09/02/2021', '25944', 'Đinh Th&uacute;c', NULL),
(74, 28098, 28076, 'notification_new_attendance', 'child', '1', NULL, '2021-04-16 14:48:39', '0', '09/02/2021', '25923', 'Lưu Ho&agrave;ng Th&uacute;c', NULL),
(22, 28077, 28076, 'notification_new_report_template', 'class', '284', NULL, '2021-04-20 13:05:50', '1', 'Trung học cơ sở T&acirc;y Tựu', '1617245782', 'Title của xem điểm', NULL),
(15, 28078, 28076, 'notification_new_report_template', 'class', '284', NULL, '2021-04-20 13:05:50', '0', 'Trung học cơ sở T&acirc;y Tựu', '1617245808', 'Title của xem điểm', NULL),
(8, 28079, 28076, 'notification_new_report_template', 'class', '284', NULL, '2021-04-20 13:05:50', '0', 'Trung học cơ sở T&acirc;y Tựu', '1617245831', 'Title của xem điểm', NULL),
(9, 28079, 28076, 'notification_new_report_template', 'class', '284', NULL, '2021-04-20 13:05:50', '0', 'Trung học cơ sở T&acirc;y Tựu', '1617245852', 'Title của xem điểm', NULL),
(12, 28080, 28076, 'notification_new_report_template', 'class', '284', NULL, '2021-04-20 13:05:50', '0', 'Trung học cơ sở T&acirc;y Tựu', '1617245852', 'Title của xem điểm', NULL),
(13, 28080, 28076, 'notification_new_report_template', 'class', '284', NULL, '2021-04-20 13:05:50', '0', 'Trung học cơ sở T&acirc;y Tựu', '1617245880', 'Title của xem điểm', NULL),
(8, 28081, 28076, 'notification_new_report_template', 'class', '284', NULL, '2021-04-20 13:05:50', '0', 'Trung học cơ sở T&acirc;y Tựu', '1617245880', 'Title của xem điểm', NULL),
(14, 28080, 28076, 'notification_new_report_template', 'class', '284', NULL, '2021-04-20 13:05:50', '0', 'Trung học cơ sở T&acirc;y Tựu', '1617245900', 'Title của xem điểm', NULL),
(9, 28081, 28076, 'notification_new_report_template', 'class', '284', NULL, '2021-04-20 13:05:50', '0', 'Trung học cơ sở T&acirc;y Tựu', '1617245900', 'Title của xem điểm', NULL),
(23, 28077, 28076, 'notification_new_report_template', 'class', '284', NULL, '2021-04-20 13:05:50', '1', 'Trung học cơ sở T&acirc;y Tựu', '1617245919', 'Title của xem điểm', NULL),
(10, 28102, 28076, 'notification_new_report', 'child', '156291', NULL, '2021-04-20 13:30:19', '1', 'title create contactbook', '25945', 'Triệu Tử Long', NULL),
(11, 28102, 28076, 'notification_new_report', 'child', '156299', NULL, '2021-04-20 16:01:21', '1', 'test 2', '25945', 'Triệu Tử Long', NULL),
(15, 28096, 28076, 'notification_new_point', 'child', '28076', NULL, '2021-04-22 08:40:52', '0', 'L&yacute;', '25918', 'Nguyễn Văn  A', NULL),
(75, 28098, 28076, 'notification_new_point', 'child', '28076', NULL, '2021-04-22 08:40:52', '0', 'L&yacute;', '25923', 'Lưu Ho&agrave;ng  Th&uacute;c', NULL),
(64, 28100, 28076, 'notification_new_point', 'child', '28076', NULL, '2021-04-22 08:40:52', '0', 'L&yacute;', '25944', 'Đinh  Th&uacute;c', NULL),
(12, 28102, 28076, 'notification_new_point', 'child', '28076', NULL, '2021-04-22 08:40:52', '1', 'L&yacute;', '25945', 'Triệu Tử  Long', NULL),
(1, 28104, 28076, 'notification_new_point', 'child', '28076', NULL, '2021-04-22 08:40:52', '0', 'L&yacute;', '25946', 'Em thứ 2 của Triệu Tử  Long', NULL),
(16, 28096, 28076, 'notification_new_point', 'child', '28076', NULL, '2021-04-22 08:41:28', '0', 'L&yacute;', '25918', 'Nguyễn Văn  A', NULL),
(76, 28098, 28076, 'notification_new_point', 'child', '28076', NULL, '2021-04-22 08:41:28', '0', 'L&yacute;', '25923', 'Lưu Ho&agrave;ng  Th&uacute;c', NULL),
(65, 28100, 28076, 'notification_new_point', 'child', '28076', NULL, '2021-04-22 08:41:28', '0', 'L&yacute;', '25944', 'Đinh  Th&uacute;c', NULL),
(13, 28102, 28076, 'notification_new_point', 'child', '28076', NULL, '2021-04-22 08:41:28', '1', 'L&yacute;', '25945', 'Triệu Tử  Long', NULL),
(2, 28104, 28076, 'notification_new_point', 'child', '28076', NULL, '2021-04-22 08:41:28', '0', 'L&yacute;', '25946', 'Em thứ 2 của Triệu Tử  Long', NULL),
(17, 28096, 28076, 'notification_new_point', 'child', '28076', NULL, '2021-04-22 09:59:57', '0', 'L&yacute;', '25918', 'Nguyễn Văn  A', NULL),
(1, 25918, 28076, 'notification_new_point', 'child', '28076', NULL, '2021-04-22 09:59:57', '0', 'L&yacute;', '25918', 'Nguyễn Văn  A', NULL),
(77, 28098, 28076, 'notification_new_point', 'child', '28076', NULL, '2021-04-22 09:59:57', '0', 'L&yacute;', '25923', 'Lưu Ho&agrave;ng  Th&uacute;c', NULL),
(1, 25923, 28076, 'notification_new_point', 'child', '28076', NULL, '2021-04-22 09:59:57', '0', 'L&yacute;', '25923', 'Lưu Ho&agrave;ng  Th&uacute;c', NULL),
(66, 28100, 28076, 'notification_new_point', 'child', '28076', NULL, '2021-04-22 09:59:57', '0', 'L&yacute;', '25944', 'Đinh  Th&uacute;c', NULL),
(1, 25944, 28076, 'notification_new_point', 'child', '28076', NULL, '2021-04-22 09:59:57', '0', 'L&yacute;', '25944', 'Đinh  Th&uacute;c', NULL),
(14, 28102, 28076, 'notification_new_point', 'child', '28076', NULL, '2021-04-22 09:59:57', '1', 'L&yacute;', '25945', 'Triệu Tử  Long', NULL),
(1, 25945, 28076, 'notification_new_point', 'child', '28076', NULL, '2021-04-22 09:59:57', '0', 'L&yacute;', '25945', 'Triệu Tử  Long', NULL),
(3, 28104, 28076, 'notification_new_point', 'child', '28076', NULL, '2021-04-22 09:59:57', '0', 'L&yacute;', '25946', 'Em thứ 2 của Triệu Tử  Long', NULL),
(1, 25946, 28076, 'notification_new_point', 'child', '28076', NULL, '2021-04-22 09:59:57', '0', 'L&yacute;', '25946', 'Em thứ 2 của Triệu Tử  Long', NULL),
(18, 28096, 28076, 'notification_new_point', 'child', '28076', NULL, '2021-04-22 10:00:28', '0', 'L&yacute;', '25918', 'Nguyễn Văn  A', NULL),
(2, 25918, 28076, 'notification_new_point', 'child', '28076', NULL, '2021-04-22 10:00:28', '0', 'L&yacute;', '25918', 'Nguyễn Văn  A', NULL),
(78, 28098, 28076, 'notification_new_point', 'child', '28076', NULL, '2021-04-22 10:00:28', '0', 'L&yacute;', '25923', 'Lưu Ho&agrave;ng  Th&uacute;c', NULL),
(2, 25923, 28076, 'notification_new_point', 'child', '28076', NULL, '2021-04-22 10:00:28', '0', 'L&yacute;', '25923', 'Lưu Ho&agrave;ng  Th&uacute;c', NULL),
(67, 28100, 28076, 'notification_new_point', 'child', '28076', NULL, '2021-04-22 10:00:28', '0', 'L&yacute;', '25944', 'Đinh  Th&uacute;c', NULL),
(2, 25944, 28076, 'notification_new_point', 'child', '28076', NULL, '2021-04-22 10:00:28', '0', 'L&yacute;', '25944', 'Đinh  Th&uacute;c', NULL),
(15, 28102, 28076, 'notification_new_point', 'child', '28076', NULL, '2021-04-22 10:00:28', '1', 'L&yacute;', '25945', 'Triệu Tử  Long', NULL),
(19, 28096, 28076, 'notification_new_point', 'child', '28076', NULL, '2021-04-22 10:02:10', '0', 'L&yacute;', '25918', 'Nguyễn Văn  A', NULL),
(79, 28098, 28076, 'notification_new_point', 'child', '28076', NULL, '2021-04-22 10:02:10', '0', 'L&yacute;', '25923', 'Lưu Ho&agrave;ng  Th&uacute;c', NULL),
(68, 28100, 28076, 'notification_new_point', 'child', '28076', NULL, '2021-04-22 10:02:10', '0', 'L&yacute;', '25944', 'Đinh  Th&uacute;c', NULL),
(16, 28102, 28076, 'notification_new_point', 'child', '28076', NULL, '2021-04-22 10:02:10', '1', 'L&yacute;', '25945', 'Triệu Tử  Long', NULL),
(4, 28104, 28076, 'notification_new_point', 'child', '28076', NULL, '2021-04-22 10:02:10', '0', 'L&yacute;', '25946', 'Em thứ 2 của Triệu Tử  Long', NULL),
(20, 28096, 28076, 'notification_new_point', 'child', '28076', NULL, '2021-04-22 10:02:30', '0', 'L&yacute;', '25918', 'Nguyễn Văn  A', NULL),
(21, 28096, 28076, 'notification_new_point', 'child', '28076', NULL, '2021-04-22 10:09:41', '0', 'L&yacute;', '25918', 'Nguyễn Văn  A', NULL),
(80, 28098, 28076, 'notification_new_point', 'child', '28076', NULL, '2021-04-22 10:09:41', '0', 'L&yacute;', '25923', 'Lưu Ho&agrave;ng  Th&uacute;c', NULL),
(69, 28100, 28076, 'notification_new_point', 'child', '28076', NULL, '2021-04-22 10:09:41', '0', 'L&yacute;', '25944', 'Đinh  Th&uacute;c', NULL),
(17, 28102, 28076, 'notification_new_point', 'child', '28076', NULL, '2021-04-22 10:09:41', '1', 'L&yacute;', '25945', 'Triệu Tử  Long', NULL),
(1, 28101, 28076, 'notification_new_point', 'child', '28076', NULL, '2021-04-22 10:09:41', '1', 'L&yacute;', '25945', 'Triệu Tử  Long', NULL),
(5, 28104, 28076, 'notification_new_point', 'child', '28076', NULL, '2021-04-22 10:09:41', '0', 'L&yacute;', '25946', 'Em thứ 2 của Triệu Tử  Long', NULL),
(22, 28096, 28076, 'notification_new_point', 'child', '28076', NULL, '2021-04-22 10:11:02', '0', 'L&yacute;', '25918', 'Nguyễn Văn  A', NULL),
(81, 28098, 28076, 'notification_new_point', 'child', '28076', NULL, '2021-04-22 10:11:02', '0', 'L&yacute;', '25923', 'Lưu Ho&agrave;ng  Th&uacute;c', NULL),
(70, 28100, 28076, 'notification_new_point', 'child', '28076', NULL, '2021-04-22 10:11:02', '0', 'L&yacute;', '25944', 'Đinh  Th&uacute;c', NULL),
(18, 28102, 28076, 'notification_new_point', 'child', '28076', NULL, '2021-04-22 10:11:02', '1', 'L&yacute;', '25945', 'Triệu Tử  Long', NULL),
(2, 28101, 28076, 'notification_new_point', 'child', '28076', NULL, '2021-04-22 10:11:02', '1', 'L&yacute;', '25945', 'Triệu Tử  Long', NULL),
(6, 28104, 28076, 'notification_new_point', 'child', '28076', NULL, '2021-04-22 10:11:02', '0', 'L&yacute;', '25946', 'Em thứ 2 của Triệu Tử  Long', NULL),
(87, 28082, 28077, 'notification_new_point', 'child', '28077', NULL, '2021-04-22 10:28:26', '0', 'To&aacute;n', '25894', 'Nguyễn Văn  A', NULL),
(23, 28096, 28077, 'notification_new_point', 'child', '28077', NULL, '2021-04-22 10:28:26', '0', 'To&aacute;n', '25918', 'Nguyễn Văn  A', NULL),
(14, 28076, 28077, 'notification_new_point', 'child', '28077', NULL, '2021-04-22 10:28:26', '1', 'To&aacute;n', '25918', 'Nguyễn Văn  A', NULL),
(82, 28098, 28077, 'notification_new_point', 'child', '28077', NULL, '2021-04-22 10:28:26', '0', 'To&aacute;n', '25923', 'Lưu Ho&agrave;ng  Th&uacute;c', NULL),
(71, 28100, 28077, 'notification_new_point', 'child', '28077', NULL, '2021-04-22 10:28:26', '0', 'To&aacute;n', '25944', 'Đinh  Th&uacute;c', NULL),
(19, 28102, 28077, 'notification_new_point', 'child', '28077', NULL, '2021-04-22 10:28:26', '1', 'To&aacute;n', '25945', 'Triệu Tử  Long', NULL),
(3, 28101, 28077, 'notification_new_point', 'child', '28077', NULL, '2021-04-22 10:28:26', '0', 'To&aacute;n', '25945', 'Triệu Tử  Long', NULL),
(7, 28104, 28077, 'notification_new_point', 'child', '28077', NULL, '2021-04-22 10:28:26', '0', 'To&aacute;n', '25946', 'Em thứ 2 của Triệu Tử  Long', NULL),
(20, 28102, 28077, 'notification_new_report', 'child', '156305', NULL, '2021-04-23 10:35:45', '1', 'Nhận x&eacute;t th&aacute;ng 4', '25945', 'Triệu Tử Long', NULL),
(21, 28102, 28077, 'notification_new_report', 'child', '156304', NULL, '2021-04-23 10:36:13', '1', 'Nhận x&eacute;t th&aacute;ng 4', '25945', 'Triệu Tử Long', NULL),
(12, 28075, 28076, 'post_in_group', 'user', '58622', NULL, '2021-04-28 13:22:08', '0', 'H&amp;agrave; Thị Thịnh', 'Lớp nh&amp;agrave; trẻ A ( đ&amp;atilde; l&amp;ecirc;n lớp )', '', NULL),
(24, 28077, 28076, 'post_in_group', 'user', '58622', NULL, '2021-04-28 13:22:08', '0', 'H&amp;agrave; Thị Thịnh', 'Lớp nh&amp;agrave; trẻ A ( đ&amp;atilde; l&amp;ecirc;n lớp )', '', NULL),
(16, 28078, 28076, 'post_in_group', 'user', '58622', NULL, '2021-04-28 13:22:08', '0', 'H&amp;agrave; Thị Thịnh', 'Lớp nh&amp;agrave; trẻ A ( đ&amp;atilde; l&amp;ecirc;n lớp )', '', NULL),
(15, 28080, 28076, 'post_in_group', 'user', '58622', NULL, '2021-04-28 13:22:08', '0', 'H&amp;agrave; Thị Thịnh', 'Lớp nh&amp;agrave; trẻ A ( đ&amp;atilde; l&amp;ecirc;n lớp )', '', NULL),
(88, 28082, 28076, 'post_in_group', 'user', '58622', NULL, '2021-04-28 13:22:08', '0', 'H&amp;agrave; Thị Thịnh', 'Lớp nh&amp;agrave; trẻ A ( đ&amp;atilde; l&amp;ecirc;n lớp )', '', NULL),
(5, 28083, 28076, 'post_in_group', 'user', '58622', NULL, '2021-04-28 13:22:08', '0', 'H&amp;agrave; Thị Thịnh', 'Lớp nh&amp;agrave; trẻ A ( đ&amp;atilde; l&amp;ecirc;n lớp )', '', NULL),
(82, 28084, 28076, 'post_in_group', 'user', '58622', NULL, '2021-04-28 13:22:08', '0', 'H&amp;agrave; Thị Thịnh', 'Lớp nh&amp;agrave; trẻ A ( đ&amp;atilde; l&amp;ecirc;n lớp )', '', NULL),
(6, 28085, 28076, 'post_in_group', 'user', '58622', NULL, '2021-04-28 13:22:08', '0', 'H&amp;agrave; Thị Thịnh', 'Lớp nh&amp;agrave; trẻ A ( đ&amp;atilde; l&amp;ecirc;n lớp )', '', NULL),
(6, 28086, 28076, 'post_in_group', 'user', '58622', NULL, '2021-04-28 13:22:08', '0', 'H&amp;agrave; Thị Thịnh', 'Lớp nh&amp;agrave; trẻ A ( đ&amp;atilde; l&amp;ecirc;n lớp )', '', NULL),
(5, 28087, 28076, 'post_in_group', 'user', '58622', NULL, '2021-04-28 13:22:08', '0', 'H&amp;agrave; Thị Thịnh', 'Lớp nh&amp;agrave; trẻ A ( đ&amp;atilde; l&amp;ecirc;n lớp )', '', NULL),
(6, 28088, 28076, 'post_in_group', 'user', '58622', NULL, '2021-04-28 13:22:08', '0', 'H&amp;agrave; Thị Thịnh', 'Lớp nh&amp;agrave; trẻ A ( đ&amp;atilde; l&amp;ecirc;n lớp )', '', NULL),
(5, 28089, 28076, 'post_in_group', 'user', '58622', NULL, '2021-04-28 13:22:08', '0', 'H&amp;agrave; Thị Thịnh', 'Lớp nh&amp;agrave; trẻ A ( đ&amp;atilde; l&amp;ecirc;n lớp )', '', NULL),
(89, 28082, 28076, 'like', 'post', '58621', '', '2021-04-28 13:22:23', '0', NULL, NULL, NULL, NULL);

-- --------------------------------------------------------

--
-- Cấu trúc bảng cho bảng `packages`
--

CREATE TABLE `packages` (
  `package_id` int(10) NOT NULL,
  `name` varchar(255) NOT NULL,
  `price` varchar(32) NOT NULL,
  `period_num` int(10) UNSIGNED NOT NULL,
  `period` varchar(32) NOT NULL,
  `color` varchar(32) NOT NULL,
  `icon` varchar(255) NOT NULL,
  `boost_posts_enabled` enum('0','1') NOT NULL DEFAULT '0',
  `boost_posts` int(10) UNSIGNED NOT NULL,
  `boost_pages_enabled` enum('0','1') NOT NULL DEFAULT '0',
  `boost_pages` int(10) UNSIGNED NOT NULL
) ENGINE=MyISAM DEFAULT CHARSET=utf8 ROW_FORMAT=DYNAMIC;

-- --------------------------------------------------------

--
-- Cấu trúc bảng cho bảng `packages_payments`
--

CREATE TABLE `packages_payments` (
  `payment_id` int(10) NOT NULL,
  `payment_date` datetime NOT NULL,
  `package_name` varchar(255) NOT NULL,
  `package_price` varchar(32) NOT NULL
) ENGINE=MyISAM DEFAULT CHARSET=utf8 ROW_FORMAT=DYNAMIC;

-- --------------------------------------------------------

--
-- Cấu trúc bảng cho bảng `pages`
--

CREATE TABLE `pages` (
  `page_id` int(10) UNSIGNED NOT NULL,
  `page_admin` int(10) UNSIGNED NOT NULL,
  `page_category` int(10) UNSIGNED NOT NULL,
  `page_name` varchar(64) NOT NULL,
  `page_title` varchar(255) NOT NULL,
  `page_description` text NOT NULL,
  `page_picture` varchar(255) DEFAULT NULL,
  `page_picture_id` int(10) UNSIGNED DEFAULT NULL,
  `page_cover` varchar(255) DEFAULT NULL,
  `page_cover_id` int(10) UNSIGNED DEFAULT NULL,
  `page_album_pictures` int(10) UNSIGNED DEFAULT NULL,
  `page_album_covers` int(10) UNSIGNED DEFAULT NULL,
  `page_album_timeline` int(10) UNSIGNED DEFAULT NULL,
  `page_pinned_post` int(10) UNSIGNED DEFAULT NULL,
  `page_verified` enum('0','1') NOT NULL DEFAULT '0',
  `page_likes` int(10) UNSIGNED NOT NULL DEFAULT 0,
  `views_in_thirty_days` int(10) UNSIGNED NOT NULL DEFAULT 0 COMMENT 'Số lượt xem trang trong 30 ngày gần nhất',
  `city_id` int(10) DEFAULT NULL,
  `telephone` varchar(64) DEFAULT NULL,
  `website` varchar(64) DEFAULT NULL,
  `email` varchar(64) DEFAULT NULL,
  `address` varchar(255) DEFAULT NULL,
  `page_date` datetime NOT NULL,
  `page_boosted` enum('0','1') NOT NULL DEFAULT '0',
  `page_boosted_by` int(10) UNSIGNED DEFAULT NULL,
  `page_company` varchar(255) DEFAULT NULL,
  `page_phone` varchar(255) DEFAULT NULL,
  `page_website` varchar(255) DEFAULT NULL,
  `page_location` varchar(255) DEFAULT NULL,
  `page_action_text` varchar(32) DEFAULT NULL,
  `page_action_color` varchar(32) DEFAULT NULL,
  `page_action_url` varchar(255) DEFAULT NULL,
  `page_social_facebook` varchar(255) DEFAULT NULL,
  `page_social_twitter` varchar(255) DEFAULT NULL,
  `page_social_google` varchar(255) DEFAULT NULL,
  `page_social_youtube` varchar(255) DEFAULT NULL,
  `page_social_instagram` varchar(255) DEFAULT NULL,
  `page_social_linkedin` varchar(255) DEFAULT NULL,
  `page_social_vkontakte` varchar(255) DEFAULT NULL
) ENGINE=MyISAM DEFAULT CHARSET=utf8;

--
-- Đang đổ dữ liệu cho bảng `pages`
--

INSERT INTO `pages` (`page_id`, `page_admin`, `page_category`, `page_name`, `page_title`, `page_description`, `page_picture`, `page_picture_id`, `page_cover`, `page_cover_id`, `page_album_pictures`, `page_album_covers`, `page_album_timeline`, `page_pinned_post`, `page_verified`, `page_likes`, `views_in_thirty_days`, `city_id`, `telephone`, `website`, `email`, `address`, `page_date`, `page_boosted`, `page_boosted_by`, `page_company`, `page_phone`, `page_website`, `page_location`, `page_action_text`, `page_action_color`, `page_action_url`, `page_social_facebook`, `page_social_twitter`, `page_social_google`, `page_social_youtube`, `page_social_instagram`, `page_social_linkedin`, `page_social_vkontakte`) VALUES
(684, 28075, 2, 'hoahong', 'Mầm non Hoa Hồng', 'Đ&acirc;y l&agrave; m&ocirc; tả về trường mầm non tư thục Hoa Hồng :)) ', NULL, NULL, NULL, NULL, NULL, NULL, NULL, NULL, '0', 21, 0, 1, '0968949065', '', 'quannd@mascom.vn', 'H&agrave; Nội', '0000-00-00 00:00:00', '0', NULL, NULL, NULL, NULL, NULL, NULL, NULL, NULL, NULL, NULL, NULL, NULL, NULL, NULL, NULL),
(685, 28075, 2, 'anhsao', 'Mầm non &Aacute;nh Sao', '', NULL, NULL, NULL, NULL, NULL, NULL, NULL, NULL, '0', 1, 0, 1, '', '', 'manhholong2@gmail.com', '', '0000-00-00 00:00:00', '0', NULL, NULL, NULL, NULL, NULL, NULL, NULL, NULL, NULL, NULL, NULL, NULL, NULL, NULL, NULL),
(686, 28075, 2, 'tuoitho', 'Mầm non Tuổi Thơ', '', NULL, NULL, NULL, NULL, NULL, NULL, NULL, NULL, '0', 1, 0, 1, '', '', 'manhholong2@gmail.com', '', '0000-00-00 00:00:00', '0', NULL, NULL, NULL, NULL, NULL, NULL, NULL, NULL, NULL, NULL, NULL, NULL, NULL, NULL, NULL),
(687, 28076, 2, 'liencap', 'test trường li&ecirc;n cấp', '', NULL, NULL, NULL, NULL, NULL, NULL, NULL, NULL, '0', 1, 0, 1, '', '', 'hathithinh@gmail.com', '', '0000-00-00 00:00:00', '0', NULL, NULL, NULL, NULL, NULL, NULL, NULL, NULL, NULL, NULL, NULL, NULL, NULL, NULL, NULL),
(688, 28076, 2, 'taytuu', 'Trung học cơ sở T&acirc;y Tựu', '', NULL, NULL, NULL, NULL, NULL, NULL, NULL, NULL, '0', 15, 0, 1, '', '', 'hathithinh@gmail.com', '', '0000-00-00 00:00:00', '0', NULL, NULL, NULL, NULL, NULL, NULL, NULL, NULL, NULL, NULL, NULL, NULL, NULL, NULL, NULL),
(689, 28094, 2, 'school1617608578', 'test', '', NULL, NULL, NULL, NULL, NULL, NULL, NULL, NULL, '0', 1, 0, 1, '', '', '', '', '0000-00-00 00:00:00', '0', NULL, NULL, NULL, NULL, NULL, NULL, NULL, NULL, NULL, NULL, NULL, NULL, NULL, NULL, NULL),
(690, 28095, 2, 'school1617608875', 'Mầm non Tuổi Thơ', '', NULL, NULL, NULL, NULL, NULL, NULL, NULL, NULL, '0', 1, 0, 1, '', '', '', '', '0000-00-00 00:00:00', '0', NULL, NULL, NULL, NULL, NULL, NULL, NULL, NULL, NULL, NULL, NULL, NULL, NULL, NULL, NULL);

-- --------------------------------------------------------

--
-- Cấu trúc bảng cho bảng `pages_admins`
--

CREATE TABLE `pages_admins` (
  `id` int(10) UNSIGNED NOT NULL,
  `page_id` int(10) UNSIGNED NOT NULL,
  `user_id` int(10) UNSIGNED NOT NULL
) ENGINE=MyISAM DEFAULT CHARSET=utf8 ROW_FORMAT=DYNAMIC;

-- --------------------------------------------------------

--
-- Cấu trúc bảng cho bảng `pages_categories`
--

CREATE TABLE `pages_categories` (
  `category_id` int(10) UNSIGNED NOT NULL,
  `category_name` varchar(255) NOT NULL
) ENGINE=MyISAM DEFAULT CHARSET=utf8;

--
-- Đang đổ dữ liệu cho bảng `pages_categories`
--

INSERT INTO `pages_categories` (`category_id`, `category_name`) VALUES
(1, 'Coniu'),
(2, 'School');

-- --------------------------------------------------------

--
-- Cấu trúc bảng cho bảng `pages_invites`
--

CREATE TABLE `pages_invites` (
  `page_id` int(10) UNSIGNED NOT NULL,
  `user_id` int(10) UNSIGNED NOT NULL,
  `from_user_id` int(10) UNSIGNED NOT NULL,
  `id` int(10) UNSIGNED NOT NULL
) ENGINE=MyISAM DEFAULT CHARSET=utf8 ROW_FORMAT=FIXED;

-- --------------------------------------------------------

--
-- Cấu trúc bảng cho bảng `pages_likes`
--

CREATE TABLE `pages_likes` (
  `page_id` int(10) UNSIGNED NOT NULL,
  `user_id` int(10) UNSIGNED NOT NULL,
  `id` int(10) UNSIGNED NOT NULL
) ENGINE=MyISAM DEFAULT CHARSET=utf8 ROW_FORMAT=FIXED;

--
-- Đang đổ dữ liệu cho bảng `pages_likes`
--

INSERT INTO `pages_likes` (`page_id`, `user_id`, `id`) VALUES
(684, 28074, 23024),
(684, 1, 23025),
(684, 28075, 23026),
(685, 28075, 23027),
(686, 28075, 23028),
(684, 28076, 23029),
(684, 28077, 23030),
(684, 28078, 23031),
(684, 28082, 23032),
(684, 28083, 23033),
(684, 28084, 23034),
(684, 28085, 23035),
(684, 28086, 23036),
(684, 28087, 23037),
(684, 28088, 23038),
(684, 28089, 23039),
(684, 28079, 23040),
(684, 28080, 23041),
(684, 28081, 23042),
(684, 28090, 23043),
(684, 28091, 23044),
(684, 28092, 23045),
(684, 28093, 23046),
(687, 28076, 23047),
(688, 28076, 23048),
(688, 28077, 23049),
(688, 28078, 23050),
(688, 28079, 23051),
(688, 28080, 23052),
(688, 28081, 23053),
(689, 28094, 23054),
(690, 28095, 23055),
(688, 28096, 23056),
(688, 28097, 23057),
(688, 28098, 23058),
(688, 28099, 23059),
(688, 28100, 23060),
(688, 28101, 23061),
(688, 28102, 23062),
(688, 28103, 23063),
(688, 28104, 23064);

-- --------------------------------------------------------

--
-- Cấu trúc bảng cho bảng `posts`
--

CREATE TABLE `posts` (
  `post_id` int(10) UNSIGNED NOT NULL,
  `user_id` int(10) UNSIGNED NOT NULL,
  `user_type` enum('user','page') NOT NULL,
  `in_group` enum('0','1') NOT NULL DEFAULT '0',
  `group_id` int(10) UNSIGNED DEFAULT NULL,
  `in_wall` enum('0','1') NOT NULL DEFAULT '0',
  `wall_id` int(10) UNSIGNED DEFAULT NULL,
  `post_type` varchar(32) NOT NULL,
  `origin_id` int(10) UNSIGNED DEFAULT NULL,
  `time` datetime NOT NULL,
  `location` varchar(255) DEFAULT NULL,
  `privacy` varchar(32) NOT NULL,
  `text` longtext DEFAULT NULL,
  `likes` int(10) UNSIGNED NOT NULL DEFAULT 0,
  `comments` int(10) UNSIGNED NOT NULL DEFAULT 0,
  `shares` int(10) UNSIGNED NOT NULL DEFAULT 0,
  `school_id` int(10) UNSIGNED NOT NULL DEFAULT 0,
  `views_count` int(10) UNSIGNED NOT NULL DEFAULT 0 COMMENT 'Số lượt xem bài viết',
  `in_event` enum('0','1') NOT NULL DEFAULT '0',
  `event_id` int(10) UNSIGNED DEFAULT NULL,
  `feeling_action` varchar(32) DEFAULT NULL,
  `feeling_value` varchar(255) DEFAULT NULL,
  `boosted` enum('0','1') NOT NULL DEFAULT '0',
  `boosted_by` int(10) UNSIGNED DEFAULT NULL
) ENGINE=MyISAM DEFAULT CHARSET=utf8;

--
-- Đang đổ dữ liệu cho bảng `posts`
--

INSERT INTO `posts` (`post_id`, `user_id`, `user_type`, `in_group`, `group_id`, `in_wall`, `wall_id`, `post_type`, `origin_id`, `time`, `location`, `privacy`, `text`, `likes`, `comments`, `shares`, `school_id`, `views_count`, `in_event`, `event_id`, `feeling_action`, `feeling_value`, `boosted`, `boosted_by`) VALUES
(58619, 684, 'page', '0', 0, '0', NULL, 'ci_event', NULL, '2021-03-31 10:31:37', NULL, 'public', 'Sự kiện nghỉ 30/4 1/5 &lt;br/&gt;&lt;br/&gt;Sắp tới 30/4 1/5 Nh&amp;agrave; trường sẽ nghỉ, c&amp;aacute;c phụ huynh h&amp;atilde;y cho con ở nh&amp;agrave; nh&amp;eacute;.&amp;nbsp;&lt;br /&gt;\r\n&lt;br /&gt;\r\nCảm ơn c&amp;aacute;c phụ huynh,&lt;br /&gt;\r\nHiệu trưởng Mầm non Hoa Hồng - Quỳnh Anhh', 1, 0, 0, 684, 0, '0', NULL, NULL, NULL, '0', NULL),
(58620, 684, 'page', '0', 0, '0', 0, '', NULL, '2021-03-31 10:33:14', '', 'public', 'Ch&agrave;o mọi người m&igrave;nh l&agrave; Thịnh, gi&aacute;o vi&ecirc;n mới của trường mầm non Hoa Hồng, mong nhận được sự gi&uacute;p đỡ của mọi người ạ!', 2, 0, 0, 684, 0, '0', NULL, NULL, NULL, '0', NULL),
(58621, 28082, 'user', '1', 10830, '0', 0, '', NULL, '2021-03-31 10:48:59', '', 'custom', 'T&ocirc;i l&agrave; phụ huynh của ch&aacute;u A', 2, 2, 0, 684, 0, '0', NULL, NULL, NULL, '0', NULL),
(58622, 28076, 'user', '1', 10830, '0', 0, '', NULL, '2021-04-28 13:22:08', '', 'custom', 'I love this app', 1, 0, 0, 684, 0, '0', NULL, NULL, NULL, '0', NULL);

-- --------------------------------------------------------

--
-- Cấu trúc bảng cho bảng `posts_articles`
--

CREATE TABLE `posts_articles` (
  `article_id` int(10) UNSIGNED NOT NULL,
  `post_id` int(10) UNSIGNED NOT NULL,
  `cover` varchar(255) NOT NULL,
  `title` varchar(255) NOT NULL,
  `text` longtext NOT NULL,
  `tags` text NOT NULL,
  `views` int(10) UNSIGNED NOT NULL DEFAULT 0
) ENGINE=MyISAM DEFAULT CHARSET=utf8 ROW_FORMAT=DYNAMIC;

-- --------------------------------------------------------

--
-- Cấu trúc bảng cho bảng `posts_audios`
--

CREATE TABLE `posts_audios` (
  `audio_id` int(10) UNSIGNED NOT NULL,
  `post_id` int(10) UNSIGNED NOT NULL,
  `source` varchar(255) NOT NULL
) ENGINE=MyISAM DEFAULT CHARSET=utf8 ROW_FORMAT=DYNAMIC;

-- --------------------------------------------------------

--
-- Cấu trúc bảng cho bảng `posts_comments`
--

CREATE TABLE `posts_comments` (
  `comment_id` int(10) UNSIGNED NOT NULL,
  `node_id` int(10) UNSIGNED NOT NULL,
  `node_type` enum('post','photo','comment') NOT NULL,
  `user_id` int(10) UNSIGNED NOT NULL,
  `user_type` enum('user','page') NOT NULL,
  `text` longtext NOT NULL,
  `image` varchar(255) DEFAULT NULL,
  `time` datetime NOT NULL,
  `likes` int(10) UNSIGNED NOT NULL DEFAULT 0,
  `replies` int(10) UNSIGNED NOT NULL DEFAULT 0 COMMENT 'Số lượng reply của comment'
) ENGINE=MyISAM DEFAULT CHARSET=utf8;

--
-- Đang đổ dữ liệu cho bảng `posts_comments`
--

INSERT INTO `posts_comments` (`comment_id`, `node_id`, `node_type`, `user_id`, `user_type`, `text`, `image`, `time`, `likes`, `replies`) VALUES
(6286, 58621, 'post', 28075, 'user', 'OK mẹ ch&aacute;u A =))))', '', '2021-03-31 10:55:00', 0, 1),
(6287, 6286, 'comment', 28082, 'user', 'Ok hiệu trưởng =))', '', '2021-03-31 10:55:12', 0, 0);

-- --------------------------------------------------------

--
-- Cấu trúc bảng cho bảng `posts_comments_likes`
--

CREATE TABLE `posts_comments_likes` (
  `user_id` int(10) UNSIGNED NOT NULL,
  `comment_id` int(10) UNSIGNED NOT NULL,
  `id` int(10) UNSIGNED NOT NULL
) ENGINE=MyISAM DEFAULT CHARSET=utf8 ROW_FORMAT=COMPACT;

-- --------------------------------------------------------

--
-- Cấu trúc bảng cho bảng `posts_files`
--

CREATE TABLE `posts_files` (
  `file_id` int(10) UNSIGNED NOT NULL,
  `post_id` int(10) UNSIGNED NOT NULL,
  `source` varchar(255) NOT NULL
) ENGINE=MyISAM DEFAULT CHARSET=utf8 ROW_FORMAT=DYNAMIC;

-- --------------------------------------------------------

--
-- Cấu trúc bảng cho bảng `posts_hidden`
--

CREATE TABLE `posts_hidden` (
  `user_id` int(10) UNSIGNED NOT NULL,
  `post_id` int(10) UNSIGNED NOT NULL,
  `id` int(10) UNSIGNED NOT NULL
) ENGINE=MyISAM DEFAULT CHARSET=utf8 ROW_FORMAT=COMPACT;

-- --------------------------------------------------------

--
-- Cấu trúc bảng cho bảng `posts_likes`
--

CREATE TABLE `posts_likes` (
  `user_id` int(10) UNSIGNED NOT NULL,
  `post_id` int(10) UNSIGNED NOT NULL,
  `id` int(10) UNSIGNED NOT NULL
) ENGINE=MyISAM DEFAULT CHARSET=utf8;

--
-- Đang đổ dữ liệu cho bảng `posts_likes`
--

INSERT INTO `posts_likes` (`user_id`, `post_id`, `id`) VALUES
(28076, 58620, 79194),
(28076, 58619, 79195),
(28082, 58620, 79196),
(28075, 58621, 79197),
(28076, 58622, 79198),
(28076, 58621, 79199);

-- --------------------------------------------------------

--
-- Cấu trúc bảng cho bảng `posts_links`
--

CREATE TABLE `posts_links` (
  `link_id` int(10) UNSIGNED NOT NULL,
  `post_id` int(10) UNSIGNED NOT NULL,
  `source_url` tinytext NOT NULL,
  `source_host` varchar(255) NOT NULL,
  `source_title` varchar(255) NOT NULL,
  `source_text` text NOT NULL,
  `source_thumbnail` varchar(255) NOT NULL
) ENGINE=MyISAM DEFAULT CHARSET=utf8;

-- --------------------------------------------------------

--
-- Cấu trúc bảng cho bảng `posts_media`
--

CREATE TABLE `posts_media` (
  `media_id` int(10) UNSIGNED NOT NULL,
  `post_id` int(10) NOT NULL,
  `source_url` text NOT NULL,
  `source_provider` varchar(255) NOT NULL,
  `source_type` varchar(255) NOT NULL,
  `source_title` varchar(255) DEFAULT NULL,
  `source_thumbnail` varchar(255) NOT NULL,
  `source_text` text DEFAULT NULL,
  `source_html` text DEFAULT NULL
) ENGINE=MyISAM DEFAULT CHARSET=utf8;

-- --------------------------------------------------------

--
-- Cấu trúc bảng cho bảng `posts_photos`
--

CREATE TABLE `posts_photos` (
  `photo_id` int(10) UNSIGNED NOT NULL,
  `post_id` int(10) UNSIGNED NOT NULL,
  `album_id` int(10) UNSIGNED DEFAULT NULL,
  `source` varchar(255) NOT NULL,
  `likes` int(10) UNSIGNED NOT NULL DEFAULT 0,
  `comments` int(10) UNSIGNED NOT NULL DEFAULT 0
) ENGINE=MyISAM DEFAULT CHARSET=utf8;

-- --------------------------------------------------------

--
-- Cấu trúc bảng cho bảng `posts_photos_albums`
--

CREATE TABLE `posts_photos_albums` (
  `album_id` int(10) UNSIGNED NOT NULL,
  `user_id` int(10) UNSIGNED NOT NULL,
  `user_type` enum('user','page') CHARACTER SET utf8 NOT NULL,
  `in_group` enum('0','1') CHARACTER SET utf8 NOT NULL DEFAULT '0',
  `group_id` int(10) UNSIGNED DEFAULT NULL,
  `title` varchar(255) CHARACTER SET utf8 NOT NULL,
  `privacy` enum('me','friends','public','custom') CHARACTER SET utf8 NOT NULL DEFAULT 'public',
  `in_event` enum('0','1') CHARACTER SET utf8 NOT NULL DEFAULT '0',
  `event_id` int(10) UNSIGNED DEFAULT NULL
) ENGINE=MyISAM DEFAULT CHARSET=latin1;

-- --------------------------------------------------------

--
-- Cấu trúc bảng cho bảng `posts_photos_likes`
--

CREATE TABLE `posts_photos_likes` (
  `user_id` int(10) UNSIGNED NOT NULL,
  `photo_id` int(10) UNSIGNED NOT NULL,
  `id` int(10) UNSIGNED NOT NULL
) ENGINE=MyISAM DEFAULT CHARSET=utf8 ROW_FORMAT=FIXED;

-- --------------------------------------------------------

--
-- Cấu trúc bảng cho bảng `posts_polls`
--

CREATE TABLE `posts_polls` (
  `poll_id` int(10) UNSIGNED NOT NULL,
  `post_id` int(10) UNSIGNED NOT NULL,
  `votes` int(10) UNSIGNED NOT NULL DEFAULT 0
) ENGINE=MyISAM DEFAULT CHARSET=utf8 ROW_FORMAT=DYNAMIC;

-- --------------------------------------------------------

--
-- Cấu trúc bảng cho bảng `posts_polls_options`
--

CREATE TABLE `posts_polls_options` (
  `option_id` int(10) UNSIGNED NOT NULL,
  `poll_id` int(10) UNSIGNED NOT NULL,
  `text` varchar(255) NOT NULL
) ENGINE=MyISAM DEFAULT CHARSET=utf8 ROW_FORMAT=DYNAMIC;

-- --------------------------------------------------------

--
-- Cấu trúc bảng cho bảng `posts_polls_options_users`
--

CREATE TABLE `posts_polls_options_users` (
  `id` int(10) UNSIGNED NOT NULL,
  `user_id` int(10) UNSIGNED NOT NULL,
  `poll_id` int(10) UNSIGNED NOT NULL,
  `option_id` int(10) UNSIGNED NOT NULL
) ENGINE=MyISAM DEFAULT CHARSET=utf8 ROW_FORMAT=FIXED;

-- --------------------------------------------------------

--
-- Cấu trúc bảng cho bảng `posts_products`
--

CREATE TABLE `posts_products` (
  `product_id` int(10) UNSIGNED NOT NULL,
  `post_id` int(10) UNSIGNED NOT NULL,
  `name` varchar(255) NOT NULL,
  `price` varchar(32) NOT NULL,
  `category_id` int(10) UNSIGNED NOT NULL,
  `location` varchar(255) NOT NULL,
  `available` enum('0','1') NOT NULL DEFAULT '1'
) ENGINE=MyISAM DEFAULT CHARSET=utf8 ROW_FORMAT=DYNAMIC;

-- --------------------------------------------------------

--
-- Cấu trúc bảng cho bảng `posts_saved`
--

CREATE TABLE `posts_saved` (
  `post_id` int(10) UNSIGNED NOT NULL,
  `user_id` int(10) UNSIGNED NOT NULL,
  `time` datetime NOT NULL,
  `id` int(10) UNSIGNED NOT NULL
) ENGINE=MyISAM DEFAULT CHARSET=latin1;

-- --------------------------------------------------------

--
-- Cấu trúc bảng cho bảng `posts_videos`
--

CREATE TABLE `posts_videos` (
  `video_id` int(10) UNSIGNED NOT NULL,
  `post_id` int(10) UNSIGNED NOT NULL,
  `source` varchar(255) NOT NULL
) ENGINE=MyISAM DEFAULT CHARSET=utf8 ROW_FORMAT=DYNAMIC;

-- --------------------------------------------------------

--
-- Cấu trúc bảng cho bảng `reports`
--

CREATE TABLE `reports` (
  `report_id` int(10) NOT NULL,
  `user_id` int(10) NOT NULL,
  `node_id` int(10) NOT NULL,
  `node_type` varchar(32) NOT NULL,
  `time` datetime NOT NULL
) ENGINE=MyISAM DEFAULT CHARSET=utf8;

-- --------------------------------------------------------

--
-- Cấu trúc bảng cho bảng `static_pages`
--

CREATE TABLE `static_pages` (
  `page_id` int(10) NOT NULL,
  `page_url` varchar(64) NOT NULL,
  `page_title` varchar(255) NOT NULL,
  `page_text` text NOT NULL,
  `page_in_footer` enum('0','1') NOT NULL DEFAULT '1'
) ENGINE=MyISAM DEFAULT CHARSET=utf8;

--
-- Đang đổ dữ liệu cho bảng `static_pages`
--

INSERT INTO `static_pages` (`page_id`, `page_url`, `page_title`, `page_text`, `page_in_footer`) VALUES
(1, 'about', 'About', '&lt;p&gt;\r\n                Lorem ipsum dolor sit amet, consectetur adipisicing elit, sed do eiusmod tempor incididunt ut labore et dolore magna aliqua. Ut enim ad minim veniam, quis nostrud exercitation ullamco laboris nisi ut aliquip ex ea commodo consequat. Duis aute irure dolor in reprehenderit in voluptate velit esse cillum dolore eu fugiat nulla pariatur. Excepteur sint occaecat cupidatat non proident, sunt in culpa qui officia deserunt mollit anim id est laborum.\r\n            &lt;/p&gt;\r\n            &lt;h3 class=&quot;text-info&quot;&gt;\r\n                Big Title\r\n            &lt;/h3&gt;\r\n            &lt;p&gt;\r\n                Lorem ipsum dolor sit amet, consectetur adipisicing elit, sed do eiusmod tempor incididunt ut labore et dolore magna aliqua. Ut enim ad minim veniam, quis nostrud exercitation ullamco laboris nisi ut aliquip ex ea commodo consequat. Duis aute irure dolor in reprehenderit in voluptate velit esse cillum dolore eu fugiat nulla pariatur. Excepteur sint occaecat cupidatat non proident, sunt in culpa qui officia deserunt mollit anim id est laborum.\r\n            &lt;/p&gt;\r\n            &lt;h3 class=&quot;text-info&quot;&gt;\r\n                Big Title\r\n            &lt;/h3&gt;\r\n            &lt;p&gt;\r\n               Lorem ipsum dolor sit amet, consectetur adipisicing elit, sed do eiusmod tempor incididunt ut labore et dolore magna aliqua. Ut enim ad minim veniam, quis nostrud exercitation ullamco laboris nisi ut aliquip ex ea commodo consequat. Duis aute irure dolor in reprehenderit in voluptate velit esse cillum dolore eu fugiat nulla pariatur. Excepteur sint occaecat cupidatat non proident, sunt in culpa qui officia deserunt mollit anim id est laborum.\r\n            &lt;/p&gt;', '1'),
(2, 'terms', 'Terms', '&lt;p&gt;\r\n    &lt;strong&gt;\r\n        We run this website and permits its use according to the following terms and conditions:\r\n    &lt;/strong&gt;\r\n&lt;/p&gt;\r\n\r\n&lt;h3 class=&quot;text-info&quot;&gt;\r\n    Basic Terms:\r\n&lt;/h3&gt;\r\n&lt;ol&gt;\r\n    &lt;li&gt;Using this website implies your acceptance of these conditions. If you do not fully accept them, your entry to this site will be considered unauthorized and you will have to stop using it immediately&lt;/li&gt;\r\n    &lt;li&gt;You must be 13 years or older to use this site.&lt;/li&gt;\r\n    &lt;li&gt;You are responsible for any activity that occurs under your screen name.&lt;/li&gt;\r\n    &lt;li&gt;You are responsible for keeping your account secure.&lt;/li&gt;\r\n    &lt;li&gt;You must not abuse, harass, threaten or intimidate other Sngine users.&lt;/li&gt;\r\n    &lt;li&gt;You are solely responsible for your conduct and any data, text, information, screen names, graphics, photos, profiles, audio and video clips, links (&quot;Content&quot;) that you submit, post, and display on the Sngine service.&lt;/li&gt;\r\n    &lt;li&gt;You must not modify, adapt or hack Sngine or modify another website so as to falsely imply that it is associated with Sngine&lt;/li&gt;\r\n    &lt;li&gt;You must not create or submit unwanted email to any Sngine members (&quot;Spam&quot;).&lt;/li&gt;\r\n    &lt;li&gt;You must not transmit any worms or viruses or any code of a destructive nature.&lt;/li&gt;\r\n    &lt;li&gt;You must not, in the use of Sngine, violate any laws in your jurisdiction (including but not limited to copyright laws).&lt;/li&gt;\r\n&lt;/ol&gt;\r\n&lt;p&gt;\r\n    Violation of any of these agreements will result in the termination of your Sngine account. While Sngine prohibits such conduct and content on its site, you understand and agree that Sngine cannot be responsible for the Content posted on its web site and you nonetheless may be exposed to such materials and that you use the Sngine service at your own risk.\r\n&lt;/p&gt;\r\n\r\n\r\n&lt;h3 class=&quot;text-info&quot;&gt;\r\n    General Conditions:\r\n&lt;/h3&gt;\r\n&lt;ol&gt;\r\n    &lt;li&gt;We reserve the right to modify or terminate the Sngine service for any reason, without notice at any time.&lt;/li&gt;\r\n    &lt;li&gt;We reserve the right to alter these Terms of Use at any time. If the alterations constitute a material change to the Terms of Use, we will notify you via internet mail according to the preference expressed on your account. What constitutes a &quot;material change&quot; will be determined at our sole discretion, in good faith and using common sense and reasonable judgement.&lt;/li&gt;\r\n    &lt;li&gt;We reserve the right to refuse service to anyone for any reason at any time.&lt;/li&gt;\r\n    &lt;li&gt;We may, but have no obligation to, remove Content and accounts containing Content that we determine in our sole discretion are unlawful, offensive, threatening, libelous, defamatory, obscene or otherwise objectionable or violates any party&#039;s intellectual property or these Terms of Use.&lt;/li&gt;\r\n    &lt;li&gt;Sngine service makes it possible to post images and text hosted on Sngine to outside websites. This use is accepted (and even encouraged!). However, pages on other websites which display data hosted on Sngine must provide a link back to Sngine.&lt;/li&gt;\r\n&lt;/ol&gt;\r\n\r\n&lt;h3 class=&quot;text-info&quot;&gt;\r\n    Copyright (What&#039;s Yours is Yours):\r\n&lt;/h3&gt;\r\n&lt;ol&gt;\r\n    &lt;li&gt;We claim no intellectual property rights over the material you provide to the Sngine service. Your profile and materials uploaded remain yours. You can remove your profile at any time by deleting your account. This will also remove any text and images you have stored in the system.&lt;/li&gt;\r\n    &lt;li&gt;We encourage users to contribute their creations to the public domain or consider progressive licensing terms.&lt;/li&gt;\r\n&lt;/ol&gt;\r\n&lt;small&gt;\r\n    &lt;i&gt;Last updated on: Jan 29, 2016&lt;/i&gt;\r\n&lt;/small&gt;', '1'),
(3, 'privacy', 'Privacy', '&lt;p&gt;\r\n    We recognize that your privacy is very important and take it seriously. This Privacy Policy describes Sngine&#039;s policies and procedures on the collection, use and disclosure of your information when you use the Sngine Service. We will not use or share your information with anyone except as described in this Privacy Policy.\r\n&lt;/p&gt;\r\n\r\n&lt;h3 class=&quot;text-info&quot;&gt;\r\n    Information Collection and Use\r\n&lt;/h3&gt;\r\n&lt;p&gt;\r\n    We uses information we collect to analyze how the Service is used, diagnose service or technical problems, maintain security, personalize content, remember information to help you efficiently access your account, monitor aggregate metrics such as total number of visitors, traffic, and demographic patterns, and track User Content and users as necessary to comply with the Digital Millennium Copyright Act and other applicable laws.\r\n&lt;/p&gt;\r\n&lt;h4 class=&quot;text-danger&quot;&gt;\r\n    User-Provided Information:\r\n&lt;/h5&gt;\r\n&lt;p&gt;\r\n    You provide us information about yourself, such as your name and e-mail address, if you register for a member account with the Service. Your name and other information you choose to add to your profile will be available for public viewing on the Service. We may use your email address to send you Service-related notices. You can control receipt of certain Service-related messages on your Settings page. We may also use your contact information to send you marketing messages. If you do not want to receive such messages, you may opt out by following the instructions in the message. If you correspond with us by email, we may retain the content of your email messages, your email address and our responses.\r\n&lt;/p&gt;\r\n&lt;p&gt;\r\n    You also provide us information in User Content you post to the Service. Your posts and other contributions on the Service, and metadata about them (such as when you posted them), are publicly viewable on the Service, along with your name (unless the Service permits you to post anonymously). This information may be searched by search engines and be republished elsewhere on the Web in accordance with our Terms of Service.\r\n&lt;/p&gt;\r\n&lt;p&gt;\r\n    If you choose to use our invitation service to invite a friend to the Service, we will ask you for that person&#039;s email address and automatically send an email invitation. We stores this information to send this email, to register your friend if your invitation is accepted, and to track the success of our invitation service.\r\n&lt;/p&gt;\r\n&lt;h4 class=&quot;text-danger&quot;&gt;\r\n    Cookies:\r\n&lt;/h5&gt;\r\n&lt;p&gt;\r\n    When you visit the Service, we may send one or more &quot;cookies&quot; - small data files - to your computer to uniquely identify your browser and let Sngine help you log in faster and enhance your navigation through the site. A cookie may convey anonymous information about how you browse the Service to us, but does not collect personal information about you. A persistent cookie remains on your computer after you close your browser so that it can be used by your browser on subsequent visits to the Service. Persistent cookies can be removed by following your web browser&#039;s directions. A session cookie is temporary and disappears after you close your browser. You can reset your web browser to refuse all cookies or to indicate when a cookie is being sent. However, some features of the Service may not function properly if the ability to accept cookies is disabled.\r\n&lt;/p&gt;\r\n&lt;h4 class=&quot;text-danger&quot;&gt;\r\n    Log Files:\r\n&lt;/h5&gt;\r\n&lt;p&gt;\r\n    Log file information is automatically reported by your browser each time you access a web page. When you use the Service, our servers automatically record certain information that your web browser sends whenever you visit any website. These server logs may include information such as your web request, Internet Protocol (&quot;IP&quot;) address, browser type, referring / exit pages and URLs, number of clicks, domain names, landing pages, pages viewed, and other such information.\r\n&lt;/p&gt;\r\n&lt;h4 class=&quot;text-danger&quot;&gt;\r\n    Third Party Services:\r\n&lt;/h5&gt;\r\n&lt;p&gt;\r\n    We may use Google Analytics or Mixpanel to help understand use of the Service. Google Analytics and Mixpanel collect the information sent by your browser as part of a web page request, including cookies and your IP address. Google Analytics and Mixpanel also receive this information and their use of it is governed by their Privacy Policies.\r\n&lt;/p&gt;\r\n\r\n&lt;h3 class=&quot;text-info&quot;&gt;\r\n    How We Share Your Information\r\n&lt;/h3&gt;\r\n&lt;h4 class=&quot;text-danger&quot;&gt;\r\n    Personally Identifiable Information:\r\n&lt;/h5&gt;\r\n&lt;p&gt;\r\n    We may share your personally identifiable information with third parties for the purpose of providing the Service to you. If we do this, such third parties&#039; use of your information will be bound by this Privacy Policy. We may store personal information in locations outside the direct control of Sngine (for instance, on servers or databases co-located with hosting providers).\r\n&lt;/p&gt;\r\n&lt;p&gt;\r\n    We may share or disclose your information with your consent, such as if you choose to sign on to the Service through a third-party service. We cannot control third parties&#039; use of your information.\r\n&lt;/p&gt;\r\n&lt;p&gt;\r\n    Sngine may disclose your personal information if required to do so by law or subpoena or if we believe that it is reasonably necessary to comply with a law, regulation or legal request; to protect the safety of any person; to address fraud, security or technical issues; or to protect Sngine&#039;s rights or property.\r\n&lt;/p&gt;\r\n&lt;h4 class=&quot;text-danger&quot;&gt;\r\n    Non-Personally Identifiable Information:\r\n&lt;/h5&gt;\r\n&lt;p&gt;\r\n    We may share non-personally identifiable information (such as anonymous usage data, referring/exit pages and URLs, platform types, number of clicks, etc.) with interested third parties to help them understand the usage patterns for certain Sngine services.\r\n&lt;/p&gt;\r\n&lt;p&gt;\r\n    Sngine may allow third-party ad servers or ad networks to serve advertisements on the Service. These third-party ad servers or ad networks use technology to send, directly to your browser, the advertisements and links that appear on Sngine. They automatically receive your IP address when this happens. They may also use other technologies (such as cookies, JavaScript, or web beacons) to measure the effectiveness of their advertisements and to personalize the advertising content. Sngine does not provide any personally identifiable information to these third-party ad servers or ad networks without your consent. However, please note that if an advertiser asks Sngine to show an advertisement to a certain audience and you respond to that advertisement, the advertiser or ad server may conclude that you fit the description of the audience they are trying to reach. The Sngine Privacy Policy does not apply to, and we cannot control the activities of, third-party advertisers. Please consult the respective privacy policies of such advertisers for more information.\r\n&lt;/p&gt;\r\n\r\n&lt;h3 class=&quot;text-info&quot;&gt;\r\n    How We Protect Your Information\r\n&lt;/h3&gt;\r\n&lt;p&gt;\r\n    We uses commercially reasonable physical, managerial, and technical safeguards to preserve the integrity and security of your personal information. We cannot, however, ensure or warrant the security of any information you transmit to Sngine or guarantee that your information on the Service may not be accessed, disclosed, altered, or destroyed by breach of any of our physical, technical, or managerial safeguards.\r\n&lt;/p&gt;\r\n\r\n&lt;h3 class=&quot;text-info&quot;&gt;\r\n    Your Choices About Your Information\r\n&lt;/h3&gt;\r\n&lt;p&gt;\r\n    You may, of course, decline to submit personally identifiable information through the Service, in which case Sngine may not be able to provide certain services to you. You may update or correct your account information and email preferences at any time by logging in to your account.\r\n&lt;/p&gt;\r\n\r\n\r\n&lt;h3 class=&quot;text-info&quot;&gt;\r\n    Links to Other Web Sites\r\n&lt;/h3&gt;\r\n&lt;p&gt;\r\n    We are not responsible for the practices employed by websites linked to or from the Service, nor the information or content contained therein. Please remember that when you use a link to go from the Service to another website, our Privacy Policy is no longer in effect. Your browsing and interaction on any other website, including those that have a link on our website, is subject to that website&#039;s own rules and policies.\r\n&lt;/p&gt;\r\n\r\n&lt;h3 class=&quot;text-info&quot;&gt;\r\n    Changes to Our Privacy Policy\r\n&lt;/h3&gt;\r\n&lt;p&gt;\r\n    If we change our privacy policies and procedures, we will post those changes on this page to keep you aware of what information we collect, how we use it and under what circumstances we may disclose it. Changes to this Privacy Policy are effective when they are posted on this page.\r\n&lt;/p&gt;\r\n&lt;small&gt;\r\n    &lt;i&gt;Last updated on: Jan 29, 2016&lt;/i&gt;\r\n&lt;/small&gt;', '1');

-- --------------------------------------------------------

--
-- Cấu trúc bảng cho bảng `stickers`
--

CREATE TABLE `stickers` (
  `sticker_id` int(10) UNSIGNED NOT NULL,
  `image` varchar(255) NOT NULL
) ENGINE=MyISAM DEFAULT CHARSET=utf8 ROW_FORMAT=DYNAMIC;

--
-- Đang đổ dữ liệu cho bảng `stickers`
--

INSERT INTO `stickers` (`sticker_id`, `image`) VALUES
(1, 'stickers/1.png'),
(2, 'stickers/2.png'),
(3, 'stickers/3.png'),
(4, 'stickers/4.png'),
(5, 'stickers/5.png'),
(6, 'stickers/6.png'),
(7, 'stickers/7.png'),
(8, 'stickers/8.png'),
(9, 'stickers/9.png'),
(10, 'stickers/10.png'),
(11, 'stickers/11.png'),
(12, 'stickers/12.png'),
(13, 'stickers/13.png'),
(14, 'stickers/14.png'),
(15, 'stickers/15.png'),
(16, 'stickers/16.png'),
(17, 'stickers/17.png'),
(18, 'stickers/18.png');

-- --------------------------------------------------------

--
-- Cấu trúc bảng cho bảng `stories`
--

CREATE TABLE `stories` (
  `story_id` int(10) UNSIGNED NOT NULL,
  `user_id` int(10) UNSIGNED NOT NULL,
  `text` longtext DEFAULT NULL,
  `time` datetime NOT NULL
) ENGINE=MyISAM DEFAULT CHARSET=utf8 ROW_FORMAT=DYNAMIC;

-- --------------------------------------------------------

--
-- Cấu trúc bảng cho bảng `stories_media`
--

CREATE TABLE `stories_media` (
  `media_id` int(10) UNSIGNED NOT NULL,
  `story_id` int(10) UNSIGNED NOT NULL,
  `source` varchar(255) NOT NULL,
  `is_photo` enum('0','1') NOT NULL DEFAULT '1'
) ENGINE=MyISAM DEFAULT CHARSET=utf8 ROW_FORMAT=DYNAMIC;

-- --------------------------------------------------------

--
-- Cấu trúc bảng cho bảng `system_countries`
--

CREATE TABLE `system_countries` (
  `country_id` int(10) UNSIGNED NOT NULL,
  `country_code` varchar(2) NOT NULL DEFAULT '',
  `country_name` varchar(64) NOT NULL DEFAULT ''
) ENGINE=MyISAM DEFAULT CHARSET=utf8;

--
-- Đang đổ dữ liệu cho bảng `system_countries`
--

INSERT INTO `system_countries` (`country_id`, `country_code`, `country_name`) VALUES
(1, 'AF', 'Afghanistan'),
(2, 'AL', 'Albania'),
(3, 'DZ', 'Algeria'),
(4, 'DS', 'American Samoa'),
(5, 'AD', 'Andorra'),
(6, 'AO', 'Angola'),
(7, 'AI', 'Anguilla'),
(8, 'AQ', 'Antarctica'),
(9, 'AG', 'Antigua and Barbuda'),
(10, 'AR', 'Argentina'),
(11, 'AM', 'Armenia'),
(12, 'AW', 'Aruba'),
(13, 'AU', 'Australia'),
(14, 'AT', 'Austria'),
(15, 'AZ', 'Azerbaijan'),
(16, 'BS', 'Bahamas'),
(17, 'BH', 'Bahrain'),
(18, 'BD', 'Bangladesh'),
(19, 'BB', 'Barbados'),
(20, 'BY', 'Belarus'),
(21, 'BE', 'Belgium'),
(22, 'BZ', 'Belize'),
(23, 'BJ', 'Benin'),
(24, 'BM', 'Bermuda'),
(25, 'BT', 'Bhutan'),
(26, 'BO', 'Bolivia'),
(27, 'BA', 'Bosnia and Herzegovina'),
(28, 'BW', 'Botswana'),
(29, 'BV', 'Bouvet Island'),
(30, 'BR', 'Brazil'),
(31, 'IO', 'British Indian Ocean Territory'),
(32, 'BN', 'Brunei Darussalam'),
(33, 'BG', 'Bulgaria'),
(34, 'BF', 'Burkina Faso'),
(35, 'BI', 'Burundi'),
(36, 'KH', 'Cambodia'),
(37, 'CM', 'Cameroon'),
(38, 'CA', 'Canada'),
(39, 'CV', 'Cape Verde'),
(40, 'KY', 'Cayman Islands'),
(41, 'CF', 'Central African Republic'),
(42, 'TD', 'Chad'),
(43, 'CL', 'Chile'),
(44, 'CN', 'China'),
(45, 'CX', 'Christmas Island'),
(46, 'CC', 'Cocos (Keeling) Islands'),
(47, 'CO', 'Colombia'),
(48, 'KM', 'Comoros'),
(49, 'CG', 'Congo'),
(50, 'CK', 'Cook Islands'),
(51, 'CR', 'Costa Rica'),
(52, 'HR', 'Croatia (Hrvatska)'),
(53, 'CU', 'Cuba'),
(54, 'CY', 'Cyprus'),
(55, 'CZ', 'Czech Republic'),
(56, 'DK', 'Denmark'),
(57, 'DJ', 'Djibouti'),
(58, 'DM', 'Dominica'),
(59, 'DO', 'Dominican Republic'),
(60, 'TP', 'East Timor'),
(61, 'EC', 'Ecuador'),
(62, 'EG', 'Egypt'),
(63, 'SV', 'El Salvador'),
(64, 'GQ', 'Equatorial Guinea'),
(65, 'ER', 'Eritrea'),
(66, 'EE', 'Estonia'),
(67, 'ET', 'Ethiopia'),
(68, 'FK', 'Falkland Islands (Malvinas)'),
(69, 'FO', 'Faroe Islands'),
(70, 'FJ', 'Fiji'),
(71, 'FI', 'Finland'),
(72, 'FR', 'France'),
(73, 'FX', 'France, Metropolitan'),
(74, 'GF', 'French Guiana'),
(75, 'PF', 'French Polynesia'),
(76, 'TF', 'French Southern Territories'),
(77, 'GA', 'Gabon'),
(78, 'GM', 'Gambia'),
(79, 'GE', 'Georgia'),
(80, 'DE', 'Germany'),
(81, 'GH', 'Ghana'),
(82, 'GI', 'Gibraltar'),
(83, 'GK', 'Guernsey'),
(84, 'GR', 'Greece'),
(85, 'GL', 'Greenland'),
(86, 'GD', 'Grenada'),
(87, 'GP', 'Guadeloupe'),
(88, 'GU', 'Guam'),
(89, 'GT', 'Guatemala'),
(90, 'GN', 'Guinea'),
(91, 'GW', 'Guinea-Bissau'),
(92, 'GY', 'Guyana'),
(93, 'HT', 'Haiti'),
(94, 'HM', 'Heard and Mc Donald Islands'),
(95, 'HN', 'Honduras'),
(96, 'HK', 'Hong Kong'),
(97, 'HU', 'Hungary'),
(98, 'IS', 'Iceland'),
(99, 'IN', 'India'),
(100, 'IM', 'Isle of Man'),
(101, 'ID', 'Indonesia'),
(102, 'IR', 'Iran (Islamic Republic of)'),
(103, 'IQ', 'Iraq'),
(104, 'IE', 'Ireland'),
(105, 'IL', 'Israel'),
(106, 'IT', 'Italy'),
(107, 'CI', 'Ivory Coast'),
(108, 'JE', 'Jersey'),
(109, 'JM', 'Jamaica'),
(110, 'JP', 'Japan'),
(111, 'JO', 'Jordan'),
(112, 'KZ', 'Kazakhstan'),
(113, 'KE', 'Kenya'),
(114, 'KI', 'Kiribati'),
(115, 'KP', 'Korea, Democratic People\'s Republic of'),
(116, 'KR', 'Korea, Republic of'),
(117, 'XK', 'Kosovo'),
(118, 'KW', 'Kuwait'),
(119, 'KG', 'Kyrgyzstan'),
(120, 'LA', 'Lao People\'s Democratic Republic'),
(121, 'LV', 'Latvia'),
(122, 'LB', 'Lebanon'),
(123, 'LS', 'Lesotho'),
(124, 'LR', 'Liberia'),
(125, 'LY', 'Libyan Arab Jamahiriya'),
(126, 'LI', 'Liechtenstein'),
(127, 'LT', 'Lithuania'),
(128, 'LU', 'Luxembourg'),
(129, 'MO', 'Macau'),
(130, 'MK', 'Macedonia'),
(131, 'MG', 'Madagascar'),
(132, 'MW', 'Malawi'),
(133, 'MY', 'Malaysia'),
(134, 'MV', 'Maldives'),
(135, 'ML', 'Mali'),
(136, 'MT', 'Malta'),
(137, 'MH', 'Marshall Islands'),
(138, 'MQ', 'Martinique'),
(139, 'MR', 'Mauritania'),
(140, 'MU', 'Mauritius'),
(141, 'TY', 'Mayotte'),
(142, 'MX', 'Mexico'),
(143, 'FM', 'Micronesia, Federated States of'),
(144, 'MD', 'Moldova, Republic of'),
(145, 'MC', 'Monaco'),
(146, 'MN', 'Mongolia'),
(147, 'ME', 'Montenegro'),
(148, 'MS', 'Montserrat'),
(149, 'MA', 'Morocco'),
(150, 'MZ', 'Mozambique'),
(151, 'MM', 'Myanmar'),
(152, 'NA', 'Namibia'),
(153, 'NR', 'Nauru'),
(154, 'NP', 'Nepal'),
(155, 'NL', 'Netherlands'),
(156, 'AN', 'Netherlands Antilles'),
(157, 'NC', 'New Caledonia'),
(158, 'NZ', 'New Zealand'),
(159, 'NI', 'Nicaragua'),
(160, 'NE', 'Niger'),
(161, 'NG', 'Nigeria'),
(162, 'NU', 'Niue'),
(163, 'NF', 'Norfolk Island'),
(164, 'MP', 'Northern Mariana Islands'),
(165, 'NO', 'Norway'),
(166, 'OM', 'Oman'),
(167, 'PK', 'Pakistan'),
(168, 'PW', 'Palau'),
(169, 'PS', 'Palestine'),
(170, 'PA', 'Panama'),
(171, 'PG', 'Papua New Guinea'),
(172, 'PY', 'Paraguay'),
(173, 'PE', 'Peru'),
(174, 'PH', 'Philippines'),
(175, 'PN', 'Pitcairn'),
(176, 'PL', 'Poland'),
(177, 'PT', 'Portugal'),
(178, 'PR', 'Puerto Rico'),
(179, 'QA', 'Qatar'),
(180, 'RE', 'Reunion'),
(181, 'RO', 'Romania'),
(182, 'RU', 'Russian Federation'),
(183, 'RW', 'Rwanda'),
(184, 'KN', 'Saint Kitts and Nevis'),
(185, 'LC', 'Saint Lucia'),
(186, 'VC', 'Saint Vincent and the Grenadines'),
(187, 'WS', 'Samoa'),
(188, 'SM', 'San Marino'),
(189, 'ST', 'Sao Tome and Principe'),
(190, 'SA', 'Saudi Arabia'),
(191, 'SN', 'Senegal'),
(192, 'RS', 'Serbia'),
(193, 'SC', 'Seychelles'),
(194, 'SL', 'Sierra Leone'),
(195, 'SG', 'Singapore'),
(196, 'SK', 'Slovakia'),
(197, 'SI', 'Slovenia'),
(198, 'SB', 'Solomon Islands'),
(199, 'SO', 'Somalia'),
(200, 'ZA', 'South Africa'),
(201, 'GS', 'South Georgia South Sandwich Islands'),
(202, 'ES', 'Spain'),
(203, 'LK', 'Sri Lanka'),
(204, 'SH', 'St. Helena'),
(205, 'PM', 'St. Pierre and Miquelon'),
(206, 'SD', 'Sudan'),
(207, 'SR', 'Suriname'),
(208, 'SJ', 'Svalbard and Jan Mayen Islands'),
(209, 'SZ', 'Swaziland'),
(210, 'SE', 'Sweden'),
(211, 'CH', 'Switzerland'),
(212, 'SY', 'Syrian Arab Republic'),
(213, 'TW', 'Taiwan'),
(214, 'TJ', 'Tajikistan'),
(215, 'TZ', 'Tanzania, United Republic of'),
(216, 'TH', 'Thailand'),
(217, 'TG', 'Togo'),
(218, 'TK', 'Tokelau'),
(219, 'TO', 'Tonga'),
(220, 'TT', 'Trinidad and Tobago'),
(221, 'TN', 'Tunisia'),
(222, 'TR', 'Turkey'),
(223, 'TM', 'Turkmenistan'),
(224, 'TC', 'Turks and Caicos Islands'),
(225, 'TV', 'Tuvalu'),
(226, 'UG', 'Uganda'),
(227, 'UA', 'Ukraine'),
(228, 'AE', 'United Arab Emirates'),
(229, 'GB', 'United Kingdom'),
(230, 'US', 'United States'),
(231, 'UM', 'United States minor outlying islands'),
(232, 'UY', 'Uruguay'),
(233, 'UZ', 'Uzbekistan'),
(234, 'VU', 'Vanuatu'),
(235, 'VA', 'Vatican City State'),
(236, 'VE', 'Venezuela'),
(237, 'VN', 'Vietnam'),
(238, 'VG', 'Virgin Islands (British)'),
(239, 'VI', 'Virgin Islands (U.S.)'),
(240, 'WF', 'Wallis and Futuna Islands'),
(241, 'EH', 'Western Sahara'),
(242, 'YE', 'Yemen'),
(243, 'ZR', 'Zaire'),
(244, 'ZM', 'Zambia'),
(245, 'ZW', 'Zimbabwe');

-- --------------------------------------------------------

--
-- Cấu trúc bảng cho bảng `system_languages`
--

CREATE TABLE `system_languages` (
  `language_id` int(10) UNSIGNED NOT NULL,
  `code` varchar(32) NOT NULL,
  `title` varchar(255) NOT NULL,
  `flag_icon` varchar(32) NOT NULL,
  `dir` enum('LTR','RTL') NOT NULL,
  `default` enum('0','1') NOT NULL,
  `enabled` enum('0','1') NOT NULL
) ENGINE=MyISAM DEFAULT CHARSET=utf8;

--
-- Đang đổ dữ liệu cho bảng `system_languages`
--

INSERT INTO `system_languages` (`language_id`, `code`, `title`, `flag_icon`, `dir`, `default`, `enabled`) VALUES
(1, 'en_us', 'English', 'us', 'LTR', '0', '1'),
(2, 'vi_VN', 'Tieng Viet', 'vn', 'LTR', '1', '1'),
(3, 'fr_fr', 'Fran&ccedil;ais', 'fr', 'LTR', '0', '0');

-- --------------------------------------------------------

--
-- Cấu trúc bảng cho bảng `system_options`
--

CREATE TABLE `system_options` (
  `id` int(10) UNSIGNED NOT NULL,
  `system_public` enum('0','1') NOT NULL DEFAULT '1',
  `system_live` enum('0','1') NOT NULL DEFAULT '1',
  `system_message` text NOT NULL,
  `system_title` varchar(255) NOT NULL DEFAULT 'Coniu',
  `system_description` text NOT NULL,
  `system_keywords` text NOT NULL,
  `system_email` varchar(255) DEFAULT NULL,
  `contact_enabled` enum('0','1') NOT NULL DEFAULT '1',
  `directory_enabled` enum('0','1') NOT NULL DEFAULT '1',
  `pages_enabled` enum('0','1') NOT NULL DEFAULT '1',
  `groups_enabled` enum('0','1') NOT NULL DEFAULT '1',
  `events_enabled` enum('0','1') NOT NULL DEFAULT '1',
  `blogs_enabled` enum('0','1') NOT NULL DEFAULT '1',
  `market_enabled` enum('0','1') NOT NULL DEFAULT '1',
  `games_enabled` enum('0','1') NOT NULL DEFAULT '1',
  `daytime_msg_enabled` enum('0','1') NOT NULL DEFAULT '1',
  `verification_requests` enum('0','1') NOT NULL DEFAULT '1',
  `profile_notification_enabled` enum('0','1') NOT NULL DEFAULT '1',
  `browser_notifications_enabled` enum('0','1') NOT NULL DEFAULT '1',
  `noty_notifications_enabled` enum('0','1') NOT NULL DEFAULT '1',
  `stories_enabled` enum('0','1') NOT NULL DEFAULT '1',
  `wall_posts_enabled` enum('0','1') NOT NULL DEFAULT '1',
  `social_share_enabled` enum('0','1') NOT NULL DEFAULT '1',
  `smart_yt_player` enum('0','1') NOT NULL DEFAULT '1',
  `polls_enabled` enum('0','1') NOT NULL DEFAULT '1',
  `geolocation_enabled` enum('0','1') NOT NULL DEFAULT '0',
  `geolocation_key` varchar(255) DEFAULT NULL,
  `post_translation_enabled` enum('0','1') NOT NULL DEFAULT '0',
  `yandex_key` varchar(255) DEFAULT NULL,
  `default_privacy` enum('public','friends','me') NOT NULL DEFAULT 'friends',
  `registration_enabled` enum('0','1') NOT NULL DEFAULT '1',
  `registration_type` enum('free','paid') NOT NULL DEFAULT 'free',
  `invitation_enabled` enum('0','1') NOT NULL DEFAULT '0',
  `packages_enabled` enum('0','1') NOT NULL DEFAULT '0',
  `activation_enabled` enum('0','1') NOT NULL DEFAULT '1',
  `activation_type` enum('email','sms') NOT NULL DEFAULT 'email',
  `age_restriction` enum('0','1') NOT NULL DEFAULT '0',
  `minimum_age` tinyint(1) UNSIGNED DEFAULT NULL,
  `getting_started` enum('0','1') NOT NULL DEFAULT '1',
  `delete_accounts_enabled` enum('0','1') NOT NULL DEFAULT '1',
  `max_accounts` int(10) UNSIGNED NOT NULL DEFAULT 0,
  `social_login_enabled` enum('0','1') NOT NULL DEFAULT '0',
  `facebook_login_enabled` enum('0','1') NOT NULL DEFAULT '0',
  `facebook_appid` varchar(255) DEFAULT NULL,
  `facebook_secret` varchar(255) DEFAULT NULL,
  `twitter_login_enabled` enum('0','1') NOT NULL DEFAULT '0',
  `twitter_appid` varchar(255) DEFAULT NULL,
  `twitter_secret` varchar(255) DEFAULT NULL,
  `google_login_enabled` enum('0','1') NOT NULL DEFAULT '0',
  `google_appid` varchar(255) DEFAULT NULL,
  `google_secret` varchar(255) DEFAULT NULL,
  `instagram_login_enabled` enum('0','1') NOT NULL DEFAULT '0',
  `instagram_appid` varchar(255) DEFAULT NULL,
  `instagram_secret` varchar(255) DEFAULT NULL,
  `linkedin_login_enabled` enum('0','1') NOT NULL DEFAULT '0',
  `linkedin_appid` varchar(255) DEFAULT NULL,
  `linkedin_secret` varchar(255) DEFAULT NULL,
  `vkontakte_login_enabled` enum('0','1') NOT NULL DEFAULT '0',
  `vkontakte_appid` varchar(255) DEFAULT NULL,
  `vkontakte_secret` varchar(255) DEFAULT NULL,
  `email_smtp_enabled` enum('0','1') NOT NULL DEFAULT '0',
  `email_smtp_authentication` enum('0','1') NOT NULL DEFAULT '1',
  `email_smtp_ssl` enum('0','1') NOT NULL DEFAULT '0',
  `email_smtp_server` varchar(255) DEFAULT NULL,
  `email_smtp_port` varchar(255) DEFAULT NULL,
  `email_smtp_username` varchar(255) DEFAULT NULL,
  `email_smtp_password` varchar(255) DEFAULT NULL,
  `email_smtp_setfrom` varchar(255) DEFAULT NULL,
  `email_notifications` enum('0','1') NOT NULL DEFAULT '1',
  `email_post_likes` enum('0','1') NOT NULL DEFAULT '1',
  `email_post_comments` enum('0','1') NOT NULL DEFAULT '1',
  `email_post_shares` enum('0','1') NOT NULL DEFAULT '1',
  `email_wall_posts` enum('0','1') NOT NULL DEFAULT '1',
  `email_mentions` enum('0','1') NOT NULL DEFAULT '1',
  `email_profile_visits` enum('0','1') NOT NULL DEFAULT '1',
  `email_friend_requests` enum('0','1') NOT NULL DEFAULT '1',
  `twilio_sid` varchar(255) DEFAULT NULL,
  `twilio_token` varchar(255) DEFAULT NULL,
  `twilio_phone` varchar(255) DEFAULT NULL,
  `system_phone` varchar(255) DEFAULT NULL,
  `chat_enabled` enum('0','1') NOT NULL DEFAULT '1',
  `chat_status_enabled` enum('0','1') NOT NULL DEFAULT '1',
  `s3_enabled` enum('0','1') NOT NULL DEFAULT '0',
  `s3_bucket` varchar(255) DEFAULT NULL,
  `s3_region` varchar(255) DEFAULT NULL,
  `s3_key` varchar(255) DEFAULT NULL,
  `s3_secret` varchar(255) DEFAULT NULL,
  `uploads_directory` varchar(255) NOT NULL DEFAULT 'content/uploads',
  `uploads_prefix` varchar(255) DEFAULT 'coniu',
  `max_avatar_size` int(10) UNSIGNED NOT NULL DEFAULT 5120,
  `max_cover_size` int(10) UNSIGNED NOT NULL DEFAULT 5120,
  `photos_enabled` enum('0','1') NOT NULL DEFAULT '1',
  `max_photo_size` int(10) UNSIGNED NOT NULL DEFAULT 5120,
  `uploads_quality` enum('high','medium','low') NOT NULL DEFAULT 'medium',
  `videos_enabled` enum('0','1') NOT NULL DEFAULT '1',
  `max_video_size` int(10) UNSIGNED NOT NULL DEFAULT 5120,
  `video_extensions` text NOT NULL,
  `audio_enabled` enum('0','1') NOT NULL DEFAULT '1',
  `max_audio_size` int(10) UNSIGNED NOT NULL DEFAULT 5120,
  `audio_extensions` text NOT NULL,
  `file_enabled` enum('0','1') NOT NULL DEFAULT '1',
  `max_file_size` int(10) UNSIGNED NOT NULL DEFAULT 5120,
  `file_extensions` text NOT NULL,
  `censored_words_enabled` enum('0','1') NOT NULL DEFAULT '1',
  `censored_words` text NOT NULL,
  `reCAPTCHA_enabled` enum('0','1') NOT NULL DEFAULT '0',
  `reCAPTCHA_site_key` varchar(255) DEFAULT NULL,
  `reCAPTCHA_secret_key` varchar(255) DEFAULT NULL,
  `session_hash` varchar(255) NOT NULL,
  `paypal_enabled` enum('0','1') NOT NULL DEFAULT '0',
  `paypal_mode` enum('live','sandbox') NOT NULL DEFAULT 'sandbox',
  `paypal_id` varchar(255) DEFAULT NULL,
  `paypal_secret` varchar(255) DEFAULT NULL,
  `creditcard_enabled` enum('0','1') NOT NULL DEFAULT '0',
  `alipay_enabled` enum('0','1') NOT NULL DEFAULT '0',
  `stripe_mode` enum('live','test') NOT NULL DEFAULT 'test',
  `stripe_test_secret` varchar(255) DEFAULT NULL,
  `stripe_test_publishable` varchar(255) DEFAULT NULL,
  `stripe_live_secret` varchar(255) DEFAULT NULL,
  `stripe_live_publishable` varchar(255) DEFAULT NULL,
  `system_currency` varchar(64) DEFAULT 'USD',
  `data_heartbeat` int(10) UNSIGNED NOT NULL DEFAULT 5,
  `chat_heartbeat` int(10) UNSIGNED NOT NULL DEFAULT 5,
  `offline_time` int(10) UNSIGNED NOT NULL DEFAULT 10,
  `min_results` int(10) UNSIGNED NOT NULL DEFAULT 5,
  `max_results` int(10) UNSIGNED NOT NULL DEFAULT 10,
  `min_results_even` int(10) UNSIGNED NOT NULL DEFAULT 6,
  `max_results_even` int(10) UNSIGNED NOT NULL DEFAULT 12,
  `analytics_code` text NOT NULL,
  `system_logo` varchar(255) DEFAULT NULL,
  `system_wallpaper_default` enum('0','1') NOT NULL DEFAULT '1',
  `system_wallpaper` varchar(255) DEFAULT NULL,
  `system_random_profiles` enum('0','1') NOT NULL DEFAULT '1',
  `system_favicon_default` enum('0','1') NOT NULL DEFAULT '1',
  `system_favicon` varchar(255) DEFAULT NULL,
  `system_ogimage_default` enum('0','1') NOT NULL DEFAULT '1',
  `system_ogimage` varchar(255) DEFAULT NULL,
  `css_customized` enum('0','1') NOT NULL DEFAULT '0',
  `css_background` varchar(32) DEFAULT NULL,
  `css_link_color` varchar(32) DEFAULT NULL,
  `css_header` varchar(32) DEFAULT NULL,
  `css_header_search` varchar(32) DEFAULT NULL,
  `css_header_search_color` varchar(32) DEFAULT NULL,
  `css_btn_primary` varchar(32) DEFAULT NULL,
  `css_menu_background` varchar(32) DEFAULT NULL,
  `css_custome_css` text NOT NULL,
  `custome_js_header` text NOT NULL,
  `custome_js_footer` text NOT NULL,
  `forums_enabled` enum('0','1') NOT NULL DEFAULT '1',
  `forums_online_enabled` enum('0','1') NOT NULL DEFAULT '1',
  `forums_statistics_enabled` enum('0','1') NOT NULL DEFAULT '1',
  `affiliates_enabled` enum('0','1') NOT NULL DEFAULT '0',
  `affiliate_type` enum('registration','packages') NOT NULL DEFAULT 'registration',
  `affiliate_payment_method` enum('paypal','skrill','both') NOT NULL DEFAULT 'both',
  `affiliates_min_withdrawal` int(10) UNSIGNED NOT NULL DEFAULT 50,
  `affiliates_per_user` varchar(32) NOT NULL DEFAULT '0.1',
  `ads_enabled` enum('0','1') NOT NULL DEFAULT '0',
  `ads_cost_click` varchar(32) NOT NULL DEFAULT '0.05',
  `ads_cost_view` varchar(32) NOT NULL DEFAULT '0.01'
) ENGINE=MyISAM DEFAULT CHARSET=utf8 ROW_FORMAT=DYNAMIC;

--
-- Đang đổ dữ liệu cho bảng `system_options`
--

INSERT INTO `system_options` (`id`, `system_public`, `system_live`, `system_message`, `system_title`, `system_description`, `system_keywords`, `system_email`, `contact_enabled`, `directory_enabled`, `pages_enabled`, `groups_enabled`, `events_enabled`, `blogs_enabled`, `market_enabled`, `games_enabled`, `daytime_msg_enabled`, `verification_requests`, `profile_notification_enabled`, `browser_notifications_enabled`, `noty_notifications_enabled`, `stories_enabled`, `wall_posts_enabled`, `social_share_enabled`, `smart_yt_player`, `polls_enabled`, `geolocation_enabled`, `geolocation_key`, `post_translation_enabled`, `yandex_key`, `default_privacy`, `registration_enabled`, `registration_type`, `invitation_enabled`, `packages_enabled`, `activation_enabled`, `activation_type`, `age_restriction`, `minimum_age`, `getting_started`, `delete_accounts_enabled`, `max_accounts`, `social_login_enabled`, `facebook_login_enabled`, `facebook_appid`, `facebook_secret`, `twitter_login_enabled`, `twitter_appid`, `twitter_secret`, `google_login_enabled`, `google_appid`, `google_secret`, `instagram_login_enabled`, `instagram_appid`, `instagram_secret`, `linkedin_login_enabled`, `linkedin_appid`, `linkedin_secret`, `vkontakte_login_enabled`, `vkontakte_appid`, `vkontakte_secret`, `email_smtp_enabled`, `email_smtp_authentication`, `email_smtp_ssl`, `email_smtp_server`, `email_smtp_port`, `email_smtp_username`, `email_smtp_password`, `email_smtp_setfrom`, `email_notifications`, `email_post_likes`, `email_post_comments`, `email_post_shares`, `email_wall_posts`, `email_mentions`, `email_profile_visits`, `email_friend_requests`, `twilio_sid`, `twilio_token`, `twilio_phone`, `system_phone`, `chat_enabled`, `chat_status_enabled`, `s3_enabled`, `s3_bucket`, `s3_region`, `s3_key`, `s3_secret`, `uploads_directory`, `uploads_prefix`, `max_avatar_size`, `max_cover_size`, `photos_enabled`, `max_photo_size`, `uploads_quality`, `videos_enabled`, `max_video_size`, `video_extensions`, `audio_enabled`, `max_audio_size`, `audio_extensions`, `file_enabled`, `max_file_size`, `file_extensions`, `censored_words_enabled`, `censored_words`, `reCAPTCHA_enabled`, `reCAPTCHA_site_key`, `reCAPTCHA_secret_key`, `session_hash`, `paypal_enabled`, `paypal_mode`, `paypal_id`, `paypal_secret`, `creditcard_enabled`, `alipay_enabled`, `stripe_mode`, `stripe_test_secret`, `stripe_test_publishable`, `stripe_live_secret`, `stripe_live_publishable`, `system_currency`, `data_heartbeat`, `chat_heartbeat`, `offline_time`, `min_results`, `max_results`, `min_results_even`, `max_results_even`, `analytics_code`, `system_logo`, `system_wallpaper_default`, `system_wallpaper`, `system_random_profiles`, `system_favicon_default`, `system_favicon`, `system_ogimage_default`, `system_ogimage`, `css_customized`, `css_background`, `css_link_color`, `css_header`, `css_header_search`, `css_header_search_color`, `css_btn_primary`, `css_menu_background`, `css_custome_css`, `custome_js_header`, `custome_js_footer`, `forums_enabled`, `forums_online_enabled`, `forums_statistics_enabled`, `affiliates_enabled`, `affiliate_type`, `affiliate_payment_method`, `affiliates_min_withdrawal`, `affiliates_per_user`, `ads_enabled`, `ads_cost_click`, `ads_cost_view`) VALUES
(1, '1', '1', '', 'Coniu', '', '', NULL, '1', '1', '1', '1', '1', '1', '1', '1', '1', '1', '1', '1', '1', '1', '1', '1', '1', '1', '0', NULL, '0', NULL, 'public', '1', 'free', '0', '0', '1', 'email', '0', 13, '1', '1', 0, '0', '0', NULL, NULL, '0', NULL, NULL, '0', NULL, NULL, '0', NULL, NULL, '0', NULL, NULL, '0', NULL, NULL, '0', '0', '0', NULL, NULL, NULL, NULL, NULL, '0', '0', '0', '0', '0', '0', '0', '0', '', '', '', '', '1', '1', '0', NULL, NULL, NULL, NULL, 'content/uploads', 'coniu', 5120, 5120, '1', 5120, 'medium', '1', 5120, 'mp4, mov', '1', 512000, 'mp3, wav', '1', 5120, 'txt, zip', '1', 'pussy,fuck,shit,asshole,dick,tits,boobs', '0', NULL, NULL, '', '0', 'sandbox', NULL, NULL, '0', '0', 'test', NULL, NULL, NULL, NULL, 'USD', 5, 5, 10, 5, 10, 6, 12, '', NULL, '1', NULL, '1', '1', NULL, '1', NULL, '0', NULL, NULL, NULL, NULL, NULL, NULL, NULL, '/* \r\n\r\nAdd here your custom css styles \r\nExample:\r\np { text-align: center; color: red; }\r\n\r\n*/', '/* \r\nYou can add your JavaScript code here\r\n\r\nExample:\r\n\r\nvar x, y, z;\r\nx = 1;\r\ny = 2;\r\nz = x + y;\r\n*/', '/* \r\nYou can add your JavaScript code here\r\n\r\nExample:\r\n\r\nvar x, y, z;\r\nx = 1;\r\ny = 2;\r\nz = x + y;\r\n*/', '0', '1', '1', '0', 'registration', 'both', 50, '0.10', '0', '0.05', '0.01');

-- --------------------------------------------------------

--
-- Cấu trúc bảng cho bảng `system_themes`
--

CREATE TABLE `system_themes` (
  `theme_id` int(10) UNSIGNED NOT NULL,
  `name` varchar(64) NOT NULL,
  `default` enum('0','1') NOT NULL
) ENGINE=MyISAM DEFAULT CHARSET=utf8 ROW_FORMAT=DYNAMIC;

--
-- Đang đổ dữ liệu cho bảng `system_themes`
--

INSERT INTO `system_themes` (`theme_id`, `name`, `default`) VALUES
(1, 'coniu', '1');

-- --------------------------------------------------------

--
-- Cấu trúc bảng cho bảng `users`
--

CREATE TABLE `users` (
  `user_id` int(10) UNSIGNED NOT NULL,
  `user_group` tinyint(10) UNSIGNED NOT NULL DEFAULT 3,
  `user_name` varchar(64) NOT NULL,
  `user_email` varchar(64) DEFAULT NULL,
  `user_email_activation` varchar(64) DEFAULT NULL,
  `user_password` varchar(64) NOT NULL,
  `user_firstname` varchar(255) NOT NULL,
  `user_lastname` varchar(255) DEFAULT NULL,
  `user_fullname` varchar(255) NOT NULL,
  `user_gender` enum('male','female','other') NOT NULL,
  `user_birthdate` date DEFAULT NULL,
  `user_phone` varchar(64) DEFAULT NULL,
  `user_phone_signin` varchar(64) DEFAULT NULL COMMENT 'Luu sdt dung de dang nhap',
  `user_id_card_number` varchar(64) DEFAULT NULL COMMENT 'Số CMND, CCCD',
  `date_of_issue` date DEFAULT NULL COMMENT 'Ngày cấp',
  `place_of_issue` varchar(64) DEFAULT NULL COMMENT 'Nơi cấp',
  `city_id` int(10) NOT NULL DEFAULT 0,
  `user_picture` varchar(255) DEFAULT NULL,
  `user_picture_id` int(10) UNSIGNED DEFAULT NULL,
  `user_cover` varchar(255) DEFAULT NULL,
  `user_cover_id` int(10) UNSIGNED DEFAULT NULL,
  `user_album_pictures` int(10) UNSIGNED DEFAULT NULL,
  `user_album_covers` int(10) UNSIGNED DEFAULT NULL,
  `user_album_timeline` int(10) UNSIGNED DEFAULT NULL,
  `user_pinned_post` int(10) UNSIGNED DEFAULT NULL,
  `user_work_title` varchar(255) DEFAULT NULL,
  `user_work_place` varchar(255) DEFAULT NULL,
  `user_current_city` varchar(255) DEFAULT NULL,
  `user_hometown` varchar(255) DEFAULT NULL,
  `user_edu_major` varchar(255) DEFAULT NULL,
  `user_edu_school` varchar(255) DEFAULT NULL,
  `user_edu_class` varchar(255) DEFAULT NULL,
  `user_registered` datetime DEFAULT NULL,
  `user_last_login` datetime DEFAULT NULL,
  `user_last_active` datetime DEFAULT NULL COMMENT 'Lưu lần hoạt động cuối cùng',
  `user_privacy_wall` enum('me','friends','public') NOT NULL DEFAULT 'friends',
  `user_privacy_birthdate` enum('me','friends','public') NOT NULL DEFAULT 'me',
  `user_privacy_work` enum('me','friends','public') NOT NULL DEFAULT 'me',
  `user_privacy_location` enum('me','friends','public') NOT NULL DEFAULT 'me',
  `user_privacy_education` enum('me','friends','public') NOT NULL DEFAULT 'me',
  `user_privacy_friends` enum('me','friends','public') NOT NULL DEFAULT 'me',
  `user_privacy_photos` enum('me','friends','public') NOT NULL DEFAULT 'me',
  `user_privacy_pages` enum('me','friends','public') NOT NULL DEFAULT 'me',
  `user_privacy_groups` enum('me','friends','public') NOT NULL DEFAULT 'me',
  `user_activation_key` varchar(64) DEFAULT NULL,
  `user_activated` enum('0','1') NOT NULL DEFAULT '0',
  `user_verified` enum('0','1') NOT NULL DEFAULT '0',
  `user_started` enum('0','1') NOT NULL DEFAULT '0',
  `user_changed_pass` enum('0','1') NOT NULL DEFAULT '0',
  `user_reseted` enum('0','1') NOT NULL DEFAULT '0',
  `user_reset_key` varchar(64) DEFAULT NULL,
  `user_blocked` enum('0','1') NOT NULL DEFAULT '0',
  `user_ip` varchar(64) NOT NULL,
  `user_chat_enabled` enum('0','1') NOT NULL DEFAULT '1',
  `user_live_requests_counter` int(10) UNSIGNED NOT NULL DEFAULT 0,
  `user_live_requests_lastid` int(10) UNSIGNED NOT NULL DEFAULT 0,
  `user_live_messages_counter` int(10) UNSIGNED NOT NULL DEFAULT 0,
  `user_live_messages_lastid` int(10) UNSIGNED NOT NULL DEFAULT 0,
  `user_live_notifications_counter` int(10) UNSIGNED NOT NULL DEFAULT 0,
  `user_live_notifications_lastid` int(10) UNSIGNED NOT NULL DEFAULT 0,
  `facebook_connected` enum('0','1') NOT NULL DEFAULT '0',
  `facebook_id` varchar(255) DEFAULT NULL,
  `twitter_connected` enum('0','1') NOT NULL DEFAULT '0',
  `twitter_id` varchar(255) DEFAULT NULL,
  `google_connected` enum('0','1') NOT NULL DEFAULT '0',
  `google_id` varchar(255) DEFAULT NULL,
  `linkedin_connected` enum('0','1') NOT NULL DEFAULT '0',
  `linkedin_id` varchar(255) DEFAULT NULL,
  `vkontakte_connected` enum('0','1') NOT NULL DEFAULT '0',
  `vkontakte_id` varchar(255) DEFAULT NULL,
  `device_token` varchar(255) DEFAULT NULL COMMENT 'deviceToken (token firebase để push notification về device)',
  `user_subscribed` enum('0','1') NOT NULL DEFAULT '0',
  `user_package` int(10) UNSIGNED DEFAULT NULL,
  `user_subscription_date` datetime DEFAULT NULL,
  `user_boosted_posts` int(10) UNSIGNED NOT NULL DEFAULT 0,
  `user_boosted_pages` int(10) UNSIGNED NOT NULL DEFAULT 0,
  `user_banned` enum('0','1') NOT NULL DEFAULT '0',
  `user_country` int(10) UNSIGNED DEFAULT NULL,
  `user_relationship` varchar(255) DEFAULT NULL,
  `user_biography` text DEFAULT NULL,
  `user_website` varchar(255) DEFAULT NULL,
  `user_work_url` varchar(255) DEFAULT NULL,
  `user_social_facebook` varchar(255) DEFAULT NULL,
  `user_social_twitter` varchar(255) DEFAULT NULL,
  `user_social_google` varchar(255) DEFAULT NULL,
  `user_social_youtube` varchar(255) DEFAULT NULL,
  `user_social_instagram` varchar(255) DEFAULT NULL,
  `user_social_linkedin` varchar(255) DEFAULT NULL,
  `user_social_vkontakte` varchar(255) DEFAULT NULL,
  `user_privacy_relationship` enum('me','friends','public') NOT NULL DEFAULT 'me',
  `user_privacy_basic` enum('me','friends','public') NOT NULL DEFAULT 'me',
  `user_privacy_other` enum('me','friends','public') NOT NULL DEFAULT 'me',
  `user_privacy_events` enum('me','friends','public') NOT NULL DEFAULT 'me',
  `email_post_likes` enum('0','1') NOT NULL DEFAULT '1',
  `email_post_comments` enum('0','1') NOT NULL DEFAULT '1',
  `email_post_shares` enum('0','1') NOT NULL DEFAULT '1',
  `email_wall_posts` enum('0','1') NOT NULL DEFAULT '1',
  `email_mentions` enum('0','1') NOT NULL DEFAULT '1',
  `email_profile_visits` enum('0','1') NOT NULL DEFAULT '1',
  `email_friend_requests` enum('0','1') NOT NULL DEFAULT '1',
  `instagram_connected` enum('0','1') NOT NULL DEFAULT '0',
  `instagram_id` varchar(255) DEFAULT NULL,
  `user_referrer_id` int(10) DEFAULT NULL,
  `user_affiliate_balance` varchar(64) NOT NULL DEFAULT '0',
  `user_wallet_balance` varchar(64) NOT NULL DEFAULT '0',
  `notifications_sound` enum('0','1') NOT NULL DEFAULT '1',
  `created_id` int(10) UNSIGNED DEFAULT 0
) ENGINE=MyISAM DEFAULT CHARSET=utf8;

--
-- Đang đổ dữ liệu cho bảng `users`
--

INSERT INTO `users` (`user_id`, `user_group`, `user_name`, `user_email`, `user_email_activation`, `user_password`, `user_firstname`, `user_lastname`, `user_fullname`, `user_gender`, `user_birthdate`, `user_phone`, `user_phone_signin`, `user_id_card_number`, `date_of_issue`, `place_of_issue`, `city_id`, `user_picture`, `user_picture_id`, `user_cover`, `user_cover_id`, `user_album_pictures`, `user_album_covers`, `user_album_timeline`, `user_pinned_post`, `user_work_title`, `user_work_place`, `user_current_city`, `user_hometown`, `user_edu_major`, `user_edu_school`, `user_edu_class`, `user_registered`, `user_last_login`, `user_last_active`, `user_privacy_wall`, `user_privacy_birthdate`, `user_privacy_work`, `user_privacy_location`, `user_privacy_education`, `user_privacy_friends`, `user_privacy_photos`, `user_privacy_pages`, `user_privacy_groups`, `user_activation_key`, `user_activated`, `user_verified`, `user_started`, `user_changed_pass`, `user_reseted`, `user_reset_key`, `user_blocked`, `user_ip`, `user_chat_enabled`, `user_live_requests_counter`, `user_live_requests_lastid`, `user_live_messages_counter`, `user_live_messages_lastid`, `user_live_notifications_counter`, `user_live_notifications_lastid`, `facebook_connected`, `facebook_id`, `twitter_connected`, `twitter_id`, `google_connected`, `google_id`, `linkedin_connected`, `linkedin_id`, `vkontakte_connected`, `vkontakte_id`, `device_token`, `user_subscribed`, `user_package`, `user_subscription_date`, `user_boosted_posts`, `user_boosted_pages`, `user_banned`, `user_country`, `user_relationship`, `user_biography`, `user_website`, `user_work_url`, `user_social_facebook`, `user_social_twitter`, `user_social_google`, `user_social_youtube`, `user_social_instagram`, `user_social_linkedin`, `user_social_vkontakte`, `user_privacy_relationship`, `user_privacy_basic`, `user_privacy_other`, `user_privacy_events`, `email_post_likes`, `email_post_comments`, `email_post_shares`, `email_wall_posts`, `email_mentions`, `email_profile_visits`, `email_friend_requests`, `instagram_connected`, `instagram_id`, `user_referrer_id`, `user_affiliate_balance`, `user_wallet_balance`, `notifications_sound`, `created_id`) VALUES
(1, 1, 'coniuadmin', 'lienhe@coniu.vn', NULL, '$2y$10$Cc8iivq/ccAzW11WcB6k4eZzH4F4JSlCfYgRS//2b2u4LNZNOm97W', 'Coniu', NULL, 'Coniu', 'male', '1992-06-01', '01669241468', NULL, NULL, NULL, NULL, 1, 'photos/2018/09/coniu_52f36c54f017c0791aa300bb50a466c5.png', 22786, NULL, 0, 2251, 0, 0, 0, NULL, NULL, NULL, NULL, NULL, NULL, NULL, '2017-03-21 11:48:23', '2021-04-22 10:18:30', '2019-12-11 09:42:33', 'friends', 'public', 'public', 'public', 'public', 'public', 'public', 'me', 'me', NULL, '1', '1', '1', '0', '0', NULL, '0', '123.16.103.126', '1', 0, 0, 0, 0, 0, 0, '0', NULL, '0', NULL, '0', NULL, '0', NULL, '0', NULL, NULL, '0', NULL, NULL, 0, 0, '0', NULL, NULL, NULL, NULL, NULL, NULL, NULL, NULL, NULL, NULL, NULL, NULL, 'public', 'public', 'public', 'public', '1', '1', '1', '1', '1', '1', '1', '0', NULL, NULL, '0', '0', '1', 0),
(28074, 3, 'qn1617094969', 'quannd@mascom.vn', NULL, '$2y$10$rVnZHh4d0Y8rdD9wIVhk3OfLczG6obtmg/Gh1FD3tX4t5YZJyHnTe', 'Ngo', 'Quan', 'Quan Ngo', 'male', NULL, NULL, NULL, NULL, NULL, NULL, 0, NULL, NULL, NULL, NULL, NULL, NULL, NULL, NULL, NULL, NULL, NULL, NULL, NULL, NULL, NULL, '2021-03-30 16:02:46', '2021-03-30 16:03:08', NULL, 'friends', 'me', 'me', 'me', 'me', 'me', 'me', 'me', 'me', 'f1b865410292d7b239e4c27a2910912b', '1', '1', '0', '0', '0', NULL, '0', '', '1', 0, 0, 0, 0, 2, 0, '0', NULL, '0', NULL, '0', NULL, '0', NULL, '0', NULL, NULL, '0', NULL, NULL, 0, 0, '0', NULL, NULL, NULL, NULL, NULL, NULL, NULL, NULL, NULL, NULL, NULL, NULL, 'me', 'me', 'me', 'me', '1', '1', '1', '1', '1', '1', '1', '0', NULL, NULL, '0', '0', '1', 0),
(28075, 1, 'dqa1617095388', 'manhholong2@gmail.com', NULL, '$2y$10$3to3R5.wHO.sDs0nVl2R5evG01LJWJq081PKgSFamqVZj7zLh8V5.', 'Quỳnh Anhh', 'Đinh', 'Đinh Quỳnh Anhh', 'female', '1979-06-08', NULL, NULL, '435534535', '2021-03-30', '76575675', 0, NULL, NULL, NULL, NULL, NULL, NULL, NULL, NULL, '', '', '', '', '', '', '', '2021-03-30 16:09:44', '2021-04-01 11:42:56', NULL, 'friends', 'me', 'me', 'me', 'me', 'me', 'me', 'me', 'me', 'a5a17ff781c8171f10055acfa734839b', '1', '1', '1', '0', '0', NULL, '0', '', '1', 0, 0, 0, 0, 1, 0, '0', NULL, '0', NULL, '0', NULL, '0', NULL, '0', NULL, NULL, '0', NULL, NULL, 0, 0, '0', NULL, NULL, NULL, NULL, NULL, NULL, NULL, NULL, NULL, NULL, NULL, NULL, 'me', 'me', 'me', 'me', '1', '1', '1', '1', '1', '1', '1', '0', NULL, NULL, '0', '0', '1', 0),
(28076, 3, 'htt1617156449', 'hathithinh@gmail.com', NULL, '$2y$10$Cc8iivq/ccAzW11WcB6k4eZzH4F4JSlCfYgRS//2b2u4LNZNOm97W', 'Thịnh', 'H&agrave; Thị', 'H&agrave; Thị Thịnh', 'female', '2000-03-31', NULL, NULL, '123456789', '2021-03-31', 'H&agrave; Nội', 0, NULL, NULL, NULL, NULL, NULL, NULL, NULL, NULL, NULL, NULL, NULL, NULL, NULL, NULL, NULL, '2021-03-31 09:07:02', '2021-04-28 13:18:23', NULL, 'friends', 'me', 'me', 'me', 'me', 'me', 'me', 'me', 'me', '66dc5d91e31b8dc36a6ec39b6effdfe7', '1', '1', '1', '0', '0', NULL, '0', '', '1', 0, 0, 0, 0, 0, 0, '0', NULL, '0', NULL, '0', NULL, '0', NULL, '0', NULL, NULL, '0', NULL, NULL, 0, 0, '0', NULL, NULL, NULL, NULL, NULL, NULL, NULL, NULL, NULL, NULL, NULL, NULL, 'me', 'me', 'me', 'me', '1', '1', '1', '1', '1', '1', '1', '0', NULL, NULL, '0', '0', '1', 0),
(28077, 3, 'gv11617156510', 'giaovien1@gmail.com', NULL, '$2y$10$Cc8iivq/ccAzW11WcB6k4eZzH4F4JSlCfYgRS//2b2u4LNZNOm97W', 'Vi&ecirc;n 1', 'Gi&aacute;o ', 'Gi&aacute;o  Vi&ecirc;n 1', 'female', '2000-04-01', NULL, NULL, '123456789', '2021-04-01', 'H&agrave; Nội', 0, NULL, NULL, NULL, NULL, NULL, NULL, NULL, NULL, NULL, NULL, NULL, NULL, NULL, NULL, NULL, '2021-03-31 09:07:27', '2021-04-28 11:29:40', NULL, 'friends', 'me', 'me', 'me', 'me', 'me', 'me', 'me', 'me', '5b23bc79c984f82b5999675b46fed652', '1', '1', '1', '0', '0', NULL, '0', '', '1', 0, 0, 0, 0, 1, 0, '0', NULL, '0', NULL, '0', NULL, '0', NULL, '0', NULL, NULL, '0', NULL, NULL, 0, 0, '0', NULL, NULL, NULL, NULL, NULL, NULL, NULL, NULL, NULL, NULL, NULL, NULL, 'me', 'me', 'me', 'me', '1', '1', '1', '1', '1', '1', '1', '0', NULL, NULL, '0', '0', '1', 0),
(28078, 3, 'gv21617156525', 'giaovien2@gmail.com', NULL, '$2y$10$Cc8iivq/ccAzW11WcB6k4eZzH4F4JSlCfYgRS//2b2u4LNZNOm97W', 'Vi&ecirc;n 2', 'Gi&aacute;o ', 'Gi&aacute;o  Vi&ecirc;n 2', 'female', '1986-10-21', NULL, NULL, '4332432434233', '2021-04-12', 'dsadads', 0, NULL, NULL, NULL, NULL, NULL, NULL, NULL, NULL, NULL, NULL, NULL, NULL, NULL, NULL, NULL, '2021-03-31 09:07:34', '2021-04-27 09:09:14', NULL, 'friends', 'me', 'me', 'me', 'me', 'me', 'me', 'me', 'me', '4080d606b362c509b017f434d9ba135a', '1', '1', '1', '0', '0', NULL, '0', '', '1', 0, 0, 0, 0, 16, 0, '0', NULL, '0', NULL, '0', NULL, '0', NULL, '0', NULL, NULL, '0', NULL, NULL, 0, 0, '0', NULL, NULL, NULL, NULL, NULL, NULL, NULL, NULL, NULL, NULL, NULL, NULL, 'me', 'me', 'me', 'me', '1', '1', '1', '1', '1', '1', '1', '0', NULL, NULL, '0', '0', '1', 0),
(28079, 3, 'gv31617156557', 'giaovien3@gmail.com', NULL, '$2y$10$Cc8iivq/ccAzW11WcB6k4eZzH4F4JSlCfYgRS//2b2u4LNZNOm97W', 'Vi&ecirc;n 3', 'Gi&aacute;o ', 'Gi&aacute;o  Vi&ecirc;n 3', 'female', NULL, NULL, NULL, NULL, NULL, NULL, 0, NULL, NULL, NULL, NULL, NULL, NULL, NULL, NULL, NULL, NULL, NULL, NULL, NULL, NULL, NULL, '2021-03-31 09:07:40', NULL, NULL, 'friends', 'me', 'me', 'me', 'me', 'me', 'me', 'me', 'me', 'abcb37bb723a99bd9bb8d2a9e640d214', '1', '1', '0', '0', '0', NULL, '0', '', '1', 0, 0, 0, 0, 9, 0, '0', NULL, '0', NULL, '0', NULL, '0', NULL, '0', NULL, NULL, '0', NULL, NULL, 0, 0, '0', NULL, NULL, NULL, NULL, NULL, NULL, NULL, NULL, NULL, NULL, NULL, NULL, 'me', 'me', 'me', 'me', '1', '1', '1', '1', '1', '1', '1', '0', NULL, NULL, '0', '0', '1', 0),
(28080, 3, 'gv41617156519', 'giaovien4@gmail.com', NULL, '$2y$10$Cc8iivq/ccAzW11WcB6k4eZzH4F4JSlCfYgRS//2b2u4LNZNOm97W', 'Vi&ecirc;n 4', 'Gi&aacute;o ', 'Gi&aacute;o  Vi&ecirc;n 4', 'female', NULL, NULL, NULL, NULL, NULL, NULL, 0, NULL, NULL, NULL, NULL, NULL, NULL, NULL, NULL, NULL, NULL, NULL, NULL, NULL, NULL, NULL, '2021-03-31 09:07:47', NULL, NULL, 'friends', 'me', 'me', 'me', 'me', 'me', 'me', 'me', 'me', 'eff3a67f8f689797322065e1754bf943', '1', '1', '0', '0', '0', NULL, '0', '', '1', 0, 0, 0, 0, 15, 0, '0', NULL, '0', NULL, '0', NULL, '0', NULL, '0', NULL, NULL, '0', NULL, NULL, 0, 0, '0', NULL, NULL, NULL, NULL, NULL, NULL, NULL, NULL, NULL, NULL, NULL, NULL, 'me', 'me', 'me', 'me', '1', '1', '1', '1', '1', '1', '1', '0', NULL, NULL, '0', '0', '1', 0),
(28081, 3, 'gv51617156568', 'giaovien5@gmail.com', NULL, '$2y$10$Cc8iivq/ccAzW11WcB6k4eZzH4F4JSlCfYgRS//2b2u4LNZNOm97W', 'Vi&ecirc;n 5', 'Gi&aacute;o ', 'Gi&aacute;o  Vi&ecirc;n 5', 'female', NULL, NULL, NULL, NULL, NULL, NULL, 0, NULL, NULL, NULL, NULL, NULL, NULL, NULL, NULL, NULL, NULL, NULL, NULL, NULL, NULL, NULL, '2021-03-31 09:07:53', NULL, NULL, 'friends', 'me', 'me', 'me', 'me', 'me', 'me', 'me', 'me', 'c780b3fd1472ff722e193cc6b06c9ee0', '1', '1', '0', '0', '0', NULL, '0', '', '1', 0, 0, 0, 0, 9, 0, '0', NULL, '0', NULL, '0', NULL, '0', NULL, '0', NULL, NULL, '0', NULL, NULL, 0, 0, '0', NULL, NULL, NULL, NULL, NULL, NULL, NULL, NULL, NULL, NULL, NULL, NULL, 'me', 'me', 'me', 'me', '1', '1', '1', '1', '1', '1', '1', '0', NULL, NULL, '0', '0', '1', 0),
(28082, 3, 'mnva1617159199', 'phuhuynha@gmail.com', NULL, '$2y$10$Cc8iivq/ccAzW11WcB6k4eZzH4F4JSlCfYgRS//2b2u4LNZNOm97W', 'A', 'Mẹ Nguyễn Văn', 'Mẹ Nguyễn Văn A', 'female', NULL, '0987654321', NULL, NULL, NULL, NULL, 0, NULL, NULL, NULL, NULL, NULL, NULL, NULL, NULL, NULL, NULL, NULL, NULL, NULL, NULL, NULL, '2021-03-31 09:52:56', '2021-04-22 08:46:01', NULL, 'friends', 'me', 'me', 'me', 'me', 'me', 'me', 'me', 'me', 'd52084a37c6855ca97744e4d7d04ff09', '1', '0', '1', '0', '0', NULL, '0', '', '1', 0, 0, 0, 0, 2, 0, '0', NULL, '0', NULL, '0', NULL, '0', NULL, '0', NULL, NULL, '0', NULL, NULL, 0, 0, '0', NULL, NULL, NULL, NULL, NULL, NULL, NULL, NULL, NULL, NULL, NULL, NULL, 'me', 'me', 'me', 'me', '1', '1', '1', '1', '1', '1', '1', '0', NULL, NULL, '0', '0', '1', 28075),
(28083, 3, 'mntb1617159231', 'phuhuynhb@gmail.com', NULL, '$2y$10$Cc8iivq/ccAzW11WcB6k4eZzH4F4JSlCfYgRS//2b2u4LNZNOm97W', 'B', 'Mẹ Ng&ocirc; Thị', 'Mẹ Ng&ocirc; Thị B', 'female', NULL, '01237859498', NULL, NULL, NULL, NULL, 0, NULL, NULL, NULL, NULL, NULL, NULL, NULL, NULL, NULL, NULL, NULL, NULL, NULL, NULL, NULL, '2021-03-31 09:52:56', NULL, NULL, 'friends', 'me', 'me', 'me', 'me', 'me', 'me', 'me', 'me', '4ce0cc62f9e6fd354d9edd309cb1e74a', '1', '0', '1', '0', '0', NULL, '0', '', '1', 0, 0, 0, 0, 5, 0, '0', NULL, '0', NULL, '0', NULL, '0', NULL, '0', NULL, NULL, '0', NULL, NULL, 0, 0, '0', NULL, NULL, NULL, NULL, NULL, NULL, NULL, NULL, NULL, NULL, NULL, NULL, 'me', 'me', 'me', 'me', '1', '1', '1', '1', '1', '1', '1', '0', NULL, NULL, '0', '0', '1', 28075),
(28084, 3, 'mnvc1617159198', 'phuhuynhc@gmail.com', NULL, '$2y$10$Cc8iivq/ccAzW11WcB6k4eZzH4F4JSlCfYgRS//2b2u4LNZNOm97W', 'C', 'Mẹ Nguyễn Văn', 'Mẹ Nguyễn Văn C', 'female', NULL, '0987654321', NULL, NULL, NULL, NULL, 0, NULL, NULL, NULL, NULL, NULL, NULL, NULL, NULL, NULL, NULL, NULL, NULL, NULL, NULL, NULL, '2021-03-31 09:52:56', NULL, NULL, 'friends', 'me', 'me', 'me', 'me', 'me', 'me', 'me', 'me', '6002e7eb97b85ab6f21f94bc2907e6ae', '1', '0', '1', '0', '0', NULL, '0', '', '1', 0, 0, 0, 0, 82, 0, '0', NULL, '0', NULL, '0', NULL, '0', NULL, '0', NULL, NULL, '0', NULL, NULL, 0, 0, '0', NULL, NULL, NULL, NULL, NULL, NULL, NULL, NULL, NULL, NULL, NULL, NULL, 'me', 'me', 'me', 'me', '1', '1', '1', '1', '1', '1', '1', '0', NULL, NULL, '0', '0', '1', 28075),
(28085, 3, 'mntd1617159182', 'phuhuynhd@gmail.com', NULL, '$2y$10$Cc8iivq/ccAzW11WcB6k4eZzH4F4JSlCfYgRS//2b2u4LNZNOm97W', 'D', 'Mẹ Ng&ocirc; Thị', 'Mẹ Ng&ocirc; Thị D', 'female', NULL, '01237859498', NULL, NULL, NULL, NULL, 0, NULL, NULL, NULL, NULL, NULL, NULL, NULL, NULL, NULL, NULL, NULL, NULL, NULL, NULL, NULL, '2021-03-31 09:52:56', NULL, NULL, 'friends', 'me', 'me', 'me', 'me', 'me', 'me', 'me', 'me', 'b3ef0df4a9f81dee3c701edbc6c326e3', '1', '0', '1', '0', '0', NULL, '0', '', '1', 0, 0, 0, 0, 6, 0, '0', NULL, '0', NULL, '0', NULL, '0', NULL, '0', NULL, NULL, '0', NULL, NULL, 0, 0, '0', NULL, NULL, NULL, NULL, NULL, NULL, NULL, NULL, NULL, NULL, NULL, NULL, 'me', 'me', 'me', 'me', '1', '1', '1', '1', '1', '1', '1', '0', NULL, NULL, '0', '0', '1', 28075),
(28086, 3, 'mnve1617159236', 'phuhuynhe@gmail.com', NULL, '$2y$10$Cc8iivq/ccAzW11WcB6k4eZzH4F4JSlCfYgRS//2b2u4LNZNOm97W', 'E', 'Mẹ Nguyễn Văn', 'Mẹ Nguyễn Văn E', 'female', NULL, '0987654321', NULL, NULL, NULL, NULL, 0, NULL, NULL, NULL, NULL, NULL, NULL, NULL, NULL, NULL, NULL, NULL, NULL, NULL, NULL, NULL, '2021-03-31 09:52:56', NULL, NULL, 'friends', 'me', 'me', 'me', 'me', 'me', 'me', 'me', 'me', 'a84d1ea4f9fcb002fc11b626bbd23213', '1', '0', '1', '0', '0', NULL, '0', '', '1', 0, 0, 0, 0, 6, 0, '0', NULL, '0', NULL, '0', NULL, '0', NULL, '0', NULL, NULL, '0', NULL, NULL, 0, 0, '0', NULL, NULL, NULL, NULL, NULL, NULL, NULL, NULL, NULL, NULL, NULL, NULL, 'me', 'me', 'me', 'me', '1', '1', '1', '1', '1', '1', '1', '0', NULL, NULL, '0', '0', '1', 28075),
(28087, 3, 'mntf1617159230', 'phuhuynhf@gmail.com', NULL, '$2y$10$Cc8iivq/ccAzW11WcB6k4eZzH4F4JSlCfYgRS//2b2u4LNZNOm97W', 'F', 'Mẹ Ng&ocirc; Thị', 'Mẹ Ng&ocirc; Thị F', 'female', NULL, '01237859498', NULL, NULL, NULL, NULL, 0, NULL, NULL, NULL, NULL, NULL, NULL, NULL, NULL, NULL, NULL, NULL, NULL, NULL, NULL, NULL, '2021-03-31 09:52:56', NULL, NULL, 'friends', 'me', 'me', 'me', 'me', 'me', 'me', 'me', 'me', '7717e867eb0e0f2c009425ef454646a7', '1', '0', '1', '0', '0', NULL, '0', '', '1', 0, 0, 0, 0, 5, 0, '0', NULL, '0', NULL, '0', NULL, '0', NULL, '0', NULL, NULL, '0', NULL, NULL, 0, 0, '0', NULL, NULL, NULL, NULL, NULL, NULL, NULL, NULL, NULL, NULL, NULL, NULL, 'me', 'me', 'me', 'me', '1', '1', '1', '1', '1', '1', '1', '0', NULL, NULL, '0', '0', '1', 28075),
(28088, 3, 'mnvg1617159210', 'phuhuynhg@gmail.com', NULL, '$2y$10$Cc8iivq/ccAzW11WcB6k4eZzH4F4JSlCfYgRS//2b2u4LNZNOm97W', 'G', 'Mẹ Nguyễn Văn', 'Mẹ Nguyễn Văn G', 'female', NULL, '0987654321', NULL, NULL, NULL, NULL, 0, NULL, NULL, NULL, NULL, NULL, NULL, NULL, NULL, NULL, NULL, NULL, NULL, NULL, NULL, NULL, '2021-03-31 09:52:56', NULL, NULL, 'friends', 'me', 'me', 'me', 'me', 'me', 'me', 'me', 'me', '270cfa63408ef5fa09b4bce52b26e597', '1', '0', '1', '0', '0', NULL, '0', '', '1', 0, 0, 0, 0, 6, 0, '0', NULL, '0', NULL, '0', NULL, '0', NULL, '0', NULL, NULL, '0', NULL, NULL, 0, 0, '0', NULL, NULL, NULL, NULL, NULL, NULL, NULL, NULL, NULL, NULL, NULL, NULL, 'me', 'me', 'me', 'me', '1', '1', '1', '1', '1', '1', '1', '0', NULL, NULL, '0', '0', '1', 28075),
(28089, 3, 'mnth1617159185', 'phuhuynhh@gmail.com', NULL, '$2y$10$Cc8iivq/ccAzW11WcB6k4eZzH4F4JSlCfYgRS//2b2u4LNZNOm97W', 'H', 'Mẹ Ng&ocirc; Thị', 'Mẹ Ng&ocirc; Thị H', 'female', NULL, '01237859498', NULL, NULL, NULL, NULL, 0, NULL, NULL, NULL, NULL, NULL, NULL, NULL, NULL, NULL, NULL, NULL, NULL, NULL, NULL, NULL, '2021-03-31 09:52:56', NULL, NULL, 'friends', 'me', 'me', 'me', 'me', 'me', 'me', 'me', 'me', '70171aa2914f084bb84614146325eb77', '1', '0', '1', '0', '0', NULL, '0', '', '1', 0, 0, 0, 0, 5, 0, '0', NULL, '0', NULL, '0', NULL, '0', NULL, '0', NULL, NULL, '0', NULL, NULL, 0, 0, '0', NULL, NULL, NULL, NULL, NULL, NULL, NULL, NULL, NULL, NULL, NULL, NULL, 'me', 'me', 'me', 'me', '1', '1', '1', '1', '1', '1', '1', '0', NULL, NULL, '0', '0', '1', 28075),
(28090, 3, 'mnvb1617159795', 'phuhuynhba@gmail.com', NULL, '$2y$10$Cc8iivq/ccAzW11WcB6k4eZzH4F4JSlCfYgRS//2b2u4LNZNOm97W', 'BA', 'Mẹ Nguyễn Văn', 'Mẹ Nguyễn Văn BA', 'female', NULL, '0987654321', NULL, NULL, NULL, NULL, 0, NULL, NULL, NULL, NULL, NULL, NULL, NULL, NULL, NULL, NULL, NULL, NULL, NULL, NULL, NULL, '2021-03-31 10:02:59', NULL, NULL, 'friends', 'me', 'me', 'me', 'me', 'me', 'me', 'me', 'me', 'c5be25280708a9f6362f62f34c4cd0f1', '1', '0', '1', '0', '0', NULL, '0', '', '1', 0, 0, 0, 0, 2, 0, '0', NULL, '0', NULL, '0', NULL, '0', NULL, '0', NULL, NULL, '0', NULL, NULL, 0, 0, '0', NULL, NULL, NULL, NULL, NULL, NULL, NULL, NULL, NULL, NULL, NULL, NULL, 'me', 'me', 'me', 'me', '1', '1', '1', '1', '1', '1', '1', '0', NULL, NULL, '0', '0', '1', 28075),
(28091, 3, 'mntb1617159795', 'phuhuynhbb@gmail.com', NULL, '$2y$10$Cc8iivq/ccAzW11WcB6k4eZzH4F4JSlCfYgRS//2b2u4LNZNOm97W', 'BB', 'Mẹ Ng&ocirc; Thị', 'Mẹ Ng&ocirc; Thị BB', 'female', NULL, '01237859498', NULL, NULL, NULL, NULL, 0, NULL, NULL, NULL, NULL, NULL, NULL, NULL, NULL, NULL, NULL, NULL, NULL, NULL, NULL, NULL, '2021-03-31 10:02:59', NULL, NULL, 'friends', 'me', 'me', 'me', 'me', 'me', 'me', 'me', 'me', 'e65f8afff3083531427024f567bb1413', '1', '0', '1', '0', '0', NULL, '0', '', '1', 0, 0, 0, 0, 2, 0, '0', NULL, '0', NULL, '0', NULL, '0', NULL, '0', NULL, NULL, '0', NULL, NULL, 0, 0, '0', NULL, NULL, NULL, NULL, NULL, NULL, NULL, NULL, NULL, NULL, NULL, NULL, 'me', 'me', 'me', 'me', '1', '1', '1', '1', '1', '1', '1', '0', NULL, NULL, '0', '0', '1', 28075),
(28092, 3, 'mnvb1617159807', 'phuhuynhbc@gmail.com', NULL, '$2y$10$Cc8iivq/ccAzW11WcB6k4eZzH4F4JSlCfYgRS//2b2u4LNZNOm97W', 'BC', 'Mẹ Nguyễn Văn', 'Mẹ Nguyễn Văn BC', 'female', NULL, '0987654321', NULL, NULL, NULL, NULL, 0, NULL, NULL, NULL, NULL, NULL, NULL, NULL, NULL, NULL, NULL, NULL, NULL, NULL, NULL, NULL, '2021-03-31 10:03:09', NULL, NULL, 'friends', 'me', 'me', 'me', 'me', 'me', 'me', 'me', 'me', '116bd1fe4c8cfb5aaf46b7bc829f75d2', '1', '0', '1', '0', '0', NULL, '0', '', '1', 0, 0, 0, 0, 3, 0, '0', NULL, '0', NULL, '0', NULL, '0', NULL, '0', NULL, NULL, '0', NULL, NULL, 0, 0, '0', NULL, NULL, NULL, NULL, NULL, NULL, NULL, NULL, NULL, NULL, NULL, NULL, 'me', 'me', 'me', 'me', '1', '1', '1', '1', '1', '1', '1', '0', NULL, NULL, '0', '0', '1', 28075),
(28093, 3, 'mntb1617159875', 'phuhuynhbd@gmail.com', NULL, '$2y$10$Cc8iivq/ccAzW11WcB6k4eZzH4F4JSlCfYgRS//2b2u4LNZNOm97W', 'BD', 'Mẹ Ng&ocirc; Thị', 'Mẹ Ng&ocirc; Thị BD', 'female', NULL, '01237859498', NULL, NULL, NULL, NULL, 0, NULL, NULL, NULL, NULL, NULL, NULL, NULL, NULL, NULL, NULL, NULL, NULL, NULL, NULL, NULL, '2021-03-31 10:03:09', NULL, NULL, 'friends', 'me', 'me', 'me', 'me', 'me', 'me', 'me', 'me', 'df4a31212c003f7000dc597b9722ff0d', '1', '0', '1', '0', '0', NULL, '0', '', '1', 0, 0, 0, 0, 2, 0, '0', NULL, '0', NULL, '0', NULL, '0', NULL, '0', NULL, NULL, '0', NULL, NULL, 0, 0, '0', NULL, NULL, NULL, NULL, NULL, NULL, NULL, NULL, NULL, NULL, NULL, NULL, 'me', 'me', 'me', 'me', '1', '1', '1', '1', '1', '1', '1', '0', NULL, NULL, '0', '0', '1', 28075),
(28094, 3, 'uc1617608645', '1617608642@coniu.vn', NULL, '$2y$10$TzLFZha2L6Sf5Zng1DQ8P.iuxyA2xfFcoVJixxTa6MQWzuHVXW7Qy', 'Coniu', 'User', 'User Coniu', 'female', NULL, '', NULL, NULL, NULL, NULL, 0, NULL, NULL, NULL, NULL, NULL, NULL, NULL, NULL, NULL, NULL, NULL, NULL, NULL, NULL, NULL, '2021-04-05 14:42:58', NULL, NULL, 'friends', 'me', 'me', 'me', 'me', 'me', 'me', 'me', 'me', 'ca6d7f4387e4b0ccaa2a3017437e4d3d', '1', '0', '1', '0', '0', NULL, '0', '', '1', 0, 0, 0, 0, 0, 0, '0', NULL, '0', NULL, '0', NULL, '0', NULL, '0', NULL, NULL, '0', NULL, NULL, 0, 0, '0', NULL, NULL, NULL, NULL, NULL, NULL, NULL, NULL, NULL, NULL, NULL, NULL, 'me', 'me', 'me', 'me', '1', '1', '1', '1', '1', '1', '1', '0', NULL, NULL, '0', '0', '1', 1),
(28095, 3, 'uc1617608925', '1617608924@coniu.vn', NULL, '$2y$10$2Y.woShUIbih3vwFRaLmG.Id.gSuz43z6XDxuRDMTvOEVvApW3n6e', 'Coniu', 'User', 'User Coniu', 'female', NULL, '', NULL, NULL, NULL, NULL, 0, NULL, NULL, NULL, NULL, NULL, NULL, NULL, NULL, NULL, NULL, NULL, NULL, NULL, NULL, NULL, '2021-04-05 14:47:55', NULL, NULL, 'friends', 'me', 'me', 'me', 'me', 'me', 'me', 'me', 'me', '458af04163175e21020cf468fe07e519', '1', '0', '1', '0', '0', NULL, '0', '', '1', 0, 0, 0, 0, 0, 0, '0', NULL, '0', NULL, '0', NULL, '0', NULL, '0', NULL, NULL, '0', NULL, NULL, 0, 0, '0', NULL, NULL, NULL, NULL, NULL, NULL, NULL, NULL, NULL, NULL, NULL, NULL, 'me', 'me', 'me', 'me', '1', '1', '1', '1', '1', '1', '1', '0', NULL, NULL, '0', '0', '1', 1),
(28096, 3, 'ponva1617764088', NULL, NULL, '$2y$10$1HqTaxcz5Wy0dQSfQxopoOCaCcwgBEtiC9PnxjnON.lGLBn32CopW', 'A', 'Parent Of Nguyễn Văn', 'Parent Of Nguyễn Văn A', 'female', NULL, '', NULL, NULL, NULL, NULL, 0, NULL, NULL, NULL, NULL, NULL, NULL, NULL, NULL, NULL, NULL, NULL, NULL, NULL, NULL, NULL, '2021-04-07 09:54:11', NULL, NULL, 'friends', 'me', 'me', 'me', 'me', 'me', 'me', 'me', 'me', '6375f7f614e20f5d57470d8e7ad9970a', '1', '0', '1', '0', '0', NULL, '0', '', '1', 0, 0, 0, 0, 23, 0, '0', NULL, '0', NULL, '0', NULL, '0', NULL, '0', NULL, NULL, '0', NULL, NULL, 0, 0, '0', NULL, NULL, NULL, NULL, NULL, NULL, NULL, NULL, NULL, NULL, NULL, NULL, 'me', 'me', 'me', 'me', '1', '1', '1', '1', '1', '1', '1', '0', NULL, NULL, '0', '0', '1', 28076),
(28097, 3, 'podth1618287650', NULL, NULL, '$2y$10$oUD9twsMtLXg1m7584XXq.085dpUVp572M.PKYg5NECW/GUb60byC', 'Ho&agrave;ng', 'Parent Of Đinh Ti&ecirc;n', 'Parent Of Đinh Ti&ecirc;n Ho&agrave;ng', 'female', NULL, '0968949065', NULL, NULL, NULL, NULL, 0, NULL, NULL, NULL, NULL, NULL, NULL, NULL, NULL, NULL, NULL, NULL, NULL, NULL, NULL, NULL, '2021-04-13 11:19:22', NULL, NULL, 'friends', 'me', 'me', 'me', 'me', 'me', 'me', 'me', 'me', 'b8f74ccd08334a616934210ff903beef', '1', '0', '1', '0', '0', NULL, '0', '', '1', 0, 0, 0, 0, 19, 0, '0', NULL, '0', NULL, '0', NULL, '0', NULL, '0', NULL, NULL, '0', NULL, NULL, 0, 0, '0', NULL, NULL, NULL, NULL, NULL, NULL, NULL, NULL, NULL, NULL, NULL, NULL, 'me', 'me', 'me', 'me', '1', '1', '1', '1', '1', '1', '1', '0', NULL, NULL, '0', '0', '1', 28076),
(28098, 3, 'polht1618295622', NULL, NULL, '$2y$10$4QzRwxr9oEDMsfD4NMCqaeGQe3dlIclFzgpmFm.mQ0pf7OzINRKxO', 'Th&uacute;c', 'Parent Of Lưu Ho&agrave;ng', 'Parent Of Lưu Ho&agrave;ng Th&uacute;c', 'female', NULL, '0968949065', NULL, NULL, NULL, NULL, 0, NULL, NULL, NULL, NULL, NULL, NULL, NULL, NULL, NULL, NULL, NULL, NULL, NULL, NULL, NULL, '2021-04-13 13:32:30', NULL, NULL, 'friends', 'me', 'me', 'me', 'me', 'me', 'me', 'me', 'me', '0641a4c3c95017ab670b28809894c182', '1', '0', '1', '0', '0', NULL, '0', '', '1', 0, 0, 0, 0, 82, 0, '0', NULL, '0', NULL, '0', NULL, '0', NULL, '0', NULL, NULL, '0', NULL, NULL, 0, 0, '0', NULL, NULL, NULL, NULL, NULL, NULL, NULL, NULL, NULL, NULL, NULL, NULL, 'me', 'me', 'me', 'me', '1', '1', '1', '1', '1', '1', '1', '0', NULL, NULL, '0', '0', '1', 28076),
(28099, 3, 'dt1618308972', 'testemail@gmail.com', NULL, '$2y$10$508Ca85MGA/k3lrmbRurC.FBCZHoD5sxr5tjTpu7SYTchjRtkCkrG', 'Th&uacute;c', 'Đinh', 'Đinh Th&uacute;c', 'male', NULL, '0968949065', NULL, NULL, NULL, NULL, 0, NULL, NULL, NULL, NULL, NULL, NULL, NULL, NULL, NULL, NULL, NULL, NULL, NULL, NULL, NULL, '2021-04-13 17:15:02', '2021-04-13 17:19:13', NULL, 'friends', 'me', 'me', 'me', 'me', 'me', 'me', 'me', 'me', 'f4d4cee808c59ca7467b79d6ec73b7a8', '1', '0', '1', '0', '0', NULL, '0', '', '1', 0, 0, 0, 0, 0, 0, '0', NULL, '0', NULL, '0', NULL, '0', NULL, '0', NULL, NULL, '0', NULL, NULL, 0, 0, '0', NULL, NULL, NULL, NULL, NULL, NULL, NULL, NULL, NULL, NULL, NULL, NULL, 'me', 'me', 'me', 'me', '1', '1', '1', '1', '1', '1', '1', '0', NULL, NULL, '0', '0', '1', 28076),
(28100, 3, 'podt1618308912', NULL, NULL, '$2y$10$FmSnWoF6FtOf8z7lBxsUmOtCwmQyV2CCZi3/Kn.Ow9rSU2spfzyJy', 'Th&uacute;c', 'Parent Of Đinh', 'Parent Of Đinh Th&uacute;c', 'female', NULL, '0968949065', NULL, NULL, NULL, NULL, 0, NULL, NULL, NULL, NULL, NULL, NULL, NULL, NULL, NULL, NULL, NULL, NULL, NULL, NULL, NULL, '2021-04-13 17:15:02', NULL, NULL, 'friends', 'me', 'me', 'me', 'me', 'me', 'me', 'me', 'me', '92f793a60541a43341fbea2a9b7b45a5', '1', '0', '1', '0', '0', NULL, '0', '', '1', 0, 0, 0, 0, 71, 0, '0', NULL, '0', NULL, '0', NULL, '0', NULL, '0', NULL, NULL, '0', NULL, NULL, 0, 0, '0', NULL, NULL, NULL, NULL, NULL, NULL, NULL, NULL, NULL, NULL, NULL, NULL, 'me', 'me', 'me', 'me', '1', '1', '1', '1', '1', '1', '1', '0', NULL, NULL, '0', '0', '1', 28076),
(28101, 3, 'ttl1618557884', 'trieutulong@gmail.com', NULL, '$2y$10$0zfu9WDOeebOCde5hM7cf.cUG1RRHjlVmcCuno8T4nab3qeXcYs1i', 'Long', 'Triệu Tử', 'Triệu Tử Long', 'male', NULL, '0968949065', NULL, NULL, NULL, NULL, 0, NULL, NULL, NULL, NULL, NULL, NULL, NULL, NULL, NULL, NULL, NULL, NULL, NULL, NULL, NULL, '2021-04-16 14:24:10', '2021-04-22 09:57:28', NULL, 'friends', 'me', 'me', 'me', 'me', 'me', 'me', 'me', 'me', '1231fcbe7c4b0b4e0d5d8d4e0500f796', '1', '0', '1', '0', '0', NULL, '0', '', '1', 0, 0, 0, 0, 1, 0, '0', NULL, '0', NULL, '0', NULL, '0', NULL, '0', NULL, NULL, '0', NULL, NULL, 0, 0, '0', NULL, NULL, NULL, NULL, NULL, NULL, NULL, NULL, NULL, NULL, NULL, NULL, 'me', 'me', 'me', 'me', '1', '1', '1', '1', '1', '1', '1', '0', NULL, NULL, '0', '0', '1', 28076),
(28102, 3, 'pottl1618557896', 'pottl1618557896@gmail.com', NULL, '$2y$10$Cc8iivq/ccAzW11WcB6k4eZzH4F4JSlCfYgRS//2b2u4LNZNOm97W', 'Long', 'Parent Of Triệu Tử', 'Parent Of Triệu Tử Long', 'female', NULL, '0968949065', NULL, NULL, NULL, NULL, 0, NULL, NULL, NULL, NULL, NULL, NULL, NULL, NULL, NULL, NULL, NULL, NULL, NULL, NULL, NULL, '2021-04-16 14:24:10', '2021-04-27 00:08:24', NULL, 'friends', 'me', 'me', 'me', 'me', 'me', 'me', 'me', 'me', '54902c3068667487c9db30b6c35dc664', '1', '0', '1', '0', '0', NULL, '0', '', '1', 0, 0, 0, 0, 0, 0, '0', NULL, '0', NULL, '0', NULL, '0', NULL, '0', NULL, NULL, '0', NULL, NULL, 0, 0, '0', NULL, NULL, NULL, NULL, NULL, NULL, NULL, NULL, NULL, NULL, NULL, NULL, 'me', 'me', 'me', 'me', '1', '1', '1', '1', '1', '1', '1', '0', NULL, NULL, '0', '0', '1', 28076),
(28103, 3, 'et2cttl1618892456', 'emtrieutulong@gmail.com', NULL, '$2y$10$Xw5b.IabPl.L99M/5l9zY.KRzrBdc.YsJ/ktEdoJQ6euqcrGqx4pW', 'Long', 'Em Thứ 2 Của Triệu Tử', 'Em Thứ 2 Của Triệu Tử Long', 'male', NULL, '', NULL, NULL, NULL, NULL, 0, NULL, NULL, NULL, NULL, NULL, NULL, NULL, NULL, NULL, NULL, NULL, NULL, NULL, NULL, NULL, '2021-04-20 11:19:37', NULL, NULL, 'friends', 'me', 'me', 'me', 'me', 'me', 'me', 'me', 'me', '6eeca0980227d26ad4af177174b63c11', '1', '0', '1', '0', '0', NULL, '0', '', '1', 0, 0, 0, 0, 0, 0, '0', NULL, '0', NULL, '0', NULL, '0', NULL, '0', NULL, NULL, '0', NULL, NULL, 0, 0, '0', NULL, NULL, NULL, NULL, NULL, NULL, NULL, NULL, NULL, NULL, NULL, NULL, 'me', 'me', 'me', 'me', '1', '1', '1', '1', '1', '1', '1', '0', NULL, NULL, '0', '0', '1', 28076),
(28104, 3, 'poet2cttl1618892392', NULL, NULL, '$2y$10$BInLcJ8sV3FvR235UnBowOcD2WIhFZcBZJxKy9iTc192vlh3bLrcu', 'Long', 'Parent Of Em Thứ 2 Của Triệu Tử', 'Parent Of Em Thứ 2 Của Triệu Tử Long', 'female', NULL, '', NULL, NULL, NULL, NULL, 0, NULL, NULL, NULL, NULL, NULL, NULL, NULL, NULL, NULL, NULL, NULL, NULL, NULL, NULL, NULL, '2021-04-20 11:19:37', NULL, NULL, 'friends', 'me', 'me', 'me', 'me', 'me', 'me', 'me', 'me', 'e66213ad0d47c6adeba98160a574b074', '1', '0', '1', '0', '0', NULL, '0', '', '1', 0, 0, 0, 0, 7, 0, '0', NULL, '0', NULL, '0', NULL, '0', NULL, '0', NULL, NULL, '0', NULL, NULL, 0, 0, '0', NULL, NULL, NULL, NULL, NULL, NULL, NULL, NULL, NULL, NULL, NULL, NULL, 'me', 'me', 'me', 'me', '1', '1', '1', '1', '1', '1', '1', '0', NULL, NULL, '0', '0', '1', 28076);

-- --------------------------------------------------------

--
-- Cấu trúc bảng cho bảng `users_blocks`
--

CREATE TABLE `users_blocks` (
  `user_id` int(10) UNSIGNED NOT NULL,
  `blocked_id` int(10) UNSIGNED NOT NULL,
  `id` int(10) UNSIGNED NOT NULL
) ENGINE=MyISAM DEFAULT CHARSET=utf8 ROW_FORMAT=FIXED;

-- --------------------------------------------------------

--
-- Cấu trúc bảng cho bảng `users_online`
--

CREATE TABLE `users_online` (
  `user_id` int(10) UNSIGNED NOT NULL,
  `last_seen` timestamp NOT NULL DEFAULT current_timestamp() ON UPDATE current_timestamp(),
  `id` int(10) UNSIGNED NOT NULL
) ENGINE=MyISAM DEFAULT CHARSET=utf8 ROW_FORMAT=DYNAMIC;

-- --------------------------------------------------------

--
-- Cấu trúc bảng cho bảng `users_searches`
--

CREATE TABLE `users_searches` (
  `log_id` int(10) UNSIGNED NOT NULL,
  `user_id` int(10) UNSIGNED NOT NULL,
  `node_id` int(10) UNSIGNED NOT NULL,
  `node_type` varchar(32) NOT NULL,
  `time` datetime DEFAULT NULL
) ENGINE=MyISAM DEFAULT CHARSET=utf8 ROW_FORMAT=DYNAMIC;

-- --------------------------------------------------------

--
-- Cấu trúc bảng cho bảng `users_sessions`
--

CREATE TABLE `users_sessions` (
  `session_id` int(10) UNSIGNED NOT NULL,
  `session_token` varchar(64) NOT NULL,
  `device_token` varchar(255) DEFAULT NULL,
  `session_date` datetime NOT NULL,
  `user_id` int(10) UNSIGNED NOT NULL,
  `user_browser` varchar(64) NOT NULL,
  `user_os` varchar(64) NOT NULL,
  `device_version` varchar(255) DEFAULT NULL,
  `user_ip` varchar(64) NOT NULL
) ENGINE=MyISAM DEFAULT CHARSET=utf8 ROW_FORMAT=DYNAMIC;

--
-- Đang đổ dữ liệu cho bảng `users_sessions`
--

INSERT INTO `users_sessions` (`session_id`, `session_token`, `device_token`, `session_date`, `user_id`, `user_browser`, `user_os`, `device_version`, `user_ip`) VALUES
(70288, '08e74ad15d733518c28fe167fd131948', NULL, '2021-03-31 15:47:36', 1, 'Chrome', 'Windows 10', '', '::1'),
(70279, '70cd0b80f12b02d25ddfeb70c0cbc3c8', NULL, '2021-03-30 16:10:04', 28075, 'Chrome', 'Windows 10', '', '::1'),
(70284, '44e482c1b40509d5509ebec21dc0c024', NULL, '2021-03-31 09:17:00', 28075, 'Chrome', 'Windows 10', '', '::1'),
(70305, '64c746dada0722782811eef3e8ca3112', NULL, '2021-04-01 15:27:32', 1, 'Chrome', 'Windows 10', '', '::1'),
(70312, '134a5528228b0537f9a259e879349f97', NULL, '2021-04-07 09:53:16', 1, 'Chrome', 'Windows 10', '', '::1'),
(70519, 'cdad7bb82232373dc5442a45f2804b64', 'fMyQ04AD-h8:APA91bEUGmkfL5R0a9HfjJip3NS8hQdBP23et7ft8dM9g5PHPG6wEWRNUIEE2P8jo6cJLvKdCu526miQ_Xyjv0fN97qzgDuIGjs_2QMGv34niBet8jFGOtGh-yg7Nhr794mheoSRmStp', '2021-04-28 10:05:43', 28077, 'Unknown Browser', 'iPhone', '', '192.168.10.56'),
(70360, '493d90e0654faa09d7f0b4bb61c7442c', NULL, '2021-04-20 09:29:20', 28101, 'Chrome', 'Windows 10', '', '::1'),
(70525, 'd29cccfa2f1e1a1fe84d037da5cae7de', NULL, '2021-04-28 11:54:05', 28076, 'Chrome', 'Windows 101', '', '::1'),
(70322, '8811c1335dd26001504b99756de3c6de', NULL, '2021-04-13 17:19:13', 28099, 'Chrome', 'Windows 10', '', '::1'),
(70324, '046378fa0dfca9b2b3b53fd4fc91537f', NULL, '2021-04-14 18:12:12', 28082, 'Chrome', 'Windows 10', '', '::1'),
(70505, 'a7371dab36651d6687d176d141bbf644', '', '2021-04-27 15:43:53', 28102, 'Unknown Browser', 'Unknown OS Platform', '', '::1'),
(70509, '4f5c413b53c56dc72be5f00378d7ab71', '', '2021-04-27 15:57:31', 28102, 'Unknown Browser', 'Unknown OS Platform', '', '::1'),
(70510, 'd04000066e8fce6c02a7ccaed040220e', '', '2021-04-27 16:02:43', 28077, 'Unknown Browser', 'Unknown OS Platform', '', '::1'),
(70524, '6387872bc6d59f182ed0132f3bc3ae54', 'cSawb6CKyLY:APA91bFjDXzqyUZXtYMGJZazD5A3FgTNUGMnNooRikkA-ec0UAMEyrtaZEr8h9Dm7H0zDxOpyc0SERJrpqjwr87VzsXyJm30BHQQ5mdXgHfr3etcvXn3lj_W1fQlzLImExknBYzW299y', '2021-04-28 13:18:23', 28076, 'Unknown Browser', 'Unknown OS Platform', '', '192.168.10.11'),
(70520, '24bdf0cd0e20376ff86fd19c68d27d1d', 'fvJf1zfZFLE:APA91bGPY7MH59dZD_f1D2IMd4bCk-7VcJKrknY7OjlglVZbKUOXr9NtcCjZkttlgv_uHCdFlDe026ywbpdhayMgVk9Mwa-rrF7cG_wuKXk5ield_KfHsgur-w5XDtpuBxBSj7537BAf', '2021-04-28 10:10:30', 28077, 'Unknown Browser', 'iPhone', '', '192.168.10.56'),
(70503, 'a52d67b59744ccd1bf7f48fef52f4a70', '', '2021-04-27 15:36:36', 28076, 'Unknown Browser', 'Unknown OS Platform', '', '::1'),
(70508, 'c95a9ff5314286feaa234fa6cce9062c', '', '2021-04-27 15:56:13', 28076, 'Unknown Browser', 'Unknown OS Platform', '', '::1'),
(70504, '3cd4991d7c9b17d4293cc2d55c65cc83', '', '2021-04-27 15:40:08', 28076, 'Unknown Browser', 'Unknown OS Platform', '', '::1'),
(70515, 'bede770cbe0d00ae1fb95e4053bdba66', 'enB4UqDsevw:APA91bE0FD-2prt3eF7dRXWZAkq4ktLm24y01Ph2V1StA7VrY5D3ywqnNVcGh9znW3uVA4QXrSl2PC1RaxzKfxKsJVQA6zguJMa4zZOxGi-q-haM9qv14PG0KYzCFJOF5bhsxYcY5nKF', '2021-04-26 23:45:24', 28102, 'Unknown Browser', 'iPhone', '', '192.168.10.56'),
(70363, 'f6128cf489c76977cd78343c1b45c0b7', NULL, '2021-04-20 10:05:36', 28101, 'Chrome', 'Windows 10', '', '::1'),
(70523, 'e189de837019019d3573796c44b52ac4', 'c_Ty5nJF2Cs:APA91bHDk4psDW52y7S1zBkKvNUYYM5NyOcDguufcYSDaYTCEZjJUrrOd8E4_6AW_DqUiUO07ENx10n1yIG_mOq8SK98je-Q0M0xGGuoBnLzyDNgdPMfYGRKdqAFiioA7bIHsy6H3g3V', '2021-04-28 11:29:40', 28077, 'Unknown Browser', 'iPhone', '', '192.168.10.56'),
(70511, '2d91b45a00186974d7372db75027067f', 'exG50LNXAg4:APA91bH22tC5Xzdckn0DbLNp99soagWi1JgVlrFE-LD7rGN-f3peAn7fkk9IaG0yqg-scxqGfIhyJPFiYjcv1kZiF9Jn1lR3155sxvaBElUhjryOXUY7E6JwMeIlUkhAdHMP06mPpZL1', '2021-04-27 16:43:01', 28076, 'Unknown Browser', 'iPhone', '', '192.168.10.56');

-- --------------------------------------------------------

--
-- Cấu trúc bảng cho bảng `verification_requests`
--

CREATE TABLE `verification_requests` (
  `request_id` int(10) UNSIGNED NOT NULL,
  `node_id` int(10) UNSIGNED NOT NULL,
  `node_type` varchar(32) NOT NULL,
  `time` datetime NOT NULL,
  `status` tinyint(1) NOT NULL
) ENGINE=MyISAM DEFAULT CHARSET=utf8 ROW_FORMAT=DYNAMIC;

-- --------------------------------------------------------

--
-- Cấu trúc bảng cho bảng `widgets`
--

CREATE TABLE `widgets` (
  `widget_id` int(10) UNSIGNED NOT NULL,
  `title` varchar(255) NOT NULL,
  `place` varchar(32) NOT NULL,
  `code` text NOT NULL
) ENGINE=MyISAM DEFAULT CHARSET=utf8 ROW_FORMAT=DYNAMIC;

--
-- Chỉ mục cho các bảng đã đổ
--

--
-- Chỉ mục cho bảng `ads_campaigns`
--
ALTER TABLE `ads_campaigns`
  ADD PRIMARY KEY (`campaign_id`);

--
-- Chỉ mục cho bảng `ads_system`
--
ALTER TABLE `ads_system`
  ADD PRIMARY KEY (`ads_id`);

--
-- Chỉ mục cho bảng `ads_users_wallet_transactions`
--
ALTER TABLE `ads_users_wallet_transactions`
  ADD PRIMARY KEY (`transaction_id`);

--
-- Chỉ mục cho bảng `affiliates_payments`
--
ALTER TABLE `affiliates_payments`
  ADD PRIMARY KEY (`payment_id`);

--
-- Chỉ mục cho bảng `announcements`
--
ALTER TABLE `announcements`
  ADD PRIMARY KEY (`announcement_id`);

--
-- Chỉ mục cho bảng `announcements_users`
--
ALTER TABLE `announcements_users`
  ADD PRIMARY KEY (`id`),
  ADD UNIQUE KEY `announcement_id_user_id` (`announcement_id`,`user_id`);

--
-- Chỉ mục cho bảng `banned_ips`
--
ALTER TABLE `banned_ips`
  ADD PRIMARY KEY (`ip_id`);

--
-- Chỉ mục cho bảng `ci_attendance`
--
ALTER TABLE `ci_attendance`
  ADD PRIMARY KEY (`attendance_id`),
  ADD UNIQUE KEY `class_id` (`class_id`,`attendance_date`);

--
-- Chỉ mục cho bảng `ci_attendance_back`
--
ALTER TABLE `ci_attendance_back`
  ADD PRIMARY KEY (`attendance_back_id`);

--
-- Chỉ mục cho bảng `ci_attendance_back_detail`
--
ALTER TABLE `ci_attendance_back_detail`
  ADD PRIMARY KEY (`attendance_back_detail_id`);

--
-- Chỉ mục cho bảng `ci_attendance_detail`
--
ALTER TABLE `ci_attendance_detail`
  ADD PRIMARY KEY (`attendance_detail_id`),
  ADD KEY `att_id_child_id` (`attendance_id`,`child_id`) USING BTREE;

--
-- Chỉ mục cho bảng `ci_background_email`
--
ALTER TABLE `ci_background_email`
  ADD PRIMARY KEY (`email_id`);

--
-- Chỉ mục cho bảng `ci_background_firebase`
--
ALTER TABLE `ci_background_firebase`
  ADD PRIMARY KEY (`firebase_id`);

--
-- Chỉ mục cho bảng `ci_background_notifications`
--
ALTER TABLE `ci_background_notifications`
  ADD PRIMARY KEY (`send_notification_id`);

--
-- Chỉ mục cho bảng `ci_child`
--
ALTER TABLE `ci_child`
  ADD PRIMARY KEY (`child_id`);

--
-- Chỉ mục cho bảng `ci_child_based_on_month`
--
ALTER TABLE `ci_child_based_on_month`
  ADD PRIMARY KEY (`child_based_on_month_id`);

--
-- Chỉ mục cho bảng `ci_child_development`
--
ALTER TABLE `ci_child_development`
  ADD PRIMARY KEY (`child_development_id`);

--
-- Chỉ mục cho bảng `ci_child_development_child`
--
ALTER TABLE `ci_child_development_child`
  ADD PRIMARY KEY (`child_development_child_id`);

--
-- Chỉ mục cho bảng `ci_child_edit_history`
--
ALTER TABLE `ci_child_edit_history`
  ADD PRIMARY KEY (`ci_child_edit_history_id`);

--
-- Chỉ mục cho bảng `ci_child_foetus_growth`
--
ALTER TABLE `ci_child_foetus_growth`
  ADD PRIMARY KEY (`child_foetus_growth_id`);

--
-- Chỉ mục cho bảng `ci_child_growth`
--
ALTER TABLE `ci_child_growth`
  ADD PRIMARY KEY (`child_growth_id`);

--
-- Chỉ mục cho bảng `ci_child_info`
--
ALTER TABLE `ci_child_info`
  ADD PRIMARY KEY (`child_info_id`);

--
-- Chỉ mục cho bảng `ci_child_journal`
--
ALTER TABLE `ci_child_journal`
  ADD PRIMARY KEY (`child_journal_id`);

--
-- Chỉ mục cho bảng `ci_child_journal_album`
--
ALTER TABLE `ci_child_journal_album`
  ADD PRIMARY KEY (`child_journal_album_id`);

--
-- Chỉ mục cho bảng `ci_child_medical`
--
ALTER TABLE `ci_child_medical`
  ADD PRIMARY KEY (`child_medical_id`);

--
-- Chỉ mục cho bảng `ci_child_parent`
--
ALTER TABLE `ci_child_parent`
  ADD PRIMARY KEY (`child_parent_id`);

--
-- Chỉ mục cho bảng `ci_class_child`
--
ALTER TABLE `ci_class_child`
  ADD PRIMARY KEY (`class_id`,`child_id`);

--
-- Chỉ mục cho bảng `ci_class_level`
--
ALTER TABLE `ci_class_level`
  ADD PRIMARY KEY (`class_level_id`);

--
-- Chỉ mục cho bảng `ci_class_level_subject`
--
ALTER TABLE `ci_class_level_subject`
  ADD PRIMARY KEY (`class_level_subject_id`);

--
-- Chỉ mục cho bảng `ci_class_school_year`
--
ALTER TABLE `ci_class_school_year`
  ADD PRIMARY KEY (`class_school_year_id`);

--
-- Chỉ mục cho bảng `ci_class_subject_teacher`
--
ALTER TABLE `ci_class_subject_teacher`
  ADD PRIMARY KEY (`class_subject_teacher_id`);

--
-- Chỉ mục cho bảng `ci_comment_c1`
--
ALTER TABLE `ci_comment_c1`
  ADD PRIMARY KEY (`comment_id`);

--
-- Chỉ mục cho bảng `ci_comment_c2`
--
ALTER TABLE `ci_comment_c2`
  ADD PRIMARY KEY (`comment_id`);

--
-- Chỉ mục cho bảng `ci_diary`
--
ALTER TABLE `ci_diary`
  ADD PRIMARY KEY (`diary_id`);

--
-- Chỉ mục cho bảng `ci_diary_item`
--
ALTER TABLE `ci_diary_item`
  ADD PRIMARY KEY (`diary_id`);

--
-- Chỉ mục cho bảng `ci_diary_template`
--
ALTER TABLE `ci_diary_template`
  ADD PRIMARY KEY (`diary_template_id`);

--
-- Chỉ mục cho bảng `ci_diary_template_item`
--
ALTER TABLE `ci_diary_template_item`
  ADD PRIMARY KEY (`diary_template_id`,`time_of_day`);

--
-- Chỉ mục cho bảng `ci_event`
--
ALTER TABLE `ci_event`
  ADD PRIMARY KEY (`event_id`);

--
-- Chỉ mục cho bảng `ci_event_participate`
--
ALTER TABLE `ci_event_participate`
  ADD PRIMARY KEY (`event_id`,`pp_type`,`pp_id`);

--
-- Chỉ mục cho bảng `ci_fee`
--
ALTER TABLE `ci_fee`
  ADD PRIMARY KEY (`fee_id`);

--
-- Chỉ mục cho bảng `ci_feedback`
--
ALTER TABLE `ci_feedback`
  ADD PRIMARY KEY (`feedback_id`);

--
-- Chỉ mục cho bảng `ci_fee_child`
--
ALTER TABLE `ci_fee_child`
  ADD PRIMARY KEY (`fee_id`,`child_id`);

--
-- Chỉ mục cho bảng `ci_foetus_based_on_week`
--
ALTER TABLE `ci_foetus_based_on_week`
  ADD PRIMARY KEY (`foetus_based_on_week_id`);

--
-- Chỉ mục cho bảng `ci_foetus_info`
--
ALTER TABLE `ci_foetus_info`
  ADD PRIMARY KEY (`foetus_info_id`);

--
-- Chỉ mục cho bảng `ci_foetus_knowledge`
--
ALTER TABLE `ci_foetus_knowledge`
  ADD PRIMARY KEY (`foetus_knowledge_id`);

--
-- Chỉ mục cho bảng `ci_interactive`
--
ALTER TABLE `ci_interactive`
  ADD PRIMARY KEY (`interactivel_id`);

--
-- Chỉ mục cho bảng `ci_interactive_school`
--
ALTER TABLE `ci_interactive_school`
  ADD PRIMARY KEY (`view_type`,`date`,`school_id`);

--
-- Chỉ mục cho bảng `ci_interactive_topic`
--
ALTER TABLE `ci_interactive_topic`
  ADD PRIMARY KEY (`group_id`,`date`);

--
-- Chỉ mục cho bảng `ci_medicine`
--
ALTER TABLE `ci_medicine`
  ADD PRIMARY KEY (`medicine_id`);

--
-- Chỉ mục cho bảng `ci_medicine_detail`
--
ALTER TABLE `ci_medicine_detail`
  ADD PRIMARY KEY (`medicine_id`,`usage_date`,`time_on_day`);

--
-- Chỉ mục cho bảng `ci_menu`
--
ALTER TABLE `ci_menu`
  ADD PRIMARY KEY (`menu_id`);

--
-- Chỉ mục cho bảng `ci_menu_detail`
--
ALTER TABLE `ci_menu_detail`
  ADD PRIMARY KEY (`menu_detail_id`);

--
-- Chỉ mục cho bảng `ci_noga_manage`
--
ALTER TABLE `ci_noga_manage`
  ADD PRIMARY KEY (`noga_manage_id`);

--
-- Chỉ mục cho bảng `ci_noga_notification`
--
ALTER TABLE `ci_noga_notification`
  ADD PRIMARY KEY (`noga_notification_id`);

--
-- Chỉ mục cho bảng `ci_notification`
--
ALTER TABLE `ci_notification`
  ADD PRIMARY KEY (`notification_id`);

--
-- Chỉ mục cho bảng `ci_notifications_setting`
--
ALTER TABLE `ci_notifications_setting`
  ADD PRIMARY KEY (`user_id`,`school_id`);

--
-- Chỉ mục cho bảng `ci_parent_manage`
--
ALTER TABLE `ci_parent_manage`
  ADD PRIMARY KEY (`user_id`,`child_parent_id`,`child_id`);

--
-- Chỉ mục cho bảng `ci_pickup`
--
ALTER TABLE `ci_pickup`
  ADD PRIMARY KEY (`pickup_id`),
  ADD UNIQUE KEY `school_id_pickup_class_id_pickup_time` (`school_id`,`pickup_class_id`,`pickup_time`);

--
-- Chỉ mục cho bảng `ci_pickup_assign`
--
ALTER TABLE `ci_pickup_assign`
  ADD PRIMARY KEY (`pickup_id`,`user_id`,`assign_time`);

--
-- Chỉ mục cho bảng `ci_pickup_child`
--
ALTER TABLE `ci_pickup_child`
  ADD PRIMARY KEY (`pickup_child_id`);

--
-- Chỉ mục cho bảng `ci_pickup_class`
--
ALTER TABLE `ci_pickup_class`
  ADD PRIMARY KEY (`pickup_class_id`);

--
-- Chỉ mục cho bảng `ci_pickup_price_list`
--
ALTER TABLE `ci_pickup_price_list`
  ADD PRIMARY KEY (`unit_price_id`);

--
-- Chỉ mục cho bảng `ci_pickup_register`
--
ALTER TABLE `ci_pickup_register`
  ADD PRIMARY KEY (`pickup_register_id`);

--
-- Chỉ mục cho bảng `ci_pickup_service`
--
ALTER TABLE `ci_pickup_service`
  ADD PRIMARY KEY (`service_id`);

--
-- Chỉ mục cho bảng `ci_pickup_service_register`
--
ALTER TABLE `ci_pickup_service_register`
  ADD PRIMARY KEY (`pickup_register_id`,`child_id`,`service_id`);

--
-- Chỉ mục cho bảng `ci_pickup_service_usage`
--
ALTER TABLE `ci_pickup_service_usage`
  ADD PRIMARY KEY (`service_usage_id`);

--
-- Chỉ mục cho bảng `ci_pickup_teacher`
--
ALTER TABLE `ci_pickup_teacher`
  ADD PRIMARY KEY (`school_id`,`user_id`);

--
-- Chỉ mục cho bảng `ci_pickup_template`
--
ALTER TABLE `ci_pickup_template`
  ADD PRIMARY KEY (`school_id`);

--
-- Chỉ mục cho bảng `ci_point_c1`
--
ALTER TABLE `ci_point_c1`
  ADD PRIMARY KEY (`point_id`);

--
-- Chỉ mục cho bảng `ci_point_c2`
--
ALTER TABLE `ci_point_c2`
  ADD PRIMARY KEY (`point_id`);

--
-- Chỉ mục cho bảng `ci_region_manage`
--
ALTER TABLE `ci_region_manage`
  ADD PRIMARY KEY (`region_manage_id`);

--
-- Chỉ mục cho bảng `ci_report`
--
ALTER TABLE `ci_report`
  ADD PRIMARY KEY (`report_id`);

--
-- Chỉ mục cho bảng `ci_report_category`
--
ALTER TABLE `ci_report_category`
  ADD PRIMARY KEY (`report_category_id`);

--
-- Chỉ mục cho bảng `ci_report_template`
--
ALTER TABLE `ci_report_template`
  ADD PRIMARY KEY (`report_template_id`);

--
-- Chỉ mục cho bảng `ci_report_template_category`
--
ALTER TABLE `ci_report_template_category`
  ADD PRIMARY KEY (`report_template_category_id`);

--
-- Chỉ mục cho bảng `ci_report_template_detail`
--
ALTER TABLE `ci_report_template_detail`
  ADD PRIMARY KEY (`report_template_category_id`,`report_template_id`);

--
-- Chỉ mục cho bảng `ci_review`
--
ALTER TABLE `ci_review`
  ADD PRIMARY KEY (`review_id`);

--
-- Chỉ mục cho bảng `ci_role`
--
ALTER TABLE `ci_role`
  ADD PRIMARY KEY (`role_id`);

--
-- Chỉ mục cho bảng `ci_role_permission`
--
ALTER TABLE `ci_role_permission`
  ADD PRIMARY KEY (`module`,`role_id`);

--
-- Chỉ mục cho bảng `ci_schedule`
--
ALTER TABLE `ci_schedule`
  ADD PRIMARY KEY (`schedule_id`);

--
-- Chỉ mục cho bảng `ci_schedule_detail`
--
ALTER TABLE `ci_schedule_detail`
  ADD PRIMARY KEY (`schedule_detail_id`);

--
-- Chỉ mục cho bảng `ci_school_child`
--
ALTER TABLE `ci_school_child`
  ADD PRIMARY KEY (`school_id`,`child_id`);

--
-- Chỉ mục cho bảng `ci_school_configuration`
--
ALTER TABLE `ci_school_configuration`
  ADD PRIMARY KEY (`school_id`);

--
-- Chỉ mục cho bảng `ci_school_group`
--
ALTER TABLE `ci_school_group`
  ADD PRIMARY KEY (`school_group_id`);

--
-- Chỉ mục cho bảng `ci_school_photos`
--
ALTER TABLE `ci_school_photos`
  ADD PRIMARY KEY (`photo_id`);

--
-- Chỉ mục cho bảng `ci_service`
--
ALTER TABLE `ci_service`
  ADD PRIMARY KEY (`service_id`);

--
-- Chỉ mục cho bảng `ci_service_child`
--
ALTER TABLE `ci_service_child`
  ADD PRIMARY KEY (`service_child_id`);

--
-- Chỉ mục cho bảng `ci_service_deduction`
--
ALTER TABLE `ci_service_deduction`
  ADD PRIMARY KEY (`service_id`,`child_id`,`deduction_date`);

--
-- Chỉ mục cho bảng `ci_service_usage`
--
ALTER TABLE `ci_service_usage`
  ADD PRIMARY KEY (`service_usage_id`);

--
-- Chỉ mục cho bảng `ci_subject`
--
ALTER TABLE `ci_subject`
  ADD PRIMARY KEY (`subject_id`);

--
-- Chỉ mục cho bảng `ci_teacher`
--
ALTER TABLE `ci_teacher`
  ADD PRIMARY KEY (`user_id`,`school_id`);

--
-- Chỉ mục cho bảng `ci_tuition`
--
ALTER TABLE `ci_tuition`
  ADD PRIMARY KEY (`tuition_id`);

--
-- Chỉ mục cho bảng `ci_tuition_4leave`
--
ALTER TABLE `ci_tuition_4leave`
  ADD PRIMARY KEY (`tuition_4leave_id`);

--
-- Chỉ mục cho bảng `ci_tuition_4leave_detail`
--
ALTER TABLE `ci_tuition_4leave_detail`
  ADD PRIMARY KEY (`tuition_4leave_id`,`fee_id`,`type`,`service_id`);

--
-- Chỉ mục cho bảng `ci_tuition_child`
--
ALTER TABLE `ci_tuition_child`
  ADD PRIMARY KEY (`tuition_child_id`);

--
-- Chỉ mục cho bảng `ci_tuition_detail`
--
ALTER TABLE `ci_tuition_detail`
  ADD PRIMARY KEY (`tuition_child_id`,`fee_id`,`type`,`service_id`);

--
-- Chỉ mục cho bảng `ci_users_online`
--
ALTER TABLE `ci_users_online`
  ADD PRIMARY KEY (`user_id`,`date`);

--
-- Chỉ mục cho bảng `ci_user_birthday`
--
ALTER TABLE `ci_user_birthday`
  ADD PRIMARY KEY (`user_birthday_id`);

--
-- Chỉ mục cho bảng `ci_user_manage`
--
ALTER TABLE `ci_user_manage`
  ADD PRIMARY KEY (`user_manage_id`);

--
-- Chỉ mục cho bảng `ci_user_review`
--
ALTER TABLE `ci_user_review`
  ADD PRIMARY KEY (`user_review_id`);

--
-- Chỉ mục cho bảng `ci_user_role`
--
ALTER TABLE `ci_user_role`
  ADD PRIMARY KEY (`user_id`,`role_id`);

--
-- Chỉ mục cho bảng `ci_views_count`
--
ALTER TABLE `ci_views_count`
  ADD PRIMARY KEY (`school_id`,`view_type`);

--
-- Chỉ mục cho bảng `ci_views_count_detail`
--
ALTER TABLE `ci_views_count_detail`
  ADD PRIMARY KEY (`view_type`,`date`,`object_id`);

--
-- Chỉ mục cho bảng `contacts`
--
ALTER TABLE `contacts`
  ADD PRIMARY KEY (`id_contact`);

--
-- Chỉ mục cho bảng `conversations`
--
ALTER TABLE `conversations`
  ADD PRIMARY KEY (`conversation_id`);

--
-- Chỉ mục cho bảng `conversations_messages`
--
ALTER TABLE `conversations_messages`
  ADD PRIMARY KEY (`message_id`);

--
-- Chỉ mục cho bảng `conversations_users`
--
ALTER TABLE `conversations_users`
  ADD UNIQUE KEY `conversation_id_user_id` (`conversation_id`,`user_id`);

--
-- Chỉ mục cho bảng `custom_fields`
--
ALTER TABLE `custom_fields`
  ADD PRIMARY KEY (`field_id`);

--
-- Chỉ mục cho bảng `custom_fields_values`
--
ALTER TABLE `custom_fields_values`
  ADD PRIMARY KEY (`value_id`),
  ADD UNIQUE KEY `field_id_node_id_node_type` (`field_id`,`node_id`,`node_type`);

--
-- Chỉ mục cho bảng `emojis`
--
ALTER TABLE `emojis`
  ADD PRIMARY KEY (`emoji_id`);

--
-- Chỉ mục cho bảng `events`
--
ALTER TABLE `events`
  ADD PRIMARY KEY (`event_id`);

--
-- Chỉ mục cho bảng `events_categories`
--
ALTER TABLE `events_categories`
  ADD PRIMARY KEY (`category_id`);

--
-- Chỉ mục cho bảng `events_members`
--
ALTER TABLE `events_members`
  ADD PRIMARY KEY (`id`),
  ADD UNIQUE KEY `group_id_user_id` (`event_id`,`user_id`);

--
-- Chỉ mục cho bảng `followings`
--
ALTER TABLE `followings`
  ADD PRIMARY KEY (`id`),
  ADD UNIQUE KEY `user_id_following_id` (`user_id`,`following_id`);

--
-- Chỉ mục cho bảng `forums`
--
ALTER TABLE `forums`
  ADD PRIMARY KEY (`forum_id`);

--
-- Chỉ mục cho bảng `forums_replies`
--
ALTER TABLE `forums_replies`
  ADD PRIMARY KEY (`reply_id`);

--
-- Chỉ mục cho bảng `forums_threads`
--
ALTER TABLE `forums_threads`
  ADD PRIMARY KEY (`thread_id`);

--
-- Chỉ mục cho bảng `friends`
--
ALTER TABLE `friends`
  ADD PRIMARY KEY (`id`),
  ADD UNIQUE KEY `user_one_id_user_two_id` (`user_one_id`,`user_two_id`);

--
-- Chỉ mục cho bảng `games`
--
ALTER TABLE `games`
  ADD PRIMARY KEY (`game_id`);

--
-- Chỉ mục cho bảng `game_players`
--
ALTER TABLE `game_players`
  ADD PRIMARY KEY (`id`),
  ADD UNIQUE KEY `game_id_user_id` (`game_id`,`user_id`);

--
-- Chỉ mục cho bảng `groups`
--
ALTER TABLE `groups`
  ADD PRIMARY KEY (`group_id`),
  ADD UNIQUE KEY `username` (`group_name`);

--
-- Chỉ mục cho bảng `groups_admins`
--
ALTER TABLE `groups_admins`
  ADD PRIMARY KEY (`id`),
  ADD UNIQUE KEY `group_id_user_id` (`group_id`,`user_id`);

--
-- Chỉ mục cho bảng `groups_categories`
--
ALTER TABLE `groups_categories`
  ADD PRIMARY KEY (`category_id`);

--
-- Chỉ mục cho bảng `groups_members`
--
ALTER TABLE `groups_members`
  ADD PRIMARY KEY (`id`),
  ADD UNIQUE KEY `group_id_user_id` (`group_id`,`user_id`);

--
-- Chỉ mục cho bảng `monitor`
--
ALTER TABLE `monitor`
  ADD PRIMARY KEY (`monitor_token`);

--
-- Chỉ mục cho bảng `notifications`
--
ALTER TABLE `notifications`
  ADD PRIMARY KEY (`to_user_id`,`notification_id`) USING BTREE;

--
-- Chỉ mục cho bảng `packages`
--
ALTER TABLE `packages`
  ADD PRIMARY KEY (`package_id`);

--
-- Chỉ mục cho bảng `packages_payments`
--
ALTER TABLE `packages_payments`
  ADD PRIMARY KEY (`payment_id`);

--
-- Chỉ mục cho bảng `pages`
--
ALTER TABLE `pages`
  ADD PRIMARY KEY (`page_id`),
  ADD UNIQUE KEY `username` (`page_name`);

--
-- Chỉ mục cho bảng `pages_admins`
--
ALTER TABLE `pages_admins`
  ADD PRIMARY KEY (`id`),
  ADD UNIQUE KEY `page_id_user_id` (`page_id`,`user_id`);

--
-- Chỉ mục cho bảng `pages_categories`
--
ALTER TABLE `pages_categories`
  ADD PRIMARY KEY (`category_id`);

--
-- Chỉ mục cho bảng `pages_invites`
--
ALTER TABLE `pages_invites`
  ADD PRIMARY KEY (`id`),
  ADD UNIQUE KEY `page_id_user_id_from_user_id` (`page_id`,`user_id`,`from_user_id`);

--
-- Chỉ mục cho bảng `pages_likes`
--
ALTER TABLE `pages_likes`
  ADD PRIMARY KEY (`id`),
  ADD UNIQUE KEY `page_id_user_id` (`page_id`,`user_id`);

--
-- Chỉ mục cho bảng `posts`
--
ALTER TABLE `posts`
  ADD PRIMARY KEY (`post_id`);

--
-- Chỉ mục cho bảng `posts_articles`
--
ALTER TABLE `posts_articles`
  ADD PRIMARY KEY (`article_id`);

--
-- Chỉ mục cho bảng `posts_audios`
--
ALTER TABLE `posts_audios`
  ADD PRIMARY KEY (`audio_id`);

--
-- Chỉ mục cho bảng `posts_comments`
--
ALTER TABLE `posts_comments`
  ADD PRIMARY KEY (`comment_id`);

--
-- Chỉ mục cho bảng `posts_comments_likes`
--
ALTER TABLE `posts_comments_likes`
  ADD PRIMARY KEY (`id`),
  ADD UNIQUE KEY `comment_id_user_id` (`comment_id`,`user_id`);

--
-- Chỉ mục cho bảng `posts_files`
--
ALTER TABLE `posts_files`
  ADD PRIMARY KEY (`file_id`);

--
-- Chỉ mục cho bảng `posts_hidden`
--
ALTER TABLE `posts_hidden`
  ADD PRIMARY KEY (`id`),
  ADD UNIQUE KEY `post_id_user_id` (`post_id`,`user_id`);

--
-- Chỉ mục cho bảng `posts_likes`
--
ALTER TABLE `posts_likes`
  ADD PRIMARY KEY (`id`),
  ADD UNIQUE KEY `post_id_user_id` (`post_id`,`user_id`);

--
-- Chỉ mục cho bảng `posts_links`
--
ALTER TABLE `posts_links`
  ADD PRIMARY KEY (`link_id`);

--
-- Chỉ mục cho bảng `posts_media`
--
ALTER TABLE `posts_media`
  ADD PRIMARY KEY (`media_id`);

--
-- Chỉ mục cho bảng `posts_photos`
--
ALTER TABLE `posts_photos`
  ADD PRIMARY KEY (`photo_id`);

--
-- Chỉ mục cho bảng `posts_photos_albums`
--
ALTER TABLE `posts_photos_albums`
  ADD PRIMARY KEY (`album_id`);

--
-- Chỉ mục cho bảng `posts_photos_likes`
--
ALTER TABLE `posts_photos_likes`
  ADD PRIMARY KEY (`id`),
  ADD UNIQUE KEY `user_id_photo_id` (`user_id`,`photo_id`);

--
-- Chỉ mục cho bảng `posts_polls`
--
ALTER TABLE `posts_polls`
  ADD PRIMARY KEY (`poll_id`);

--
-- Chỉ mục cho bảng `posts_polls_options`
--
ALTER TABLE `posts_polls_options`
  ADD PRIMARY KEY (`option_id`);

--
-- Chỉ mục cho bảng `posts_polls_options_users`
--
ALTER TABLE `posts_polls_options_users`
  ADD PRIMARY KEY (`id`),
  ADD UNIQUE KEY `user_id_poll_id` (`user_id`,`poll_id`);

--
-- Chỉ mục cho bảng `posts_products`
--
ALTER TABLE `posts_products`
  ADD PRIMARY KEY (`product_id`);

--
-- Chỉ mục cho bảng `posts_saved`
--
ALTER TABLE `posts_saved`
  ADD PRIMARY KEY (`id`),
  ADD UNIQUE KEY `post_id_user_id` (`post_id`,`user_id`);

--
-- Chỉ mục cho bảng `posts_videos`
--
ALTER TABLE `posts_videos`
  ADD PRIMARY KEY (`video_id`);

--
-- Chỉ mục cho bảng `reports`
--
ALTER TABLE `reports`
  ADD PRIMARY KEY (`report_id`);

--
-- Chỉ mục cho bảng `static_pages`
--
ALTER TABLE `static_pages`
  ADD PRIMARY KEY (`page_id`),
  ADD UNIQUE KEY `page_url` (`page_url`);

--
-- Chỉ mục cho bảng `stickers`
--
ALTER TABLE `stickers`
  ADD PRIMARY KEY (`sticker_id`);

--
-- Chỉ mục cho bảng `stories`
--
ALTER TABLE `stories`
  ADD PRIMARY KEY (`story_id`);

--
-- Chỉ mục cho bảng `stories_media`
--
ALTER TABLE `stories_media`
  ADD PRIMARY KEY (`media_id`);

--
-- Chỉ mục cho bảng `system_countries`
--
ALTER TABLE `system_countries`
  ADD PRIMARY KEY (`country_id`);

--
-- Chỉ mục cho bảng `system_languages`
--
ALTER TABLE `system_languages`
  ADD PRIMARY KEY (`language_id`),
  ADD UNIQUE KEY `code` (`code`);

--
-- Chỉ mục cho bảng `system_options`
--
ALTER TABLE `system_options`
  ADD PRIMARY KEY (`id`);

--
-- Chỉ mục cho bảng `system_themes`
--
ALTER TABLE `system_themes`
  ADD PRIMARY KEY (`theme_id`),
  ADD UNIQUE KEY `name` (`name`);

--
-- Chỉ mục cho bảng `users`
--
ALTER TABLE `users`
  ADD PRIMARY KEY (`user_id`),
  ADD UNIQUE KEY `username` (`user_name`),
  ADD UNIQUE KEY `facebook_id` (`facebook_id`),
  ADD UNIQUE KEY `twitter_id` (`twitter_id`),
  ADD UNIQUE KEY `google_id` (`google_id`),
  ADD UNIQUE KEY `linkedin_id` (`linkedin_id`),
  ADD UNIQUE KEY `vkontakte_id` (`vkontakte_id`),
  ADD UNIQUE KEY `user_email` (`user_email`),
  ADD UNIQUE KEY `user_phone_signin` (`user_phone_signin`);

--
-- Chỉ mục cho bảng `users_blocks`
--
ALTER TABLE `users_blocks`
  ADD PRIMARY KEY (`id`),
  ADD UNIQUE KEY `user_id_blocked_id` (`user_id`,`blocked_id`);

--
-- Chỉ mục cho bảng `users_online`
--
ALTER TABLE `users_online`
  ADD PRIMARY KEY (`id`),
  ADD UNIQUE KEY `UserID` (`user_id`);

--
-- Chỉ mục cho bảng `users_searches`
--
ALTER TABLE `users_searches`
  ADD PRIMARY KEY (`log_id`),
  ADD UNIQUE KEY `node_id_node_type` (`node_id`,`node_type`);

--
-- Chỉ mục cho bảng `users_sessions`
--
ALTER TABLE `users_sessions`
  ADD PRIMARY KEY (`session_id`),
  ADD UNIQUE KEY `session_token` (`session_token`),
  ADD KEY `user_ip` (`user_ip`);

--
-- Chỉ mục cho bảng `verification_requests`
--
ALTER TABLE `verification_requests`
  ADD PRIMARY KEY (`request_id`),
  ADD UNIQUE KEY `node_id_node_type` (`node_id`,`node_type`);

--
-- Chỉ mục cho bảng `widgets`
--
ALTER TABLE `widgets`
  ADD PRIMARY KEY (`widget_id`);

--
-- AUTO_INCREMENT cho các bảng đã đổ
--

--
-- AUTO_INCREMENT cho bảng `ads_campaigns`
--
ALTER TABLE `ads_campaigns`
  MODIFY `campaign_id` int(10) NOT NULL AUTO_INCREMENT;

--
-- AUTO_INCREMENT cho bảng `ads_system`
--
ALTER TABLE `ads_system`
  MODIFY `ads_id` int(10) NOT NULL AUTO_INCREMENT;

--
-- AUTO_INCREMENT cho bảng `ads_users_wallet_transactions`
--
ALTER TABLE `ads_users_wallet_transactions`
  MODIFY `transaction_id` int(10) NOT NULL AUTO_INCREMENT;

--
-- AUTO_INCREMENT cho bảng `affiliates_payments`
--
ALTER TABLE `affiliates_payments`
  MODIFY `payment_id` int(10) NOT NULL AUTO_INCREMENT;

--
-- AUTO_INCREMENT cho bảng `announcements`
--
ALTER TABLE `announcements`
  MODIFY `announcement_id` int(10) NOT NULL AUTO_INCREMENT, AUTO_INCREMENT=5;

--
-- AUTO_INCREMENT cho bảng `announcements_users`
--
ALTER TABLE `announcements_users`
  MODIFY `id` int(10) UNSIGNED NOT NULL AUTO_INCREMENT, AUTO_INCREMENT=24;

--
-- AUTO_INCREMENT cho bảng `banned_ips`
--
ALTER TABLE `banned_ips`
  MODIFY `ip_id` int(10) UNSIGNED NOT NULL AUTO_INCREMENT;

--
-- AUTO_INCREMENT cho bảng `ci_attendance`
--
ALTER TABLE `ci_attendance`
  MODIFY `attendance_id` int(10) NOT NULL AUTO_INCREMENT, AUTO_INCREMENT=158262;

--
-- AUTO_INCREMENT cho bảng `ci_attendance_back`
--
ALTER TABLE `ci_attendance_back`
  MODIFY `attendance_back_id` int(10) UNSIGNED NOT NULL AUTO_INCREMENT, AUTO_INCREMENT=810;

--
-- AUTO_INCREMENT cho bảng `ci_attendance_back_detail`
--
ALTER TABLE `ci_attendance_back_detail`
  MODIFY `attendance_back_detail_id` int(11) UNSIGNED NOT NULL AUTO_INCREMENT, AUTO_INCREMENT=10588;

--
-- AUTO_INCREMENT cho bảng `ci_attendance_detail`
--
ALTER TABLE `ci_attendance_detail`
  MODIFY `attendance_detail_id` int(10) UNSIGNED NOT NULL AUTO_INCREMENT, AUTO_INCREMENT=2845656;

--
-- AUTO_INCREMENT cho bảng `ci_background_email`
--
ALTER TABLE `ci_background_email`
  MODIFY `email_id` int(10) UNSIGNED NOT NULL AUTO_INCREMENT, AUTO_INCREMENT=10160;

--
-- AUTO_INCREMENT cho bảng `ci_background_firebase`
--
ALTER TABLE `ci_background_firebase`
  MODIFY `firebase_id` int(10) UNSIGNED NOT NULL AUTO_INCREMENT COMMENT 'Id auto increment ', AUTO_INCREMENT=6393;

--
-- AUTO_INCREMENT cho bảng `ci_background_notifications`
--
ALTER TABLE `ci_background_notifications`
  MODIFY `send_notification_id` int(10) UNSIGNED NOT NULL AUTO_INCREMENT, AUTO_INCREMENT=6886656;

--
-- AUTO_INCREMENT cho bảng `ci_child`
--
ALTER TABLE `ci_child`
  MODIFY `child_id` int(10) UNSIGNED NOT NULL AUTO_INCREMENT, AUTO_INCREMENT=25947;

--
-- AUTO_INCREMENT cho bảng `ci_child_based_on_month`
--
ALTER TABLE `ci_child_based_on_month`
  MODIFY `child_based_on_month_id` int(10) UNSIGNED NOT NULL AUTO_INCREMENT, AUTO_INCREMENT=65;

--
-- AUTO_INCREMENT cho bảng `ci_child_development`
--
ALTER TABLE `ci_child_development`
  MODIFY `child_development_id` int(11) NOT NULL AUTO_INCREMENT, AUTO_INCREMENT=285;

--
-- AUTO_INCREMENT cho bảng `ci_child_development_child`
--
ALTER TABLE `ci_child_development_child`
  MODIFY `child_development_child_id` int(10) NOT NULL AUTO_INCREMENT, AUTO_INCREMENT=4226;

--
-- AUTO_INCREMENT cho bảng `ci_child_edit_history`
--
ALTER TABLE `ci_child_edit_history`
  MODIFY `ci_child_edit_history_id` int(10) NOT NULL AUTO_INCREMENT, AUTO_INCREMENT=1716;

--
-- AUTO_INCREMENT cho bảng `ci_child_foetus_growth`
--
ALTER TABLE `ci_child_foetus_growth`
  MODIFY `child_foetus_growth_id` int(10) UNSIGNED NOT NULL AUTO_INCREMENT, AUTO_INCREMENT=24;

--
-- AUTO_INCREMENT cho bảng `ci_child_growth`
--
ALTER TABLE `ci_child_growth`
  MODIFY `child_growth_id` int(10) UNSIGNED NOT NULL AUTO_INCREMENT, AUTO_INCREMENT=10394;

--
-- AUTO_INCREMENT cho bảng `ci_child_info`
--
ALTER TABLE `ci_child_info`
  MODIFY `child_info_id` int(10) NOT NULL AUTO_INCREMENT, AUTO_INCREMENT=801;

--
-- AUTO_INCREMENT cho bảng `ci_child_journal`
--
ALTER TABLE `ci_child_journal`
  MODIFY `child_journal_id` int(10) UNSIGNED NOT NULL AUTO_INCREMENT, AUTO_INCREMENT=114692;

--
-- AUTO_INCREMENT cho bảng `ci_child_journal_album`
--
ALTER TABLE `ci_child_journal_album`
  MODIFY `child_journal_album_id` int(10) UNSIGNED NOT NULL AUTO_INCREMENT, AUTO_INCREMENT=21770;

--
-- AUTO_INCREMENT cho bảng `ci_child_medical`
--
ALTER TABLE `ci_child_medical`
  MODIFY `child_medical_id` int(10) UNSIGNED NOT NULL AUTO_INCREMENT, AUTO_INCREMENT=40;

--
-- AUTO_INCREMENT cho bảng `ci_child_parent`
--
ALTER TABLE `ci_child_parent`
  MODIFY `child_parent_id` int(10) UNSIGNED NOT NULL AUTO_INCREMENT, AUTO_INCREMENT=24081;

--
-- AUTO_INCREMENT cho bảng `ci_class_level`
--
ALTER TABLE `ci_class_level`
  MODIFY `class_level_id` int(10) UNSIGNED NOT NULL AUTO_INCREMENT, AUTO_INCREMENT=2716;

--
-- AUTO_INCREMENT cho bảng `ci_class_level_subject`
--
ALTER TABLE `ci_class_level_subject`
  MODIFY `class_level_subject_id` int(11) NOT NULL AUTO_INCREMENT, AUTO_INCREMENT=2257;

--
-- AUTO_INCREMENT cho bảng `ci_class_school_year`
--
ALTER TABLE `ci_class_school_year`
  MODIFY `class_school_year_id` int(11) NOT NULL AUTO_INCREMENT, AUTO_INCREMENT=634;

--
-- AUTO_INCREMENT cho bảng `ci_class_subject_teacher`
--
ALTER TABLE `ci_class_subject_teacher`
  MODIFY `class_subject_teacher_id` int(11) NOT NULL AUTO_INCREMENT, AUTO_INCREMENT=176;

--
-- AUTO_INCREMENT cho bảng `ci_comment_c1`
--
ALTER TABLE `ci_comment_c1`
  MODIFY `comment_id` int(10) NOT NULL AUTO_INCREMENT, AUTO_INCREMENT=5;

--
-- AUTO_INCREMENT cho bảng `ci_comment_c2`
--
ALTER TABLE `ci_comment_c2`
  MODIFY `comment_id` int(10) NOT NULL AUTO_INCREMENT, AUTO_INCREMENT=5;

--
-- AUTO_INCREMENT cho bảng `ci_event`
--
ALTER TABLE `ci_event`
  MODIFY `event_id` int(10) UNSIGNED NOT NULL AUTO_INCREMENT, AUTO_INCREMENT=1409;

--
-- AUTO_INCREMENT cho bảng `ci_fee`
--
ALTER TABLE `ci_fee`
  MODIFY `fee_id` int(10) UNSIGNED NOT NULL AUTO_INCREMENT, AUTO_INCREMENT=1916;

--
-- AUTO_INCREMENT cho bảng `ci_feedback`
--
ALTER TABLE `ci_feedback`
  MODIFY `feedback_id` int(10) NOT NULL AUTO_INCREMENT, AUTO_INCREMENT=634;

--
-- AUTO_INCREMENT cho bảng `ci_foetus_based_on_week`
--
ALTER TABLE `ci_foetus_based_on_week`
  MODIFY `foetus_based_on_week_id` int(10) UNSIGNED NOT NULL AUTO_INCREMENT, AUTO_INCREMENT=82;

--
-- AUTO_INCREMENT cho bảng `ci_foetus_info`
--
ALTER TABLE `ci_foetus_info`
  MODIFY `foetus_info_id` int(10) UNSIGNED NOT NULL AUTO_INCREMENT, AUTO_INCREMENT=126;

--
-- AUTO_INCREMENT cho bảng `ci_foetus_knowledge`
--
ALTER TABLE `ci_foetus_knowledge`
  MODIFY `foetus_knowledge_id` int(10) NOT NULL AUTO_INCREMENT;

--
-- AUTO_INCREMENT cho bảng `ci_interactive`
--
ALTER TABLE `ci_interactive`
  MODIFY `interactivel_id` int(10) UNSIGNED NOT NULL AUTO_INCREMENT, AUTO_INCREMENT=257902;

--
-- AUTO_INCREMENT cho bảng `ci_medicine`
--
ALTER TABLE `ci_medicine`
  MODIFY `medicine_id` int(10) UNSIGNED NOT NULL AUTO_INCREMENT, AUTO_INCREMENT=10244;

--
-- AUTO_INCREMENT cho bảng `ci_menu`
--
ALTER TABLE `ci_menu`
  MODIFY `menu_id` int(10) NOT NULL AUTO_INCREMENT, AUTO_INCREMENT=3853;

--
-- AUTO_INCREMENT cho bảng `ci_menu_detail`
--
ALTER TABLE `ci_menu_detail`
  MODIFY `menu_detail_id` int(10) NOT NULL AUTO_INCREMENT, AUTO_INCREMENT=32100;

--
-- AUTO_INCREMENT cho bảng `ci_noga_manage`
--
ALTER TABLE `ci_noga_manage`
  MODIFY `noga_manage_id` int(10) UNSIGNED NOT NULL AUTO_INCREMENT;

--
-- AUTO_INCREMENT cho bảng `ci_noga_notification`
--
ALTER TABLE `ci_noga_notification`
  MODIFY `noga_notification_id` int(10) UNSIGNED NOT NULL AUTO_INCREMENT;

--
-- AUTO_INCREMENT cho bảng `ci_notification`
--
ALTER TABLE `ci_notification`
  MODIFY `notification_id` int(10) UNSIGNED NOT NULL AUTO_INCREMENT, AUTO_INCREMENT=68;

--
-- AUTO_INCREMENT cho bảng `ci_pickup`
--
ALTER TABLE `ci_pickup`
  MODIFY `pickup_id` int(10) NOT NULL AUTO_INCREMENT COMMENT 'ID của lần trông muộn', AUTO_INCREMENT=20154;

--
-- AUTO_INCREMENT cho bảng `ci_pickup_child`
--
ALTER TABLE `ci_pickup_child`
  MODIFY `pickup_child_id` int(10) UNSIGNED NOT NULL AUTO_INCREMENT, AUTO_INCREMENT=23476;

--
-- AUTO_INCREMENT cho bảng `ci_pickup_class`
--
ALTER TABLE `ci_pickup_class`
  MODIFY `pickup_class_id` int(10) UNSIGNED NOT NULL AUTO_INCREMENT, AUTO_INCREMENT=128;

--
-- AUTO_INCREMENT cho bảng `ci_pickup_price_list`
--
ALTER TABLE `ci_pickup_price_list`
  MODIFY `unit_price_id` int(10) NOT NULL AUTO_INCREMENT, AUTO_INCREMENT=762;

--
-- AUTO_INCREMENT cho bảng `ci_pickup_register`
--
ALTER TABLE `ci_pickup_register`
  MODIFY `pickup_register_id` int(10) UNSIGNED NOT NULL AUTO_INCREMENT COMMENT 'ID', AUTO_INCREMENT=38;

--
-- AUTO_INCREMENT cho bảng `ci_pickup_service`
--
ALTER TABLE `ci_pickup_service`
  MODIFY `service_id` int(10) NOT NULL AUTO_INCREMENT COMMENT 'ID dịch vụ', AUTO_INCREMENT=65;

--
-- AUTO_INCREMENT cho bảng `ci_pickup_service_usage`
--
ALTER TABLE `ci_pickup_service_usage`
  MODIFY `service_usage_id` int(10) UNSIGNED NOT NULL AUTO_INCREMENT COMMENT 'ID', AUTO_INCREMENT=922;

--
-- AUTO_INCREMENT cho bảng `ci_point_c1`
--
ALTER TABLE `ci_point_c1`
  MODIFY `point_id` int(11) NOT NULL AUTO_INCREMENT, AUTO_INCREMENT=392;

--
-- AUTO_INCREMENT cho bảng `ci_point_c2`
--
ALTER TABLE `ci_point_c2`
  MODIFY `point_id` int(11) NOT NULL AUTO_INCREMENT, AUTO_INCREMENT=371;

--
-- AUTO_INCREMENT cho bảng `ci_region_manage`
--
ALTER TABLE `ci_region_manage`
  MODIFY `region_manage_id` int(11) NOT NULL AUTO_INCREMENT, AUTO_INCREMENT=5;

--
-- AUTO_INCREMENT cho bảng `ci_report`
--
ALTER TABLE `ci_report`
  MODIFY `report_id` int(10) NOT NULL AUTO_INCREMENT, AUTO_INCREMENT=156307;

--
-- AUTO_INCREMENT cho bảng `ci_report_category`
--
ALTER TABLE `ci_report_category`
  MODIFY `report_category_id` int(10) UNSIGNED NOT NULL AUTO_INCREMENT, AUTO_INCREMENT=1037576;

--
-- AUTO_INCREMENT cho bảng `ci_report_template`
--
ALTER TABLE `ci_report_template`
  MODIFY `report_template_id` int(10) NOT NULL AUTO_INCREMENT, AUTO_INCREMENT=285;

--
-- AUTO_INCREMENT cho bảng `ci_report_template_category`
--
ALTER TABLE `ci_report_template_category`
  MODIFY `report_template_category_id` int(10) UNSIGNED NOT NULL AUTO_INCREMENT, AUTO_INCREMENT=615;

--
-- AUTO_INCREMENT cho bảng `ci_review`
--
ALTER TABLE `ci_review`
  MODIFY `review_id` int(10) UNSIGNED NOT NULL AUTO_INCREMENT, AUTO_INCREMENT=1096;

--
-- AUTO_INCREMENT cho bảng `ci_role`
--
ALTER TABLE `ci_role`
  MODIFY `role_id` int(10) NOT NULL AUTO_INCREMENT, AUTO_INCREMENT=633;

--
-- AUTO_INCREMENT cho bảng `ci_schedule`
--
ALTER TABLE `ci_schedule`
  MODIFY `schedule_id` int(10) NOT NULL AUTO_INCREMENT, AUTO_INCREMENT=11730;

--
-- AUTO_INCREMENT cho bảng `ci_schedule_detail`
--
ALTER TABLE `ci_schedule_detail`
  MODIFY `schedule_detail_id` int(10) NOT NULL AUTO_INCREMENT, AUTO_INCREMENT=169617;

--
-- AUTO_INCREMENT cho bảng `ci_school_group`
--
ALTER TABLE `ci_school_group`
  MODIFY `school_group_id` int(10) NOT NULL AUTO_INCREMENT, AUTO_INCREMENT=288;

--
-- AUTO_INCREMENT cho bảng `ci_school_photos`
--
ALTER TABLE `ci_school_photos`
  MODIFY `photo_id` int(10) UNSIGNED NOT NULL AUTO_INCREMENT;

--
-- AUTO_INCREMENT cho bảng `ci_service`
--
ALTER TABLE `ci_service`
  MODIFY `service_id` int(11) NOT NULL AUTO_INCREMENT, AUTO_INCREMENT=1144;

--
-- AUTO_INCREMENT cho bảng `ci_service_child`
--
ALTER TABLE `ci_service_child`
  MODIFY `service_child_id` int(10) NOT NULL AUTO_INCREMENT, AUTO_INCREMENT=9290;

--
-- AUTO_INCREMENT cho bảng `ci_service_usage`
--
ALTER TABLE `ci_service_usage`
  MODIFY `service_usage_id` int(10) UNSIGNED NOT NULL AUTO_INCREMENT, AUTO_INCREMENT=548393;

--
-- AUTO_INCREMENT cho bảng `ci_subject`
--
ALTER TABLE `ci_subject`
  MODIFY `subject_id` int(10) NOT NULL AUTO_INCREMENT, AUTO_INCREMENT=15;

--
-- AUTO_INCREMENT cho bảng `ci_tuition`
--
ALTER TABLE `ci_tuition`
  MODIFY `tuition_id` int(10) NOT NULL AUTO_INCREMENT, AUTO_INCREMENT=4847;

--
-- AUTO_INCREMENT cho bảng `ci_tuition_4leave`
--
ALTER TABLE `ci_tuition_4leave`
  MODIFY `tuition_4leave_id` int(10) NOT NULL AUTO_INCREMENT, AUTO_INCREMENT=9002;

--
-- AUTO_INCREMENT cho bảng `ci_tuition_child`
--
ALTER TABLE `ci_tuition_child`
  MODIFY `tuition_child_id` int(10) NOT NULL AUTO_INCREMENT, AUTO_INCREMENT=89602;

--
-- AUTO_INCREMENT cho bảng `ci_user_birthday`
--
ALTER TABLE `ci_user_birthday`
  MODIFY `user_birthday_id` int(10) UNSIGNED NOT NULL AUTO_INCREMENT, AUTO_INCREMENT=385;

--
-- AUTO_INCREMENT cho bảng `ci_user_manage`
--
ALTER TABLE `ci_user_manage`
  MODIFY `user_manage_id` int(10) UNSIGNED NOT NULL AUTO_INCREMENT, AUTO_INCREMENT=27985;

--
-- AUTO_INCREMENT cho bảng `ci_user_review`
--
ALTER TABLE `ci_user_review`
  MODIFY `user_review_id` int(10) UNSIGNED NOT NULL AUTO_INCREMENT, AUTO_INCREMENT=43542;

--
-- AUTO_INCREMENT cho bảng `contacts`
--
ALTER TABLE `contacts`
  MODIFY `id_contact` int(11) NOT NULL AUTO_INCREMENT, AUTO_INCREMENT=214;

--
-- AUTO_INCREMENT cho bảng `conversations`
--
ALTER TABLE `conversations`
  MODIFY `conversation_id` int(10) UNSIGNED NOT NULL AUTO_INCREMENT;

--
-- AUTO_INCREMENT cho bảng `conversations_messages`
--
ALTER TABLE `conversations_messages`
  MODIFY `message_id` int(10) UNSIGNED NOT NULL AUTO_INCREMENT;

--
-- AUTO_INCREMENT cho bảng `custom_fields`
--
ALTER TABLE `custom_fields`
  MODIFY `field_id` int(10) UNSIGNED NOT NULL AUTO_INCREMENT;

--
-- AUTO_INCREMENT cho bảng `custom_fields_values`
--
ALTER TABLE `custom_fields_values`
  MODIFY `value_id` int(10) UNSIGNED NOT NULL AUTO_INCREMENT;

--
-- AUTO_INCREMENT cho bảng `emojis`
--
ALTER TABLE `emojis`
  MODIFY `emoji_id` int(10) UNSIGNED NOT NULL AUTO_INCREMENT, AUTO_INCREMENT=152;

--
-- AUTO_INCREMENT cho bảng `events`
--
ALTER TABLE `events`
  MODIFY `event_id` int(10) UNSIGNED NOT NULL AUTO_INCREMENT;

--
-- AUTO_INCREMENT cho bảng `events_categories`
--
ALTER TABLE `events_categories`
  MODIFY `category_id` int(10) UNSIGNED NOT NULL AUTO_INCREMENT;

--
-- AUTO_INCREMENT cho bảng `events_members`
--
ALTER TABLE `events_members`
  MODIFY `id` int(10) UNSIGNED NOT NULL AUTO_INCREMENT;

--
-- AUTO_INCREMENT cho bảng `followings`
--
ALTER TABLE `followings`
  MODIFY `id` int(10) UNSIGNED NOT NULL AUTO_INCREMENT, AUTO_INCREMENT=56659;

--
-- AUTO_INCREMENT cho bảng `forums`
--
ALTER TABLE `forums`
  MODIFY `forum_id` int(10) UNSIGNED NOT NULL AUTO_INCREMENT;

--
-- AUTO_INCREMENT cho bảng `forums_replies`
--
ALTER TABLE `forums_replies`
  MODIFY `reply_id` int(10) UNSIGNED NOT NULL AUTO_INCREMENT;

--
-- AUTO_INCREMENT cho bảng `forums_threads`
--
ALTER TABLE `forums_threads`
  MODIFY `thread_id` int(10) UNSIGNED NOT NULL AUTO_INCREMENT;

--
-- AUTO_INCREMENT cho bảng `friends`
--
ALTER TABLE `friends`
  MODIFY `id` int(10) UNSIGNED NOT NULL AUTO_INCREMENT, AUTO_INCREMENT=29985;

--
-- AUTO_INCREMENT cho bảng `games`
--
ALTER TABLE `games`
  MODIFY `game_id` int(10) NOT NULL AUTO_INCREMENT;

--
-- AUTO_INCREMENT cho bảng `game_players`
--
ALTER TABLE `game_players`
  MODIFY `id` int(10) UNSIGNED NOT NULL AUTO_INCREMENT;

--
-- AUTO_INCREMENT cho bảng `groups`
--
ALTER TABLE `groups`
  MODIFY `group_id` int(10) UNSIGNED NOT NULL AUTO_INCREMENT, AUTO_INCREMENT=10840;

--
-- AUTO_INCREMENT cho bảng `groups_admins`
--
ALTER TABLE `groups_admins`
  MODIFY `id` int(10) UNSIGNED NOT NULL AUTO_INCREMENT, AUTO_INCREMENT=365;

--
-- AUTO_INCREMENT cho bảng `groups_categories`
--
ALTER TABLE `groups_categories`
  MODIFY `category_id` int(10) UNSIGNED NOT NULL AUTO_INCREMENT, AUTO_INCREMENT=7;

--
-- AUTO_INCREMENT cho bảng `groups_members`
--
ALTER TABLE `groups_members`
  MODIFY `id` int(10) UNSIGNED NOT NULL AUTO_INCREMENT, AUTO_INCREMENT=51005;

--
-- AUTO_INCREMENT cho bảng `notifications`
--
ALTER TABLE `notifications`
  MODIFY `notification_id` int(10) UNSIGNED NOT NULL AUTO_INCREMENT, AUTO_INCREMENT=6713647;

--
-- AUTO_INCREMENT cho bảng `packages`
--
ALTER TABLE `packages`
  MODIFY `package_id` int(10) NOT NULL AUTO_INCREMENT;

--
-- AUTO_INCREMENT cho bảng `packages_payments`
--
ALTER TABLE `packages_payments`
  MODIFY `payment_id` int(10) NOT NULL AUTO_INCREMENT;

--
-- AUTO_INCREMENT cho bảng `pages`
--
ALTER TABLE `pages`
  MODIFY `page_id` int(10) UNSIGNED NOT NULL AUTO_INCREMENT, AUTO_INCREMENT=691;

--
-- AUTO_INCREMENT cho bảng `pages_admins`
--
ALTER TABLE `pages_admins`
  MODIFY `id` int(10) UNSIGNED NOT NULL AUTO_INCREMENT, AUTO_INCREMENT=486;

--
-- AUTO_INCREMENT cho bảng `pages_categories`
--
ALTER TABLE `pages_categories`
  MODIFY `category_id` int(10) UNSIGNED NOT NULL AUTO_INCREMENT, AUTO_INCREMENT=8;

--
-- AUTO_INCREMENT cho bảng `pages_invites`
--
ALTER TABLE `pages_invites`
  MODIFY `id` int(10) UNSIGNED NOT NULL AUTO_INCREMENT, AUTO_INCREMENT=12;

--
-- AUTO_INCREMENT cho bảng `pages_likes`
--
ALTER TABLE `pages_likes`
  MODIFY `id` int(10) UNSIGNED NOT NULL AUTO_INCREMENT, AUTO_INCREMENT=23065;

--
-- AUTO_INCREMENT cho bảng `posts`
--
ALTER TABLE `posts`
  MODIFY `post_id` int(10) UNSIGNED NOT NULL AUTO_INCREMENT, AUTO_INCREMENT=58623;

--
-- AUTO_INCREMENT cho bảng `posts_articles`
--
ALTER TABLE `posts_articles`
  MODIFY `article_id` int(10) UNSIGNED NOT NULL AUTO_INCREMENT;

--
-- AUTO_INCREMENT cho bảng `posts_audios`
--
ALTER TABLE `posts_audios`
  MODIFY `audio_id` int(10) UNSIGNED NOT NULL AUTO_INCREMENT, AUTO_INCREMENT=2;

--
-- AUTO_INCREMENT cho bảng `posts_comments`
--
ALTER TABLE `posts_comments`
  MODIFY `comment_id` int(10) UNSIGNED NOT NULL AUTO_INCREMENT, AUTO_INCREMENT=6288;

--
-- AUTO_INCREMENT cho bảng `posts_comments_likes`
--
ALTER TABLE `posts_comments_likes`
  MODIFY `id` int(10) UNSIGNED NOT NULL AUTO_INCREMENT, AUTO_INCREMENT=1214;

--
-- AUTO_INCREMENT cho bảng `posts_files`
--
ALTER TABLE `posts_files`
  MODIFY `file_id` int(10) UNSIGNED NOT NULL AUTO_INCREMENT, AUTO_INCREMENT=13;

--
-- AUTO_INCREMENT cho bảng `posts_hidden`
--
ALTER TABLE `posts_hidden`
  MODIFY `id` int(10) UNSIGNED NOT NULL AUTO_INCREMENT, AUTO_INCREMENT=316;

--
-- AUTO_INCREMENT cho bảng `posts_likes`
--
ALTER TABLE `posts_likes`
  MODIFY `id` int(10) UNSIGNED NOT NULL AUTO_INCREMENT, AUTO_INCREMENT=79200;

--
-- AUTO_INCREMENT cho bảng `posts_links`
--
ALTER TABLE `posts_links`
  MODIFY `link_id` int(10) UNSIGNED NOT NULL AUTO_INCREMENT, AUTO_INCREMENT=18;

--
-- AUTO_INCREMENT cho bảng `posts_media`
--
ALTER TABLE `posts_media`
  MODIFY `media_id` int(10) UNSIGNED NOT NULL AUTO_INCREMENT, AUTO_INCREMENT=90;

--
-- AUTO_INCREMENT cho bảng `posts_photos`
--
ALTER TABLE `posts_photos`
  MODIFY `photo_id` int(10) UNSIGNED NOT NULL AUTO_INCREMENT, AUTO_INCREMENT=280805;

--
-- AUTO_INCREMENT cho bảng `posts_photos_albums`
--
ALTER TABLE `posts_photos_albums`
  MODIFY `album_id` int(10) UNSIGNED NOT NULL AUTO_INCREMENT, AUTO_INCREMENT=5589;

--
-- AUTO_INCREMENT cho bảng `posts_photos_likes`
--
ALTER TABLE `posts_photos_likes`
  MODIFY `id` int(10) UNSIGNED NOT NULL AUTO_INCREMENT, AUTO_INCREMENT=169;

--
-- AUTO_INCREMENT cho bảng `posts_polls`
--
ALTER TABLE `posts_polls`
  MODIFY `poll_id` int(10) UNSIGNED NOT NULL AUTO_INCREMENT;

--
-- AUTO_INCREMENT cho bảng `posts_polls_options`
--
ALTER TABLE `posts_polls_options`
  MODIFY `option_id` int(10) UNSIGNED NOT NULL AUTO_INCREMENT;

--
-- AUTO_INCREMENT cho bảng `posts_polls_options_users`
--
ALTER TABLE `posts_polls_options_users`
  MODIFY `id` int(10) UNSIGNED NOT NULL AUTO_INCREMENT;

--
-- AUTO_INCREMENT cho bảng `posts_products`
--
ALTER TABLE `posts_products`
  MODIFY `product_id` int(10) UNSIGNED NOT NULL AUTO_INCREMENT;

--
-- AUTO_INCREMENT cho bảng `posts_saved`
--
ALTER TABLE `posts_saved`
  MODIFY `id` int(10) UNSIGNED NOT NULL AUTO_INCREMENT, AUTO_INCREMENT=1186;

--
-- AUTO_INCREMENT cho bảng `posts_videos`
--
ALTER TABLE `posts_videos`
  MODIFY `video_id` int(10) UNSIGNED NOT NULL AUTO_INCREMENT, AUTO_INCREMENT=7634;

--
-- AUTO_INCREMENT cho bảng `reports`
--
ALTER TABLE `reports`
  MODIFY `report_id` int(10) NOT NULL AUTO_INCREMENT, AUTO_INCREMENT=1201;

--
-- AUTO_INCREMENT cho bảng `static_pages`
--
ALTER TABLE `static_pages`
  MODIFY `page_id` int(10) NOT NULL AUTO_INCREMENT, AUTO_INCREMENT=4;

--
-- AUTO_INCREMENT cho bảng `stickers`
--
ALTER TABLE `stickers`
  MODIFY `sticker_id` int(10) UNSIGNED NOT NULL AUTO_INCREMENT, AUTO_INCREMENT=19;

--
-- AUTO_INCREMENT cho bảng `stories`
--
ALTER TABLE `stories`
  MODIFY `story_id` int(10) UNSIGNED NOT NULL AUTO_INCREMENT;

--
-- AUTO_INCREMENT cho bảng `stories_media`
--
ALTER TABLE `stories_media`
  MODIFY `media_id` int(10) UNSIGNED NOT NULL AUTO_INCREMENT;

--
-- AUTO_INCREMENT cho bảng `system_countries`
--
ALTER TABLE `system_countries`
  MODIFY `country_id` int(10) UNSIGNED NOT NULL AUTO_INCREMENT, AUTO_INCREMENT=246;

--
-- AUTO_INCREMENT cho bảng `system_languages`
--
ALTER TABLE `system_languages`
  MODIFY `language_id` int(10) UNSIGNED NOT NULL AUTO_INCREMENT, AUTO_INCREMENT=4;

--
-- AUTO_INCREMENT cho bảng `system_options`
--
ALTER TABLE `system_options`
  MODIFY `id` int(10) UNSIGNED NOT NULL AUTO_INCREMENT, AUTO_INCREMENT=2;

--
-- AUTO_INCREMENT cho bảng `system_themes`
--
ALTER TABLE `system_themes`
  MODIFY `theme_id` int(10) UNSIGNED NOT NULL AUTO_INCREMENT, AUTO_INCREMENT=2;

--
-- AUTO_INCREMENT cho bảng `users`
--
ALTER TABLE `users`
  MODIFY `user_id` int(10) UNSIGNED NOT NULL AUTO_INCREMENT, AUTO_INCREMENT=28105;

--
-- AUTO_INCREMENT cho bảng `users_blocks`
--
ALTER TABLE `users_blocks`
  MODIFY `id` int(10) UNSIGNED NOT NULL AUTO_INCREMENT, AUTO_INCREMENT=9;

--
-- AUTO_INCREMENT cho bảng `users_online`
--
ALTER TABLE `users_online`
  MODIFY `id` int(10) UNSIGNED NOT NULL AUTO_INCREMENT, AUTO_INCREMENT=2;

--
-- AUTO_INCREMENT cho bảng `users_searches`
--
ALTER TABLE `users_searches`
  MODIFY `log_id` int(10) UNSIGNED NOT NULL AUTO_INCREMENT;

--
-- AUTO_INCREMENT cho bảng `users_sessions`
--
ALTER TABLE `users_sessions`
  MODIFY `session_id` int(10) UNSIGNED NOT NULL AUTO_INCREMENT, AUTO_INCREMENT=70526;

--
-- AUTO_INCREMENT cho bảng `verification_requests`
--
ALTER TABLE `verification_requests`
  MODIFY `request_id` int(10) UNSIGNED NOT NULL AUTO_INCREMENT;

--
-- AUTO_INCREMENT cho bảng `widgets`
--
ALTER TABLE `widgets`
  MODIFY `widget_id` int(10) UNSIGNED NOT NULL AUTO_INCREMENT, AUTO_INCREMENT=3;
COMMIT;

/*!40101 SET CHARACTER_SET_CLIENT=@OLD_CHARACTER_SET_CLIENT */;
/*!40101 SET CHARACTER_SET_RESULTS=@OLD_CHARACTER_SET_RESULTS */;
/*!40101 SET COLLATION_CONNECTION=@OLD_COLLATION_CONNECTION */;
